symbol,strategy_name,signal_date,entry_date,exit_date,entry_price,exit_price,quantity,allocated_capital,net_pnl,net_return_pct,days_held,total_costs,split
BAJFINANCE,RS Momentum Breakout,2025-10-15,2025-10-16,2025-10-31,1055.51,1036.428955078125,94,100000.0,-2029.3636753222672,-2.029363675322267,10,235.74545266601564,VALIDATION
BAJFINANCE,VCP Volatility Contraction Breakout,2025-10-15,2025-10-16,2025-10-31,1055.51,1036.428955078125,94,100000.0,-2029.3636753222672,-2.029363675322267,10,235.74545266601564,VALIDATION
BAJFINANCE,Donchian Channel Breakout,2025-10-15,2025-10-16,2025-10-31,1055.51,1036.428955078125,94,100000.0,-2029.3636753222672,-2.029363675322267,10,235.74545266601564,VALIDATION
ALKEM,Donchian Channel Breakout,2025-10-15,2025-10-16,2025-10-31,5511.62,5452.70556640625,18,100000.0,-1297.287434980477,-1.2972874349804768,10,236.82763029296876,VALIDATION
ALKEM,VCP Volatility Contraction Breakout,2025-10-15,2025-10-16,2025-10-31,5511.62,5452.70556640625,18,100000.0,-1297.287434980477,-1.2972874349804768,10,236.82763029296876,VALIDATION
ALKEM,RS Momentum Breakout,2025-10-15,2025-10-16,2025-10-31,5511.62,5452.70556640625,18,100000.0,-1297.287434980477,-1.2972874349804768,10,236.82763029296876,VALIDATION
BANKBARODA,VCP Volatility Contraction Breakout,2025-10-15,2025-10-16,2025-10-31,259.99,269.67755126953125,384,100000.0,3474.7673379687476,3.4747673379687476,10,245.25234953125002,VALIDATION
CEATLTD,True Connors RSI Mean Reversion,2025-10-15,2025-10-16,2025-10-31,3543.83,3991.953857421875,28,100000.0,12290.192325800788,12.290192325800788,10,257.2756820117188,VALIDATION
BSE,True Connors RSI Mean Reversion,2025-10-15,2025-10-16,2025-10-31,2462.31,2472.486083984375,40,100000.0,169.44799433594744,0.16944799433594743,10,237.59536503906247,VALIDATION
BSE,True NR7 Volatility Expansion Breakout,2025-10-15,2025-10-16,2025-10-31,2469.7933958555022,2472.486083984375,40,100000.0,-130.03750780125847,-0.13003750780125847,10,237.74503295617254,VALIDATION
ABCAPITAL,Donchian Channel Breakout,2025-10-30,2025-10-31,2025-11-17,326.95,334.79998779296875,305,100000.0,2151.2154074401915,2.1512154074401915,10,243.03086941528323,VALIDATION
ABCAPITAL,RS Momentum Breakout,2025-10-30,2025-10-31,2025-11-17,326.95,334.79998779296875,305,100000.0,2151.2154074401915,2.1512154074401915,10,243.03086941528323,VALIDATION
CANBK,RS Momentum Breakout,2025-10-30,2025-10-31,2025-11-17,127.19,144.3579559326172,786,100000.0,13233.82966299256,13.23382966299256,10,260.1837000445556,VALIDATION
CANBK,Donchian Channel Breakout,2025-10-30,2025-10-31,2025-11-17,127.19,144.3579559326172,786,100000.0,13233.82966299256,13.23382966299256,10,260.1837000445556,VALIDATION
BANKINDIA,RS Momentum Breakout,2025-10-30,2025-10-31,2025-11-17,134.41,142.68893432617188,743,100000.0,5902.288072039184,5.902288072039184,10,248.96013230651855,VALIDATION
APLAPOLLO,VCP Volatility Contraction Breakout,2025-10-30,2025-10-31,2025-11-17,1785.7,1777.699951171875,56,100000.0,-687.3291302734287,-0.6873291302734288,10,239.3263958984375,VALIDATION
APLAPOLLO,RS Momentum Breakout,2025-10-30,2025-10-31,2025-11-17,1785.7,1777.699951171875,56,100000.0,-687.3291302734287,-0.6873291302734288,10,239.3263958984375,VALIDATION
APLAPOLLO,True Connors RSI Mean Reversion,2025-10-30,2025-10-31,2025-11-17,1785.7,1777.699951171875,56,100000.0,-687.3291302734287,-0.6873291302734288,10,239.3263958984375,VALIDATION
AUBANK,True Connors RSI Mean Reversion,2025-10-30,2025-10-31,2025-11-17,877.4,911.8145141601562,113,100000.0,3644.714439947522,3.6447144399475215,10,244.12566015014647,VALIDATION
BANKBARODA,True Connors RSI Mean Reversion,2025-10-30,2025-10-31,2025-11-17,265.22,278.9283447265625,377,100000.0,4920.318012971184,4.920318012971184,10,247.7279489428711,VALIDATION
ADANIENSOL,RS Momentum Breakout,2025-11-14,2025-11-17,2025-12-01,1025.5,999.0999755859375,97,100000.0,-2795.908164611814,-2.795908164611814,10,235.1057964477539,VALIDATION
ASIANPAINT,RS Momentum Breakout,2025-11-14,2025-11-17,2025-12-01,2876.91,2842.934814453125,34,100000.0,-1389.0534541308734,-1.3890534541308734,10,233.8971455371094,VALIDATION
ASIANPAINT,Donchian Channel Breakout,2025-11-14,2025-11-17,2025-12-01,2876.91,2842.934814453125,34,100000.0,-1389.0534541308734,-1.3890534541308734,10,233.8971455371094,VALIDATION
CANBK,RS Momentum Breakout,2025-11-14,2025-11-17,2025-12-01,141.92,145.69387817382812,704,100000.0,2413.0016590234445,2.4130016590234447,10,243.8085753515625,VALIDATION
CANBK,Donchian Channel Breakout,2025-11-14,2025-11-17,2025-12-01,141.92,145.69387817382812,704,100000.0,2413.0016590234445,2.4130016590234447,10,243.8085753515625,VALIDATION
CCL,RS Momentum Breakout,2025-11-14,2025-11-17,2025-12-01,1062.63,981.5488891601562,94,100000.0,-7849.966422316909,-7.849966422316909,10,228.34200337158202,VALIDATION
BHARATFORG,VCP Volatility Contraction Breakout,2025-11-14,2025-11-17,2025-12-01,1396.16,1427.0338134765625,71,100000.0,1950.4979757006804,1.9504979757006804,10,241.54278113525393,VALIDATION
BHEL,True NR7 Volatility Expansion Breakout,2025-11-14,2025-11-17,2025-12-01,283.5852188178578,290.0643005371094,352,100000.0,2037.5718159810058,2.0375718159810057,10,243.06494919553674,VALIDATION
BHEL,True NR7 Volatility Expansion Breakout,2025-11-14,2025-11-17,2025-12-01,283.5852188178578,290.0643005371094,352,100000.0,2037.5718159810058,2.0375718159810057,10,243.06494919553674,VALIDATION
AUBANK,True NR7 Volatility Expansion Breakout,2025-11-14,2025-11-17,2025-12-01,894.1316744369963,949.5778198242188,111,100000.0,5906.793123049705,5.906793123049705,10,247.72901493198572,VALIDATION
CANBK,RS Momentum Breakout,2025-11-28,2025-12-01,2025-12-15,147.15,143.55445861816406,679,100000.0,-2677.5402393692057,-2.677540239369206,10,236.1676411026001,VALIDATION
ABCAPITAL,Donchian Channel Breakout,2025-11-28,2025-12-01,2025-12-15,358.0,351.79998779296875,279,100000.0,-1966.9727006530884,-1.9669727006530886,10,237.16929489135742,VALIDATION
ABCAPITAL,VCP Volatility Contraction Breakout,2025-11-28,2025-12-01,2025-12-15,358.0,351.79998779296875,279,100000.0,-1966.9727006530884,-1.9669727006530886,10,237.16929489135742,VALIDATION
ABCAPITAL,RS Momentum Breakout,2025-11-28,2025-12-01,2025-12-15,358.0,351.79998779296875,279,100000.0,-1966.9727006530884,-1.9669727006530886,10,237.16929489135742,VALIDATION
AUBANK,VCP Volatility Contraction Breakout,2025-11-28,2025-12-01,2025-12-15,954.47,978.1001586914062,104,100000.0,2215.3204391503823,2.215320439150382,10,242.21606475585938,VALIDATION
AUBANK,RS Momentum Breakout,2025-11-28,2025-12-01,2025-12-15,954.47,978.1001586914062,104,100000.0,2215.3204391503823,2.215320439150382,10,242.21606475585938,VALIDATION
ASHOKLEY,RS Momentum Breakout,2025-11-28,2025-12-01,2025-12-15,155.61,164.02195739746094,642,100000.0,5152.572694196162,5.152572694196162,10,247.90395497375488,VALIDATION
CANBK,True NR7 Volatility Expansion Breakout,2025-11-28,2025-12-01,2025-12-15,147.47511972859783,143.55445861816406,678,100000.0,-2894.1971828767564,-2.8941971828767565,10,235.98895000266754,VALIDATION
CANBK,True NR7 Volatility Expansion Breakout,2025-11-28,2025-12-01,2025-12-15,147.47511972859783,143.55445861816406,678,100000.0,-2894.1971828767564,-2.8941971828767565,10,235.98895000266754,VALIDATION
AUBANK,True NR7 Volatility Expansion Breakout,2025-11-28,2025-12-01,2025-12-15,955.3722113106021,978.1001586914062,104,100000.0,2121.4435478596133,2.121443547859613,10,242.2629797440107,VALIDATION
ABCAPITAL,RS Momentum Breakout,2025-12-12,2025-12-15,2025-12-30,362.7,349.29998779296875,275,100000.0,-3918.960851898184,-3.9189608518981838,10,233.95749496459962,VALIDATION
AUBANK,VCP Volatility Contraction Breakout,2025-12-12,2025-12-15,2025-12-30,964.06,995.4832763671875,103,100000.0,2993.1462096215837,2.9931462096215835,10,243.45125619873048,VALIDATION
AUBANK,RS Momentum Breakout,2025-12-12,2025-12-15,2025-12-30,964.06,995.4832763671875,103,100000.0,2993.1462096215837,2.9931462096215835,10,243.45125619873048,VALIDATION
ADANIENSOL,VCP Volatility Contraction Breakout,2025-12-12,2025-12-15,2025-12-30,1014.4,1024.1500244140625,98,100000.0,715.2467389892554,0.7152467389892554,10,240.2556535888672,VALIDATION
ADANIENSOL,RS Momentum Breakout,2025-12-12,2025-12-15,2025-12-30,1014.4,1024.1500244140625,98,100000.0,715.2467389892554,0.7152467389892554,10,240.2556535888672,VALIDATION
ANURAS,RS Momentum Breakout,2025-12-12,2025-12-15,2025-12-30,1312.7,1314.199951171875,76,100000.0,-125.7051053710893,-0.1257051053710893,10,239.70139443359375,VALIDATION
ASHOKLEY,Donchian Channel Breakout,2025-12-12,2025-12-15,2025-12-30,161.05,175.6338653564453,620,100000.0,8788.7315262146,8.788731526214601,10,253.26499478149412,VALIDATION
AUBANK,True Connors RSI Mean Reversion,2025-12-12,2025-12-15,2025-12-30,964.06,995.4832763671875,103,100000.0,2993.1462096215837,2.9931462096215835,10,243.45125619873048,VALIDATION
CANFINHOME,True NR7 Volatility Expansion Breakout,2025-12-12,2025-12-15,2025-12-30,903.765959153252,918.7947998046875,110,100000.0,1411.8642019367107,1.4118642019367107,10,241.3082697212023,VALIDATION
CANFINHOME,True NR7 Volatility Expansion Breakout,2025-12-12,2025-12-15,2025-12-30,903.765959153252,918.7947998046875,110,100000.0,1411.8642019367107,1.4118642019367107,10,241.3082697212023,VALIDATION
BHARATFORG,RS Momentum Breakout,2026-02-18,2026-02-19,2026-03-06,1774.42,1918.08056640625,56,100000.0,7794.18919117187,7.79418919117187,10,250.802527578125,TEST
APARINDS,Donchian Channel Breakout,2026-02-18,2026-02-19,2026-03-06,10200.0,10394.0,9,100000.0,1519.7810000000027,1.5197810000000027,10,226.21900000000002,TEST
APARINDS,RS Momentum Breakout,2026-02-18,2026-02-19,2026-03-06,10200.0,10394.0,9,100000.0,1519.7810000000027,1.5197810000000027,10,226.21900000000002,TEST
AJANTPHARM,VCP Volatility Contraction Breakout,2026-02-18,2026-02-19,2026-03-06,2948.98,2964.83935546875,33,100000.0,287.9410123730486,0.2879410123730486,10,235.41771809570315,TEST
AJANTPHARM,RS Momentum Breakout,2026-02-18,2026-02-19,2026-03-06,2948.98,2964.83935546875,33,100000.0,287.9410123730486,0.2879410123730486,10,235.41771809570315,TEST
BLUESTARCO,RS Momentum Breakout,2026-02-18,2026-02-19,2026-03-06,2006.86,1938.99072265625,49,100000.0,-3557.2784779589856,-3.5572784779589854,10,231.68388811523437,TEST
BLUESTARCO,Donchian Channel Breakout,2026-02-18,2026-02-19,2026-03-06,2006.86,1938.99072265625,49,100000.0,-3557.2784779589856,-3.5572784779589854,10,231.68388811523437,TEST
BHARATFORG,True NR7 Volatility Expansion Breakout,2026-02-18,2026-02-19,2026-03-06,1774.41647512921,1918.08056640625,56,100000.0,7794.386682632496,7.794386682632496,10,250.80242888174286,TEST
BHARATFORG,True NR7 Volatility Expansion Breakout,2026-02-18,2026-02-19,2026-03-06,1774.41647512921,1918.08056640625,56,100000.0,7794.386682632496,7.794386682632496,10,250.80242888174286,TEST
AJANTPHARM,True NR7 Volatility Expansion Breakout,2026-02-18,2026-02-19,2026-03-06,2952.9484859060485,2964.83935546875,33,100000.0,156.91549745599332,0.1569154974559933,10,235.48319811315292,TEST
BALAMINES,RS Momentum Breakout,2026-05-25,2026-05-26,2026-06-09,1920.49,2231.046875,52,100000.0,15885.003103750001,15.88500310375,10,263.95439624999995,TEST
BALAMINES,Donchian Channel Breakout,2026-05-25,2026-05-26,2026-06-09,1920.49,2231.046875,52,100000.0,15885.003103750001,15.88500310375,10,263.95439624999995,TEST
BSE,RS Momentum Breakout,2026-05-25,2026-05-26,2026-06-09,4288.7,3985.79931640625,23,100000.0,-7193.545849072252,-7.193545849072253,10,226.83012641601562,TEST
BSE,Donchian Channel Breakout,2026-05-25,2026-05-26,2026-06-09,4288.7,3985.79931640625,23,100000.0,-7193.545849072252,-7.193545849072253,10,226.83012641601562,TEST
ADANIENT,Donchian Channel Breakout,2026-05-25,2026-05-26,2026-06-09,2844.73,2978.568115234375,35,100000.0,4438.176432153312,4.438176432153312,10,246.15760104980473,TEST
ADANIENT,RS Momentum Breakout,2026-05-25,2026-05-26,2026-06-09,2844.73,2978.568115234375,35,100000.0,4438.176432153312,4.438176432153312,10,246.15760104980473,TEST
ANGELONE,Donchian Channel Breakout,2026-05-25,2026-05-26,2026-06-09,345.93,336.50927734375,289,100000.0,-2958.4525043847825,-2.9584525043847827,10,235.86365672851562,TEST
ANURAS,True Connors RSI Mean Reversion,2026-05-25,2026-05-26,2026-06-09,1374.9,1267.199951171875,72,100000.0,-7980.75751035157,-7.98075751035157,10,226.3539947265625,TEST
AUROPHARMA,True Connors RSI Mean Reversion,2026-05-25,2026-05-26,2026-06-09,1450.0,1449.0,68,100000.0,-305.09799999999814,-0.30509799999999815,10,237.098,TEST
BIOCON,True NR7 Volatility Expansion Breakout,2026-05-25,2026-05-26,2026-06-09,431.983401715513,415.8526916503906,231,100000.0,-3960.1810655982845,-3.9601810655982845,10,233.98704055500212,TEST
AIAENG,Donchian Channel Breakout,2026-06-30,2026-07-01,2026-07-15,5080.0,4828.5,19,100000.0,-5004.37225,-5.00437225,10,225.87225,TEST
AIAENG,RS Momentum Breakout,2026-06-30,2026-07-01,2026-07-15,5080.0,4828.5,19,100000.0,-5004.37225,-5.00437225,10,225.87225,TEST
AUROPHARMA,Donchian Channel Breakout,2026-06-30,2026-07-01,2026-07-15,1578.7,1550.199951171875,63,100000.0,-2031.7260215576243,-2.0317260215576245,10,236.2229453857422,TEST
AUROPHARMA,RS Momentum Breakout,2026-06-30,2026-07-01,2026-07-15,1578.7,1550.199951171875,63,100000.0,-2031.7260215576243,-2.0317260215576245,10,236.2229453857422,TEST
AUROPHARMA,VCP Volatility Contraction Breakout,2026-06-30,2026-07-01,2026-07-15,1578.7,1550.199951171875,63,100000.0,-2031.7260215576243,-2.0317260215576245,10,236.2229453857422,TEST
BHEL,RS Momentum Breakout,2026-06-30,2026-07-01,2026-07-15,414.76,416.6061096191406,241,100000.0,204.3307295855775,0.20433072958557752,10,240.58168862731932,TEST
BHARATFORG,RS Momentum Breakout,2026-06-30,2026-07-01,2026-07-15,2144.49,2100.39990234375,46,100000.0,-2262.3953554492036,-2.262395355449204,10,234.25086326171876,TEST
ADANIGREEN,True Connors RSI Mean Reversion,2026-06-30,2026-07-01,2026-07-15,1492.2,1555.4000244140625,67,100000.0,3988.0952332885645,3.988095233288565,10,246.30640245361332,TEST
APARINDS,True Connors RSI Mean Reversion,2026-06-30,2026-07-01,2026-07-15,15849.0,14136.0,6,100000.0,-10492.771000000008,-10.492771000000008,10,214.771,TEST
AXISBANK,True Connors RSI Mean Reversion,2026-06-30,2026-07-01,2026-07-15,1344.66,1312.300048828125,74,100000.0,-2630.0541121386923,-2.630054112138692,10,235.41772541992188,TEST
