publication_date,title,url,document_type,effective_date,contains_nifty500,source,status,filename
2026-08-03,Meeting of the Index Maintenance Sub-Committee (Equity),https://www.niftyindices.com/Press_Release/ind_prs03082026.pdf,PDF,,True,NSE Indices,DISCOVERED,ind_prs03082026.pdf
2026-07-17,"Replacements in indices w.e.f. July 31, 2026",https://www.niftyindices.com/Press_Release/ind_prs17072026_1.pdf,PDF,,True,NSE Indices,DISCOVERED,ind_prs17072026_1.pdf
2026-07-13,"Replacement in indices w.e.f. July 17, 2026",https://www.niftyindices.com/Press_Release/ind_prs13072026_1.pdf,PDF,,True,NSE Indices,DISCOVERED,ind_prs13072026_1.pdf
2026-07-13,Revision in criteria in Nifty equity indices,https://www.niftyindices.com/Press_Release/ind_prs13072026.pdf,PDF,,False,NSE Indices,DISCOVERED,ind_prs13072026.pdf
2026-07-10,NSE Indices launches Nifty500 Ahimsa Index,https://www.niftyindices.com/Press_Release/ind_prs10072026_1.pdf,PDF,,True,NSE Indices,DISCOVERED,ind_prs10072026_1.pdf
2026-06-24,Replacement in Nifty Smallcap 500 w.e.f. July 01 2026,https://www.niftyindices.com/Press_Release/ind_prs24062026_1.pdf,PDF,,True,NSE Indices,DISCOVERED,ind_prs24062026_1.pdf
2026-06-24,"Replacements in Nifty IPO w.e.f. June 30, 2026",https://www.niftyindices.com/Press_Release/ind_prs24062026.pdf,PDF,,True,NSE Indices,DISCOVERED,ind_prs24062026.pdf
2026-06-17,"Replacement in Indices w.e.f. June 30, 2026",https://www.niftyindices.com/Press_Release/ind_prs17062026_2.pdf,PDF,,True,NSE Indices,DISCOVERED,ind_prs17062026_2.pdf
2026-06-10,Revision in criteria and replacements in indices,https://www.niftyindices.com/Press_Release/ind_prs10062026.pdf,PDF,,True,NSE Indices,DISCOVERED,ind_prs10062026.pdf
2026-05-21,"Replacements in indices w.e.f. May 29, 2026",https://www.niftyindices.com/Press_Release/ind_prs21052026_1.pdf,PDF,,True,NSE Indices,DISCOVERED,ind_prs21052026_1.pdf
2026-05-20,"Replacement in indices w.e.f. May 29, 2026",https://www.niftyindices.com/Press_Release/ind_prs20052026_1.pdf,PDF,,True,NSE Indices,DISCOVERED,ind_prs20052026_1.pdf
2026-05-08,"Replacement in indices w.e.f. May 15, 2026",https://www.niftyindices.com/Press_Release/ind_prs08052026.pdf,PDF,,True,NSE Indices,DISCOVERED,ind_prs08052026.pdf
2026-05-04,"Replacement in indices w.e.f. May 12, 2026",https://www.niftyindices.com/Press_Release/ind_prs04052026.pdf,PDF,,True,NSE Indices,DISCOVERED,ind_prs04052026.pdf
2026-04-23,"Corporate Adjustment for Vedanta Ltd. and Replacement in Nifty Indices w.e.f. April 30, 2026",https://www.niftyindices.com/Press_Release/ind_prs23042026.pdf,PDF,,True,NSE Indices,DISCOVERED,ind_prs23042026.pdf
2026-03-24,"Replacements in Nifty IPO w.e.f. March 30, 2026",https://www.niftyindices.com/Press_Release/ind_prs24032026.pdf,PDF,,True,NSE Indices,DISCOVERED,ind_prs24032026.pdf
2026-03-12,Revision in Criteria and replacements in indices,https://www.niftyindices.com/Press_Release/ind_prs12032026.pdf,PDF,,True,NSE Indices,DISCOVERED,ind_prs12032026.pdf
2026-03-02,"Replacement in ESG indices w.e.f. March 30, 2026",https://www.niftyindices.com/Press_Release/ind_prs02032026_2.pdf,PDF,,True,NSE Indices,DISCOVERED,ind_prs02032026_2.pdf
2026-02-23,"Replacements in indices w.e.f. March 30, 2026",https://www.niftyindices.com/Press_Release/ind_prs23022026.pdf,PDF,,True,NSE Indices,DISCOVERED,ind_prs23022026.pdf
2026-02-20,"Replacements in indices w.e.f. February 27, 2026",https://www.niftyindices.com/Press_Release/ind_prs20022026_2.pdf,PDF,,True,NSE Indices,DISCOVERED,ind_prs20022026_2.pdf
2026-02-16,Meeting of the Index Maintenance Sub-Committee (Equity),https://www.niftyindices.com/Press_Release/ind_prs16022026.pdf,PDF,,True,NSE Indices,DISCOVERED,ind_prs16022026.pdf
2026-01-23,NSE Indices launches Nifty Smallcap 500 Index,https://www.niftyindices.com/Press_Release/ind_prs23012026.pdf,PDF,,True,NSE Indices,DISCOVERED,ind_prs23012026.pdf
2026-01-20,"Replacement in indices w.e.f. January 30, 2026",https://www.niftyindices.com/Press_Release/ind_prs20012026_2.pdf,PDF,,True,NSE Indices,DISCOVERED,ind_prs20012026_2.pdf
2025-12-26,"Replacements in Nifty IPO index w.e.f. December 31, 2025",https://www.niftyindices.com/Press_Release/ind_prs26122025.pdf,PDF,,True,NSE Indices,DISCOVERED,ind_prs26122025.pdf
2025-12-23,"Replacement in indices w.e.f. December 26, 2025",https://www.niftyindices.com/Press_Release/ind_prs23122025.pdf,PDF,,True,NSE Indices,DISCOVERED,ind_prs23122025.pdf
2025-12-11,"Replacements in indices w.e.f. December 31, 2025",https://www.niftyindices.com/Press_Release/ind_prs11122025.pdf,PDF,,True,NSE Indices,DISCOVERED,ind_prs11122025.pdf
2025-11-17,"Replacements in indices w.e.f. November 28, 2025",https://www.niftyindices.com/Press_Release/ind_prs17112025_1.pdf,PDF,,True,NSE Indices,DISCOVERED,ind_prs17112025_1.pdf
2025-10-20,"Replacement in indices w.e.f. October 28, 2025",https://www.niftyindices.com/Press_Release/ind_prs20102025.pdf,PDF,,True,NSE Indices,DISCOVERED,ind_prs20102025.pdf
2025-10-17,"Replacements in indices w.e.f. October 31, 2025",https://www.niftyindices.com/Press_Release/ind_prs17102025.pdf,PDF,,True,NSE Indices,DISCOVERED,ind_prs17102025.pdf
2025-09-25,"Replacements in Nifty IPO w.e.f. September 30, 2025",https://www.niftyindices.com/Press_Release/ind_prs25092025_1.pdf,PDF,,True,NSE Indices,DISCOVERED,ind_prs25092025_1.pdf
2025-09-15,"Replacements in indices w.e.f. September 23, 2025",https://www.niftyindices.com/Press_Release/ind_prs15092025_1.pdf,PDF,,True,NSE Indices,DISCOVERED,ind_prs15092025_1.pdf
2025-09-15,"Replacements in indices w.e.f. September 30, 2025",https://www.niftyindices.com/Press_Release/ind_prs15092025.pdf,PDF,,True,NSE Indices,DISCOVERED,ind_prs15092025.pdf
2025-08-22,"Replacements in indices w.e.f. August 29, 2025",https://www.niftyindices.com/Press_Release/ind_prs22082025_1.pdf,PDF,,True,NSE Indices,DISCOVERED,ind_prs22082025_1.pdf
2025-08-22,"Replacements in indices w.e.f. September 30, 2025",https://www.niftyindices.com/Press_Release/ind_prs22082025.pdf,PDF,,True,NSE Indices,DISCOVERED,ind_prs22082025.pdf
2025-08-14,Meeting of the Index Maintenance Sub-Committee (Equity),https://www.niftyindices.com/Press_Release/ind_prs14082025.pdf,PDF,,True,NSE Indices,DISCOVERED,ind_prs14082025.pdf
2025-07-24,"Replacements in indices w.e.f. July 31, 2025",https://www.niftyindices.com/Press_Release/ind_prs24072025.pdf,PDF,,True,NSE Indices,DISCOVERED,ind_prs24072025.pdf
2025-07-15,"Corporate Action Adjustment for Valor Estate Ltd. in Nifty indices and Replacement in Nifty IPO w.e.f. July 18, 2025",https://www.niftyindices.com/Press_Release/ind_prs15072025.pdf,PDF,,True,NSE Indices,DISCOVERED,ind_prs15072025.pdf
2025-07-10,"Replacement in Nifty IPO w.e.f. July 15, 2025",https://www.niftyindices.com/Press_Release/ind_prs10072025.pdf,PDF,,True,NSE Indices,DISCOVERED,ind_prs10072025.pdf
2025-07-04,"Replacement in Nifty IPO w.e.f. July 09, 2025",https://www.niftyindices.com/Press_Release/ind_prs04072025.pdf,PDF,,True,NSE Indices,DISCOVERED,ind_prs04072025.pdf
2025-07-03,"Replacements in Nifty IPO w.e.f. July 08, 2025",https://www.niftyindices.com/Press_Release/ind_prs03072025.pdf,PDF,,True,NSE Indices,DISCOVERED,ind_prs03072025.pdf
2025-07-03,"Replacements in Nifty SME Emerge index w.e.f. July 10, 2025",https://www.niftyindices.com/Press_Release/ind_prs03072025_1.pdf,PDF,,True,NSE Indices,DISCOVERED,ind_prs03072025_1.pdf
2025-07-02,"Replacements in Nifty IPO w.e.f. July 07, 2025",https://www.niftyindices.com/Press_Release/ind_prs02072025.pdf,PDF,,True,NSE Indices,DISCOVERED,ind_prs02072025.pdf
2025-06-26,"Replacement in Nifty IPO w.e.f. July 01, 2025",https://www.niftyindices.com/Press_Release/ind_prs26062025_1.pdf,PDF,,True,NSE Indices,DISCOVERED,ind_prs26062025_1.pdf
2025-06-26,"Replacement in Nifty SME Emerge w.e.f. June 30, 2025",https://www.niftyindices.com/Press_Release/ind_prs26062025.pdf,PDF,,True,NSE Indices,DISCOVERED,ind_prs26062025.pdf
2025-06-25,NSE Indices launches Nifty500 Healthcare Index,https://www.niftyindices.com/Press_Release/ind_prs25062025.pdf,PDF,,True,NSE Indices,DISCOVERED,ind_prs25062025.pdf
2025-06-25,"Replacements in Nifty IPO w.e.f. June 30, 2025",https://www.niftyindices.com/Press_Release/ind_prs25062025_1.pdf,PDF,,True,NSE Indices,DISCOVERED,ind_prs25062025_1.pdf
2025-06-23,"Replacement in Nifty IPO w.e.f. June 26, 2025",https://www.niftyindices.com/Press_Release/ind_prs23062025_1.pdf,PDF,,True,NSE Indices,DISCOVERED,ind_prs23062025_1.pdf
2025-06-16,"Replacement in Nifty SME Emerge index w.e.f. June 23, 2025",https://www.niftyindices.com/Press_Release/ind_prs16062025.pdf,PDF,,True,NSE Indices,DISCOVERED,ind_prs16062025.pdf
2025-06-06,"Replacements in indices w.e.f. June 30, 2025",https://www.niftyindices.com/Press_Release/ind_prs06062025.pdf,PDF,,True,NSE Indices,DISCOVERED,ind_prs06062025.pdf
2025-06-05,"Replacement in Nifty IPO w.e.f. June 10, 2025",https://www.niftyindices.com/Press_Release/ind_prs05062025.pdf,PDF,,True,NSE Indices,DISCOVERED,ind_prs05062025.pdf
2025-06-04,"Replacement in Nifty IPO w.e.f. June 09, 2025",https://www.niftyindices.com/Press_Release/ind_prs04062025.pdf,PDF,,True,NSE Indices,DISCOVERED,ind_prs04062025.pdf
2025-06-03,"Replacements in Nifty IPO w.e.f. June 06, 2025",https://www.niftyindices.com/Press_Release/ind_prs03062025_1.pdf,PDF,,True,NSE Indices,DISCOVERED,ind_prs03062025_1.pdf
2025-05-29,"Replacement in Nifty IPO w.e.f. June 03, 2025",https://www.niftyindices.com/Press_Release/ind_prs29052025.pdf,PDF,,True,NSE Indices,DISCOVERED,ind_prs29052025.pdf
2025-05-07,"Replacement in Nifty IPO w.e.f. May 12, 2025",https://www.niftyindices.com/Press_Release/ind_prs07052025.pdf,PDF,,True,NSE Indices,DISCOVERED,ind_prs07052025.pdf
2025-04-21,"Replacements in indices w.e.f. April 30, 2025",https://www.niftyindices.com/Press_Release/ind_prs21042025_1.pdf,PDF,,True,NSE Indices,DISCOVERED,ind_prs21042025_1.pdf
2025-04-04,NSE Indices launches Nifty500 Flexicap Quality 30 Index,https://www.niftyindices.com/Press_Release/ind_prs04042025.pdf,PDF,,True,NSE Indices,DISCOVERED,ind_prs04042025.pdf
2025-04-04,"Replacement in indices w.e.f. April 11, 2025",https://www.niftyindices.com/Press_Release/ind_prs04042025_2.pdf,PDF,,True,NSE Indices,DISCOVERED,ind_prs04042025_2.pdf
2025-04-02,"Replacement in Nifty SME Emerge w.e.f. April 04, 2025",https://www.niftyindices.com/Press_Release/ind_prs02042025_1.pdf,PDF,,True,NSE Indices,DISCOVERED,ind_prs02042025_1.pdf
2025-03-25,"Replacements in Nifty IPO w.e.f. March 28, 2025",https://www.niftyindices.com/Press_Release/ind_prs25032025.pdf,PDF,,True,NSE Indices,DISCOVERED,ind_prs25032025.pdf
2025-03-21,"Replacement in Nifty SME Emerge index w.e.f. March 28, 2025",https://www.niftyindices.com/Press_Release/ind_prs21032025_2.pdf,PDF,,True,NSE Indices,DISCOVERED,ind_prs21032025_2.pdf
2025-03-17,Replacement in indices,https://www.niftyindices.com/Press_Release/ind_prs17032025.pdf,PDF,,True,NSE Indices,DISCOVERED,ind_prs17032025.pdf
2025-03-13,"Replacements in indices w.e.f. March 28, 2025",https://www.niftyindices.com/Press_Release/ind_prs13032025.pdf,PDF,,True,NSE Indices,DISCOVERED,ind_prs13032025.pdf
2025-03-06,"Replacement in Nifty SME Emerge index w.e.f. March 13, 2025",https://www.niftyindices.com/Press_Release/ind_prs06032025_1.pdf,PDF,,True,NSE Indices,DISCOVERED,ind_prs06032025_1.pdf
2025-03-06,"Replacement in indices w.e.f. March 10, 2025",https://www.niftyindices.com/Press_Release/ind_prs06032025.pdf,PDF,,True,NSE Indices,DISCOVERED,ind_prs06032025.pdf
2025-02-25,"Replacement in Nifty IPO w.e.f. March 03, 2025",https://www.niftyindices.com/Press_Release/ind_prs25022025_1.pdf,PDF,,True,NSE Indices,DISCOVERED,ind_prs25022025_1.pdf
2025-02-21,"Replacements in indices w.e.f. March 28, 2025",https://www.niftyindices.com/Press_Release/ind_prs21022025.pdf,PDF,,True,NSE Indices,DISCOVERED,ind_prs21022025.pdf
2025-02-20,"Replacement in Nifty IPO w.e.f. February 25, 2025",https://www.niftyindices.com/Press_Release/ind_prs20022025.pdf,PDF,,True,NSE Indices,DISCOVERED,ind_prs20022025.pdf
2025-02-18,"Replacement in Nifty IPO w.e.f. February 21, 2025",https://www.niftyindices.com/Press_Release/ind_prs18022025_1.pdf,PDF,,True,NSE Indices,DISCOVERED,ind_prs18022025_1.pdf
2025-02-18,"Replacements in indices w.e.f. February 28, 2028",https://www.niftyindices.com/Press_Release/ind_prs18022025.pdf,PDF,,True,NSE Indices,DISCOVERED,ind_prs18022025.pdf
2025-02-14,Meeting of the Index Maintenance Sub-Committee (Equity),https://www.niftyindices.com/Press_Release/ind_prs14022025.pdf,PDF,,True,NSE Indices,DISCOVERED,ind_prs14022025.pdf
2025-02-06,NSE Indices launches Nifty500 Multifactor MQVLv 50 Index,https://www.niftyindices.com/Press_Release/ind_prs06022025.pdf,PDF,,True,NSE Indices,DISCOVERED,ind_prs06022025.pdf
2025-02-05,"Replacement in Nifty IPO w.e.f. February 10, 2025",https://www.niftyindices.com/Press_Release/ind_prs05022025.pdf,PDF,,True,NSE Indices,DISCOVERED,ind_prs05022025.pdf
2025-01-30,"Replacement in Nifty IPO w.e.f. February 03, 2025",https://www.niftyindices.com/Press_Release/ind_prs30012025.pdf,PDF,,True,NSE Indices,DISCOVERED,ind_prs30012025.pdf
2025-01-24,"Replacement in Nifty IPO w.e.f. January 29, 2025",https://www.niftyindices.com/Press_Release/ind_prs24012025.pdf,PDF,,True,NSE Indices,DISCOVERED,ind_prs24012025.pdf
2025-01-21,"Replacement in Nifty IPO w.e.f. January 24, 2025",https://www.niftyindices.com/Press_Release/ind_prs21012025.pdf,PDF,,True,NSE Indices,DISCOVERED,ind_prs21012025.pdf
2025-01-15,"Replacement in Nifty IPO w.e.f. January 20, 2025",https://www.niftyindices.com/Press_Release/ind_prs15012025.pdf,PDF,,True,NSE Indices,DISCOVERED,ind_prs15012025.pdf
2025-01-14,"Replacement in Nifty IPO w.e.f. January 17, 2025",https://www.niftyindices.com/Press_Release/ind_prs14012025.pdf,PDF,,True,NSE Indices,DISCOVERED,ind_prs14012025.pdf
2025-01-08,"Replacement in Nifty IPO index w.e.f. January 13, 2025",https://www.niftyindices.com/Press_Release/ind_prs08012025.pdf,PDF,,True,NSE Indices,DISCOVERED,ind_prs08012025.pdf
2025-01-01,"Replacements in Nifty IPO index w.e.f. January 06, 2025",https://www.niftyindices.com/Press_Release/ind_prs01012025.pdf,PDF,,True,NSE Indices,DISCOVERED,ind_prs01012025.pdf
2024-12-31,"Replacements in Nifty IPO index w.e.f. January 03, 2025",https://www.niftyindices.com/Press_Release/ind_prs31122024.pdf,PDF,,True,NSE Indices,DISCOVERED,ind_prs31122024.pdf
2024-12-30,"Replacements in Nifty IPO index w.e.f. January 02, 2025",https://www.niftyindices.com/Press_Release/ind_prs30122024_1.pdf,PDF,,True,NSE Indices,DISCOVERED,ind_prs30122024_1.pdf
2024-12-26,"Replacements in Nifty IPO w.e.f. December 31, 2024",https://www.niftyindices.com/Press_Release/ind_prs26122024.pdf,PDF,,True,NSE Indices,DISCOVERED,ind_prs26122024.pdf
2024-12-24,"Replacement in Nifty SME Emerge w.e.f. December 27, 2024",https://www.niftyindices.com/Press_Release/ind_prs24122024.pdf,PDF,,True,NSE Indices,DISCOVERED,ind_prs24122024.pdf
2024-12-23,"Replacement in Nifty IPO w.e.f. December 27, 2024",https://www.niftyindices.com/Press_Release/ind_prs23122024.pdf,PDF,,True,NSE Indices,DISCOVERED,ind_prs23122024.pdf
2024-12-20,"Replacement in Nifty IPO w.e.f. December 26, 2024",https://www.niftyindices.com/Press_Release/ind_prs20122024_1.pdf,PDF,,True,NSE Indices,DISCOVERED,ind_prs20122024_1.pdf
2024-12-19,"Replacements in Nifty IPO w.e.f. December 24, 2024",https://www.niftyindices.com/Press_Release/ind_prs19122024.pdf,PDF,,True,NSE Indices,DISCOVERED,ind_prs19122024.pdf
2024-12-11,"Replacements in indices and Revision in criteria w.e.f. December 31, 2024",https://www.niftyindices.com/Press_Release/ind_prs11122024.pdf,PDF,,True,NSE Indices,DISCOVERED,ind_prs11122024.pdf
2024-12-09,"Replacement in Nifty IPO w.e.f. December 12, 2024",https://www.niftyindices.com/Press_Release/ind_prs09122024.pdf,PDF,,True,NSE Indices,DISCOVERED,ind_prs09122024.pdf
2024-12-02,"Replacement in Nifty IPO w.e.f. December 05, 2024",https://www.niftyindices.com/Press_Release/ind_prs02122024.pdf,PDF,,True,NSE Indices,DISCOVERED,ind_prs02122024.pdf
2024-11-28,"Replacement in Nifty IPO w.e.f. December 03, 2024",https://www.niftyindices.com/Press_Release/ind_prs28112024_1.pdf,PDF,,True,NSE Indices,DISCOVERED,ind_prs28112024_1.pdf
2024-11-28,"Replacement in Nifty SME Emerge w.e.f. December 02, 2024",https://www.niftyindices.com/Press_Release/ind_prs28112024_2.pdf,PDF,,True,NSE Indices,DISCOVERED,ind_prs28112024_2.pdf
2024-11-25,"Replacement in Nifty IPO w.e.f. November 28, 2024",https://www.niftyindices.com/Press_Release/ind_prs25112024_1.pdf,PDF,,True,NSE Indices,DISCOVERED,ind_prs25112024_1.pdf
2024-11-22,"Replacements in indices w.e.f. November 29, 2024",https://www.niftyindices.com/Press_Release/ind_prs22112024.pdf,PDF,,True,NSE Indices,DISCOVERED,ind_prs22112024.pdf
2024-11-18,"Replacement in Nifty IPO w.e.f. November 22, 2024",https://www.niftyindices.com/Press_Release/ind_prs18112024.pdf,PDF,,True,NSE Indices,DISCOVERED,ind_prs18112024.pdf
2024-11-14,"Replacement in Nifty IPO w.e.f. November 21, 2024",https://www.niftyindices.com/Press_Release/ind_prs14112024.pdf,PDF,,True,NSE Indices,DISCOVERED,ind_prs14112024.pdf
2024-11-13,"Replacement in Nifty IPO w.e.f. November 19, 2024",https://www.niftyindices.com/Press_Release/ind_prs13112024.pdf,PDF,,True,NSE Indices,DISCOVERED,ind_prs13112024.pdf
2024-11-05,"Replacement in Nifty IPO index w.e.f. November 08, 2024",https://www.niftyindices.com/Press_Release/ind_prs05112024.pdf,PDF,,True,NSE Indices,DISCOVERED,ind_prs05112024.pdf
2024-11-05,"Replacement in Nifty SME Emerge index w.e.f. November 12, 2024",https://www.niftyindices.com/Press_Release/ind_prs05112024_1.pdf,PDF,,True,NSE Indices,DISCOVERED,ind_prs05112024_1.pdf
2024-10-31,"Replacement in Nifty IPO index w.e.f. November 05, 2024",https://www.niftyindices.com/Press_Release/ind_prs31102024.pdf,PDF,,True,NSE Indices,DISCOVERED,ind_prs31102024.pdf
2024-10-29,"Replacement in Nifty SME Emerge index w.e.f. November 05, 2024",https://www.niftyindices.com/Press_Release/ind_prs29102024_1.pdf,PDF,,True,NSE Indices,DISCOVERED,ind_prs29102024_1.pdf
2024-10-29,"Replacements in Nifty IPO index w.e.f. November 01, 2024",https://www.niftyindices.com/Press_Release/ind_prs29102024.pdf,PDF,,True,NSE Indices,DISCOVERED,ind_prs29102024.pdf
2024-10-23,"Replacement in Nifty IPO w.e.f. October 28, 2024",https://www.niftyindices.com/Press_Release/ind_prs23102024.pdf,PDF,,True,NSE Indices,DISCOVERED,ind_prs23102024.pdf
2024-10-16,"Replacement in Nifty IPO w.e.f. October 21, 2024",https://www.niftyindices.com/Press_Release/ind_prs16102024.pdf,PDF,,True,NSE Indices,DISCOVERED,ind_prs16102024.pdf
2024-10-10,"Replacement in indices w.e.f. October 16, 2024",https://www.niftyindices.com/Press_Release/ind_prs10102024.pdf,PDF,,True,NSE Indices,DISCOVERED,ind_prs10102024.pdf
2024-10-10,"Replacements in indices w.e.f. October 31, 2024",https://www.niftyindices.com/Press_Release/ind_prs10102024_1.pdf,PDF,,True,NSE Indices,DISCOVERED,ind_prs10102024_1.pdf
2024-10-07,"Replacement in Nifty IPO w.e.f. October 10, 2024",https://www.niftyindices.com/Press_Release/ind_prs07102024.pdf,PDF,,True,NSE Indices,DISCOVERED,ind_prs07102024.pdf
2024-10-04,"Replacement in Nifty IPO w.e.f. October 09, 2024",https://www.niftyindices.com/Press_Release/ind_prs04102024_1.pdf,PDF,,True,NSE Indices,DISCOVERED,ind_prs04102024_1.pdf
2024-10-04,"Replacement in indices w.e.f. October 10, 2024",https://www.niftyindices.com/Press_Release/ind_prs04102024.pdf,PDF,,True,NSE Indices,DISCOVERED,ind_prs04102024.pdf
2024-10-01,"Replacement in Nifty IPO w.e.f. October 07, 2024",https://www.niftyindices.com/Press_Release/ind_prs01102024.pdf,PDF,,True,NSE Indices,DISCOVERED,ind_prs01102024.pdf
2024-09-25,Replacements in indices,https://www.niftyindices.com/Press_Release/ind_prs25092024.pdf,PDF,,True,NSE Indices,DISCOVERED,ind_prs25092024.pdf
2024-09-23,Replacements in indices and revision in guideline for calculation of 'Investable Weight Factor' (IWF),https://www.niftyindices.com/Press_Release/ind_prs23092024.pdf,PDF,,True,NSE Indices,DISCOVERED,ind_prs23092024.pdf
2024-09-18,"Replacement in Nifty IPO index w.e.f. September 23, 2024",https://www.niftyindices.com/Press_Release/ind_prs18092024.pdf,PDF,,True,NSE Indices,DISCOVERED,ind_prs18092024.pdf
2024-09-17,"Replacements in Nifty IPO index w.e.f. September 20, 2024",https://www.niftyindices.com/Press_Release/ind_prs17092024.pdf,PDF,,True,NSE Indices,DISCOVERED,ind_prs17092024.pdf
2024-09-13,"Replacement in Nifty IPO index w.e.f. September 18, 2024",https://www.niftyindices.com/Press_Release/ind_prs13092024_1.pdf,PDF,,True,NSE Indices,DISCOVERED,ind_prs13092024_1.pdf
2024-09-10,"Replacement in Nifty IPO w.e.f. September 13, 2024",https://www.niftyindices.com/Press_Release/ind_prs10092024.pdf,PDF,,True,NSE Indices,DISCOVERED,ind_prs10092024.pdf
2024-09-09,"Replacement in Nifty IPO index w.e.f. September 12, 2024",https://www.niftyindices.com/Press_Release/ind_prs09092024_1.pdf,PDF,,True,NSE Indices,DISCOVERED,ind_prs09092024_1.pdf
2024-09-05,"Replacement in Nifty IPO index w.e.f. September 10, 2024",https://www.niftyindices.com/Press_Release/ind_prs05092024.pdf,PDF,,True,NSE Indices,DISCOVERED,ind_prs05092024.pdf
2024-09-04,NSE Indices launches Nifty500 Multicap Momentum Quality 50 index,https://www.niftyindices.com/Press_Release/ind_prs04092024.pdf,PDF,,True,NSE Indices,DISCOVERED,ind_prs04092024.pdf
2024-09-04,"Replacement in Nifty IPO index w.e.f. September 09, 2024",https://www.niftyindices.com/Press_Release/ind_prs04092024_1.pdf,PDF,,True,NSE Indices,DISCOVERED,ind_prs04092024_1.pdf
2024-08-29,"Replacement in Nifty IPO index w.e.f. September 03, 2024",https://www.niftyindices.com/Press_Release/ind_prs29082024.pdf,PDF,,True,NSE Indices,DISCOVERED,ind_prs29082024.pdf
2024-08-27,"Replacement in Nifty IPO index w.e.f. August 30, 2024",https://www.niftyindices.com/Press_Release/ind_prs27082024_1.pdf,PDF,,True,NSE Indices,DISCOVERED,ind_prs27082024_1.pdf
2024-08-27,"Replacements in indices w.e.f. September 03, 2024",https://www.niftyindices.com/Press_Release/ind_prs27082024.pdf,PDF,,True,NSE Indices,DISCOVERED,ind_prs27082024.pdf
2024-08-23,"Replacements in indices and revision in criteria w.e.f. September 30, 2024",https://www.niftyindices.com/Press_Release/ind_prs23082024.pdf,PDF,,True,NSE Indices,DISCOVERED,ind_prs23082024.pdf
2024-08-23,"Replacements in indices w.e.f. August 30, 2024",https://www.niftyindices.com/Press_Release/ind_prs23082024_1.pdf,PDF,,True,NSE Indices,DISCOVERED,ind_prs23082024_1.pdf
2024-08-21,"Replacement in Nifty IPO index w.e.f. August 26, 2024",https://www.niftyindices.com/Press_Release/ind_prs21082024.pdf,PDF,,True,NSE Indices,DISCOVERED,ind_prs21082024.pdf
2024-08-16,Meeting of the Index Maintenance Sub-Committee (Equity),https://www.niftyindices.com/Press_Release/ind_prs16082024.pdf,PDF,,True,NSE Indices,DISCOVERED,ind_prs16082024.pdf
2024-08-14,"Replacements in Nifty IPO index w.e.f. August 20, 2024",https://www.niftyindices.com/Press_Release/ind_prs14082024.pdf,PDF,,True,NSE Indices,DISCOVERED,ind_prs14082024.pdf
2024-08-12,"Replacement in Nifty IPO index w.e.f. August 16, 2024",https://www.niftyindices.com/Press_Release/ind_prs12082024.pdf,PDF,,True,NSE Indices,DISCOVERED,ind_prs12082024.pdf
2024-08-09,"Replacement in Nifty IPO index w.e.f. August 14, 2024",https://www.niftyindices.com/Press_Release/ind_prs09082024.pdf,PDF,,True,NSE Indices,DISCOVERED,ind_prs09082024.pdf
2024-08-07,"Replacement in Nifty IPO index w.e.f. August 12, 2024",https://www.niftyindices.com/Press_Release/ind_prs07082024.pdf,PDF,,True,NSE Indices,DISCOVERED,ind_prs07082024.pdf
2024-07-26,"Replacement in Nifty IPO index w.e.f. August 01, 2024",https://www.niftyindices.com/Press_Release/ind_prs26072024.pdf,PDF,,True,NSE Indices,DISCOVERED,ind_prs26072024.pdf
2024-07-24,"Replacements in indices w.e.f. July 31, 2024",https://www.niftyindices.com/Press_Release/ind_prs24072024.pdf,PDF,,True,NSE Indices,DISCOVERED,ind_prs24072024.pdf
2024-06-27,"Replacement in Nifty SME Emerge w.e.f. July 01, 2024",https://www.niftyindices.com/Press_Release/ind_prs27062024.pdf,PDF,,True,NSE Indices,DISCOVERED,ind_prs27062024.pdf
2024-06-21,"Replacement in Nifty SME Emerge index w.e.f. June 25, 2024",https://www.niftyindices.com/Press_Release/ind_prs21062024.pdf,PDF,,True,NSE Indices,DISCOVERED,ind_prs21062024.pdf
2024-06-21,"Replacement in indices w.e.f. June 28, 2024",https://www.niftyindices.com/Press_Release/ind_prs21062024_1.pdf,PDF,,True,NSE Indices,DISCOVERED,ind_prs21062024_1.pdf
2024-06-07,NSE Indices launches Nifty500 LargeMidSmall Equal-Cap Weighted index,https://www.niftyindices.com/Press_Release/ind_prs07062024_1.pdf,PDF,,True,NSE Indices,DISCOVERED,ind_prs07062024_1.pdf
2024-06-07,Replacements in indices,https://www.niftyindices.com/Press_Release/ind_prs07062024.pdf,PDF,,True,NSE Indices,DISCOVERED,ind_prs07062024.pdf
2024-06-04,NSE Indices launches Nifty500 Momentum 50 index,https://www.niftyindices.com/Press_Release/ind_prs04062024.pdf,PDF,,True,NSE Indices,DISCOVERED,ind_prs04062024.pdf
2024-05-31,NSE Indices launches Nifty500 Equal Weight Index,https://www.niftyindices.com/Press_Release/ind_prs31052024.pdf,PDF,,True,NSE Indices,DISCOVERED,ind_prs31052024.pdf
2024-05-22,"Replacements in indices w.e.f. May 31, 2024",https://www.niftyindices.com/Press_Release/ind_prs22052024.pdf,PDF,,True,NSE Indices,DISCOVERED,ind_prs22052024.pdf
2024-04-24,Replacement in indices w.e.f. April 26 2024,https://www.niftyindices.com/Press_Release/ind_prs24042024.pdf,PDF,,True,NSE Indices,DISCOVERED,ind_prs24042024.pdf
2024-04-24,"Replacement in indices w.e.f. May 03, 2024",https://www.niftyindices.com/Press_Release/ind_prs24042024_1.pdf,PDF,,True,NSE Indices,DISCOVERED,ind_prs24042024_1.pdf
2024-03-19,Replacements in indices w.e.f. March 28 2024,https://www.niftyindices.com/Press_Release/ind_prs19032024.pdf,PDF,,True,NSE Indices,DISCOVERED,ind_prs19032024.pdf
2024-03-14,"Replacements in indices w.e.f. March 28, 2024",https://www.niftyindices.com/Press_Release/ind_prs14032024.pdf,PDF,,True,NSE Indices,DISCOVERED,ind_prs14032024.pdf
2024-02-28,"Replacements in indices w.e.f. March 28, 2024",https://www.niftyindices.com/Press_Release/ind_prs28022024.pdf,PDF,,True,NSE Indices,DISCOVERED,ind_prs28022024.pdf
2024-02-27,Meeting of the Index Maintenance Sub-Committee (Equity),https://www.niftyindices.com/Press_Release/ind_prs27022024.pdf,PDF,,True,NSE Indices,DISCOVERED,ind_prs27022024.pdf
2024-02-26,Revision in methodology of Nifty equity indices,https://www.niftyindices.com/Press_Release/ind_prs26022024.pdf,PDF,,False,NSE Indices,DISCOVERED,ind_prs26022024.pdf
2024-01-30,"Replacement in indices w.e.f. February 06, 2024",https://www.niftyindices.com/Press_Release/ind_prs30012024.pdf,PDF,,True,NSE Indices,DISCOVERED,ind_prs30012024.pdf
2024-01-19,"Replacement in indices w.e.f. January 31, 2024",https://www.niftyindices.com/Press_Release/ind_prs19012024.pdf,PDF,,True,NSE Indices,DISCOVERED,ind_prs19012024.pdf
2024-01-10,"Replacement in indices w.e.f. January 19, 2024",https://www.niftyindices.com/Press_Release/ind_prs10012024.pdf,PDF,,True,NSE Indices,DISCOVERED,ind_prs10012024.pdf
2023-12-07,"Replacements in indices w.e.f. December 29, 2023",https://www.niftyindices.com/Press_Release/ind_prs07122023.pdf,PDF,,True,NSE Indices,DISCOVERED,ind_prs07122023.pdf
2023-11-09,"Replacement in index w.e.f. November 17, 2023",https://www.niftyindices.com/Press_Release/ind_prs09112023.pdf,PDF,,True,NSE Indices,DISCOVERED,ind_prs09112023.pdf
2023-10-17,"Replacements in indices w.e.f. October 26, 2023",https://www.niftyindices.com/Press_Release/ind_prs17102023.pdf,PDF,,True,NSE Indices,DISCOVERED,ind_prs17102023.pdf
2023-09-27,Change in the replacement date for Nifty Fixed Income Indices,https://www.niftyindices.com/Press_Release/ind_prs27092023.pdf,PDF,,True,NSE Indices,DISCOVERED,ind_prs27092023.pdf
2023-09-22,"Replacement in Nifty SME Emerge index w.e.f. September 29, 2023",https://www.niftyindices.com/Press_Release/ind_prs22092023_1.pdf,PDF,,True,NSE Indices,DISCOVERED,ind_prs22092023_1.pdf
2023-09-15,"Replacements in indices w.e.f. September 29, 2023",https://www.niftyindices.com/Press_Release/ind_prs15092023.pdf,PDF,,True,NSE Indices,DISCOVERED,ind_prs15092023.pdf
2023-08-23,"Replacements in indices w.e.f. August 31, 2023",https://www.niftyindices.com/Press_Release/ind_prs23082023.pdf,PDF,,True,NSE Indices,DISCOVERED,ind_prs23082023.pdf
2023-08-17,Replacements in indices and revision in criteria,https://www.niftyindices.com/Press_Release/ind_prs17082023.pdf,PDF,,True,NSE Indices,DISCOVERED,ind_prs17082023.pdf
2023-08-09,"Replacement in Nifty SME Emerge index w.e.f. August 11, 2023",https://www.niftyindices.com/Press_Release/ind_prs09082023.pdf,PDF,,True,NSE Indices,DISCOVERED,ind_prs09082023.pdf
2023-07-24,"Replacements in indices w.e.f. July 31, 2023",https://www.niftyindices.com/Press_Release/ind_prs24072023.pdf,PDF,,True,NSE Indices,DISCOVERED,ind_prs24072023.pdf
2023-07-06,"Replacement in Nifty SME Emerge index w.e.f. July 13, 2023",https://www.niftyindices.com/Press_Release/ind_prs06072023.pdf,PDF,,True,NSE Indices,DISCOVERED,ind_prs06072023.pdf
2023-07-04,"Replacement in indices w.e.f. July 13, 2023",https://www.niftyindices.com/Press_Release/ind_prs04072023.pdf,PDF,,True,NSE Indices,DISCOVERED,ind_prs04072023.pdf
2023-06-28,"Replacement in Nifty SME Emerge index w.e.f. July 03, 2023",https://www.niftyindices.com/Press_Release/ind_prs28062023.pdf,PDF,,True,NSE Indices,DISCOVERED,ind_prs28062023.pdf
2023-06-27,Replacements in indices,https://www.niftyindices.com/Press_Release/ind_prs27062023.pdf,PDF,,True,NSE Indices,DISCOVERED,ind_prs27062023.pdf
2023-06-09,"Replacements in indices w.e.f. June 30, 2023",https://www.niftyindices.com/Press_Release/ind_prs09062023.pdf,PDF,,True,NSE Indices,DISCOVERED,ind_prs09062023.pdf
2023-05-24,"Replacement in Nifty SME Emerge index w.e.f. May 31, 2023",https://www.niftyindices.com/Press_Release/ind_prs24052023.pdf,PDF,,True,NSE Indices,DISCOVERED,ind_prs24052023.pdf
2023-05-12,"Replacement in Nifty SME Emerge index w.e.f. May 19, 2023",https://www.niftyindices.com/Press_Release/ind_prs12052023.pdf,PDF,,True,NSE Indices,DISCOVERED,ind_prs12052023.pdf
2023-05-04,"Replacement in Nifty SME Emerge index w.e.f. May 11, 2023",https://www.niftyindices.com/Press_Release/ind_prs04052023.pdf,PDF,,True,NSE Indices,DISCOVERED,ind_prs04052023.pdf
2023-04-26,Revision in methodology of Nifty equity indices for handling corporate actions involving demergers,https://www.niftyindices.com/Press_Release/ind_prs26042023.pdf,PDF,,False,NSE Indices,DISCOVERED,ind_prs26042023.pdf
2023-04-19,"Replacements in indices w.e.f. April 28, 2023",https://www.niftyindices.com/Press_Release/ind_prs19042023_1.pdf,PDF,,True,NSE Indices,DISCOVERED,ind_prs19042023_1.pdf
2023-04-13,"Replacements in Nifty SME Emerge index w.e.f. April 21, 2023",https://www.niftyindices.com/Press_Release/ind_prs13042023.pdf,PDF,,True,NSE Indices,DISCOVERED,ind_prs13042023.pdf
2023-03-26,"Replacement in Nifty SME Emerge index w.e.f. March 27, 2023",https://www.niftyindices.com/Press_Release/ind_prs26032023.pdf,PDF,,True,NSE Indices,DISCOVERED,ind_prs26032023.pdf
2023-03-23,"Replacements in Nifty SME Emerge index w.e.f. March 31, 2023",https://www.niftyindices.com/Press_Release/ind_prs23032023.pdf,PDF,,True,NSE Indices,DISCOVERED,ind_prs23032023.pdf
2023-03-06,"Replacements in indices w.e.f. March 31, 2023",https://www.niftyindices.com/Press_Release/ind_prs06032023.pdf,PDF,,True,NSE Indices,DISCOVERED,ind_prs06032023.pdf
2023-02-21,"Replacements in indices w.e.f. February 28, 2023",https://www.niftyindices.com/Press_Release/ind_prs21022023.pdf,PDF,,True,NSE Indices,DISCOVERED,ind_prs21022023.pdf
2023-02-17,"Replacements in indices w.e.f March 31, 2023",https://www.niftyindices.com/Press_Release/ind_prs17022023_1.pdf,PDF,,True,NSE Indices,DISCOVERED,ind_prs17022023_1.pdf
2023-02-09,"Replacements in indices w.e.f. February 17, 2023",https://www.niftyindices.com/Press_Release/ind_prs09022023_1.pdf,PDF,,True,NSE Indices,DISCOVERED,ind_prs09022023_1.pdf
2023-01-18,"Replacement in Nifty SME Emerge index w.e.f. January 25, 2023",https://www.niftyindices.com/Press_Release/ind_prs18012023.pdf,PDF,,True,NSE Indices,DISCOVERED,ind_prs18012023.pdf
2023-01-02,"Replacements in Nifty SME Emerge index w.e.f. January 09, 2023",https://www.niftyindices.com/Press_Release/ind_prs02012023.pdf,PDF,,True,NSE Indices,DISCOVERED,ind_prs02012023.pdf
2022-12-22,"Replacements in indices w.e.f December 30, 2022",https://www.niftyindices.com/Press_Release/ind_prs22122022.pdf,PDF,,True,NSE Indices,DISCOVERED,ind_prs22122022.pdf
2022-12-06,"Replacements in indices w.e.f. December 30, 2022",https://www.niftyindices.com/Press_Release/ind_prs06122022.pdf,PDF,,True,NSE Indices,DISCOVERED,ind_prs06122022.pdf
2022-11-23,"Replacements in Nifty SME Emerge index w.e.f. November 30, 2022",https://www.niftyindices.com/Press_Release/ind_prs23112022.pdf,PDF,,True,NSE Indices,DISCOVERED,ind_prs23112022.pdf
2022-11-18,Revision in methodology of Nifty equity indices for handling corporate actions involving mergers,https://www.niftyindices.com/Press_Release/ind_prs18112022.pdf,PDF,,False,NSE Indices,DISCOVERED,ind_prs18112022.pdf
2022-11-10,"Replacements in Nifty SME Emerge index w.e.f. November 17, 2022",https://www.niftyindices.com/Press_Release/ind_prs10112022.pdf,PDF,,True,NSE Indices,DISCOVERED,ind_prs10112022.pdf
2022-10-20,"Replacement in indices w.e.f. October 31, 2022",https://www.niftyindices.com/Press_Release/ind_prs20102022_1.pdf,PDF,,True,NSE Indices,DISCOVERED,ind_prs20102022_1.pdf
2022-10-20,"Replacements in indices w.e.f. October 25, 2022",https://www.niftyindices.com/Press_Release/ind_prs20102022.pdf,PDF,,True,NSE Indices,DISCOVERED,ind_prs20102022.pdf
2022-09-23,"Replacement in Nifty SME Emerge index w.e.f. September 30, 2022",https://www.niftyindices.com/Press_Release/ind_prs23092022.pdf,PDF,,True,NSE Indices,DISCOVERED,ind_prs23092022.pdf
2022-09-16,"Replacements in Nifty SME Emerge index w.e.f. September 23, 2022",https://www.niftyindices.com/Press_Release/ind_prs16092022_1.pdf,PDF,,True,NSE Indices,DISCOVERED,ind_prs16092022_1.pdf
2022-09-16,"Replacements in indices w.e.f. September 30, 2022",https://www.niftyindices.com/Press_Release/ind_prs16092022.pdf,PDF,,True,NSE Indices,DISCOVERED,ind_prs16092022.pdf
2022-09-01,"Replacements in Nifty SME Emerge index w.e.f. September 08, 2022",https://www.niftyindices.com/Press_Release/ind_prs01092022_1.pdf,PDF,,True,NSE Indices,DISCOVERED,ind_prs01092022_1.pdf
2022-09-01,"Replacements in indices w.e.f. September 30, 2022",https://www.niftyindices.com/Press_Release/ind_prs01092022.pdf,PDF,,True,NSE Indices,DISCOVERED,ind_prs01092022.pdf
2022-08-23,"Replacements in indices w.e.f. August 30, 2022",https://www.niftyindices.com/Press_Release/ind_prs23082022.pdf,PDF,,True,NSE Indices,DISCOVERED,ind_prs23082022.pdf
2022-07-26,"Replacement in Nifty SME Emerge index w.e.f. August 02, 2022",https://www.niftyindices.com/Press_Release/ind_prs26072022_1.pdf,PDF,,True,NSE Indices,DISCOVERED,ind_prs26072022_1.pdf
2022-07-26,"Revision in Nifty Transportation & Logistics index methodology and replacements in indices w.e.f. August 08, 2022",https://www.niftyindices.com/Press_Release/ind_prs26072022.pdf,PDF,,True,NSE Indices,DISCOVERED,ind_prs26072022.pdf
2022-07-11,"Replacement in NIFTY SME Emerge index w.e.f. July 18, 2022",https://www.niftyindices.com/Press_Release/ind_prs11072022_1.pdf,PDF,,True,NSE Indices,DISCOVERED,ind_prs11072022_1.pdf
2022-07-11,"Replacements in indices w.e.f. August 08, 2022",https://www.niftyindices.com/Press_Release/ind_prs11072022.pdf,PDF,,True,NSE Indices,DISCOVERED,ind_prs11072022.pdf
2022-06-24,"Replacements in Nifty fixed income indices w.e.f. July 01, 2022",https://www.niftyindices.com/Press_Release/ind_prs24062022.pdf,PDF,,True,NSE Indices,DISCOVERED,ind_prs24062022.pdf
2022-06-15,"Replacements in indices w.e.f. June 30, 2022",https://www.niftyindices.com/Press_Release/ind_prs15062022.pdf,PDF,,True,NSE Indices,DISCOVERED,ind_prs15062022.pdf
2022-05-24,"Replacement in indices w.e.f. May 31, 2022",https://www.niftyindices.com/Press_Release/ind_prs24052022.pdf,PDF,,True,NSE Indices,DISCOVERED,ind_prs24052022.pdf
2022-05-04,"Replacement in NIFTY SME EMERGE Index w.e.f. May 11, 2022",https://www.niftyindices.com/Press_Release/ind_prs04052022.pdf,PDF,,True,NSE Indices,DISCOVERED,ind_prs04052022.pdf
2022-04-06,"Replacement in indices w.e.f. April 07, 2022",https://www.niftyindices.com/Press_Release/ind_prs06042022.pdf,PDF,,True,NSE Indices,DISCOVERED,ind_prs06042022.pdf
2022-04-05,"Replacements in indices w.e.f. April 12, 2022",https://www.niftyindices.com/Press_Release/ind_prs05042022_1.pdf,PDF,,True,NSE Indices,DISCOVERED,ind_prs05042022_1.pdf
2022-04-05,"Replacements in indices w.e.f. May 04, 2022",https://www.niftyindices.com/Press_Release/ind_prs05042022.pdf,PDF,,True,NSE Indices,DISCOVERED,ind_prs05042022.pdf
2022-03-24,"Replacements in NIFTY SME EMERGE Index w.e.f. March 31, 2022",https://www.niftyindices.com/Press_Release/ind_prs24032022.pdf,PDF,,True,NSE Indices,DISCOVERED,ind_prs24032022.pdf
2022-03-10,"Replacement in NIFTY SME EMERGE Index w.e.f. March 17, 2022",https://www.niftyindices.com/Press_Release/ind_prs10032022.pdf,PDF,,True,NSE Indices,DISCOVERED,ind_prs10032022.pdf
2022-03-08,"Replacement in NIFTY SME EMERGE Index w.e.f. March 15, 2022",https://www.niftyindices.com/Press_Release/ind_prs08032022_1.pdf,PDF,,True,NSE Indices,DISCOVERED,ind_prs08032022_1.pdf
2022-03-08,"Replacements in indices w.e.f. March 31, 2022",https://www.niftyindices.com/Press_Release/ind_prs08032022.pdf,PDF,,True,NSE Indices,DISCOVERED,ind_prs08032022.pdf
2022-02-24,Revision in criteria and replacements in indices,https://www.niftyindices.com/Press_Release/ind_prs24022022_1.pdf,PDF,,True,NSE Indices,DISCOVERED,ind_prs24022022_1.pdf
2022-02-21,"Replacement in NIFTY SME EMERGE Index w.e.f. February 28, 2022",https://www.niftyindices.com/Press_Release/ind_prs21022022.pdf,PDF,,True,NSE Indices,DISCOVERED,ind_prs21022022.pdf
2022-02-11,"Replacements in NIFTY SME EMERGE Index w.e.f. February 18, 2022",https://www.niftyindices.com/Press_Release/ind_prs11022022.pdf,PDF,,True,NSE Indices,DISCOVERED,ind_prs11022022.pdf
2022-02-01,"Replacement in NIFTY SME EMERGE Index w.e.f. February 08, 2022",https://www.niftyindices.com/Press_Release/ind_prs01022022.pdf,PDF,,True,NSE Indices,DISCOVERED,ind_prs01022022.pdf
2022-01-20,"Replacements in NIFTY SME EMERGE Index w.e.f. January 24, 2022",https://www.niftyindices.com/Press_Release/ind_prs20012022.pdf,PDF,,True,NSE Indices,DISCOVERED,ind_prs20012022.pdf
2022-01-05,"Replacements in NIFTY SME EMERGE Index w.e.f. January 12, 2022",https://www.niftyindices.com/Press_Release/ind_prs05012022.pdf,PDF,,True,NSE Indices,DISCOVERED,ind_prs05012022.pdf
2021-12-23,"Replacements in NIFTY SME EMERGE Index w.e.f. December 30, 2021",https://www.niftyindices.com/Press_Release/ind_prs23122021.pdf,PDF,,True,NSE Indices,DISCOVERED,ind_prs23122021.pdf
2021-12-08,"Replacements in indices w.e.f. December 31, 2021",https://www.niftyindices.com/Press_Release/ind_prs08122021.pdf,PDF,,True,NSE Indices,DISCOVERED,ind_prs08122021.pdf
2021-11-25,"Replacement in NIFTY SME EMERGE Index w.e.f. December 02, 2021",https://www.niftyindices.com/Press_Release/ind_prs25112021.pdf,PDF,,True,NSE Indices,DISCOVERED,ind_prs25112021.pdf
2021-11-17,"Replacements in NIFTY SME EMERGE Index w.e.f. November 25, 2021",https://www.niftyindices.com/Press_Release/ind_prs17112021_1.pdf,PDF,,True,NSE Indices,DISCOVERED,ind_prs17112021_1.pdf
2021-11-12,"Replacements in NIFTY SME EMERGE Index w.e.f. November 22, 2021",https://www.niftyindices.com/Press_Release/ind_prs12112021.pdf,PDF,,True,NSE Indices,DISCOVERED,ind_prs12112021.pdf
2021-11-02,"Replacements in NIFTY SME EMERGE Index w.e.f. November 11, 2021",https://www.niftyindices.com/Press_Release/ind_prs02112021.pdf,PDF,,True,NSE Indices,DISCOVERED,ind_prs02112021.pdf
2021-10-22,Revision in index maintenance guidelines and replacements in indices,https://www.niftyindices.com/Press_Release/ind_prs22102021.pdf,PDF,,True,NSE Indices,DISCOVERED,ind_prs22102021.pdf
2021-10-14,"Replacement in NIFTY SME EMERGE Index w.e.f. October 22, 2021",https://www.niftyindices.com/Press_Release/ind_prs14102021.pdf,PDF,,True,NSE Indices,DISCOVERED,ind_prs14102021.pdf
2021-10-12,"Revision in criteria and replacement in NIFTY 5 yr Benchmark G-sec index w.e.f. October 18, 2021",https://www.niftyindices.com/Press_Release/ind_prs12102021.pdf,PDF,,True,NSE Indices,DISCOVERED,ind_prs12102021.pdf
2021-10-08,"Replacements in NIFTY SME EMERGE Index w.e.f. October 18, 2021",https://www.niftyindices.com/Press_Release/ind_prs08102021_1.pdf,PDF,,True,NSE Indices,DISCOVERED,ind_prs08102021_1.pdf
2021-10-01,"Replacement in NIFTY SME EMERGE Index w.e.f. October 08, 2021",https://www.niftyindices.com/Press_Release/ind_prs01102021.pdf,PDF,,True,NSE Indices,DISCOVERED,ind_prs01102021.pdf
2021-09-20,"Replacements in indices w.e.f. September 30, 2021",https://www.niftyindices.com/Press_Release/ind_prs20092021.pdf,PDF,,True,NSE Indices,DISCOVERED,ind_prs20092021.pdf
2021-09-15,Replacements in indices and revision in criteria,https://www.niftyindices.com/Press_Release/ind_prs15092021.pdf,PDF,,True,NSE Indices,DISCOVERED,ind_prs15092021.pdf
2021-09-07,"Replacement in NIFTY SME EMERGE Index w.e.f. September 15, 2021",https://www.niftyindices.com/Press_Release/ind_prs07092021.pdf,PDF,,True,NSE Indices,DISCOVERED,ind_prs07092021.pdf
2021-08-30,"Replacement in NIFTY SME EMERGE Index w.e.f. September 06, 2021",https://www.niftyindices.com/Press_Release/ind_prs30082021.pdf,PDF,,True,NSE Indices,DISCOVERED,ind_prs30082021.pdf
2021-08-26,"Replacement in NIFTY SME EMERGE Index w.e.f. September 02, 2021",https://www.niftyindices.com/Press_Release/ind_prs26082021.pdf,PDF,,True,NSE Indices,DISCOVERED,ind_prs26082021.pdf
2021-08-23,Replacements in NIFTY SME Emerge Index w.e.f. 30-Aug-2021,https://www.niftyindices.com/Press_Release/ind_prs23082021_1.pdf,PDF,,True,NSE Indices,DISCOVERED,ind_prs23082021_1.pdf
2021-08-23,Revision in criteria and replacements in indices,https://www.niftyindices.com/Press_Release/ind_prs23082021.pdf,PDF,,True,NSE Indices,DISCOVERED,ind_prs23082021.pdf
2021-06-24,Replacement in NIFTY SME EMERGE Index,https://www.niftyindices.com/Press_Release/ind_prs24062021.pdf,PDF,,True,NSE Indices,DISCOVERED,ind_prs24062021.pdf
2021-06-15,"Replacements in Indices w.e.f. June 30, 2021",https://www.niftyindices.com/Press_Release/ind_prs15062021.pdf,PDF,,True,NSE Indices,DISCOVERED,ind_prs15062021.pdf
2021-04-22,"Replacements in Indices w.e.f. April 29, 2021",https://www.niftyindices.com/Press_Release/ind_prs22042021.pdf,PDF,,True,NSE Indices,DISCOVERED,ind_prs22042021.pdf
2021-03-10,"Replacements in Indices w.e.f. March 31, 2021",https://www.niftyindices.com/Press_Release/ind_prs10032021.pdf,PDF,,True,NSE Indices,DISCOVERED,ind_prs10032021.pdf
2021-02-23,"Changes in index maintenance guidelines, criteria and methodology",https://www.niftyindices.com/Press_Release/ind_prs23022021_1.pdf,PDF,,False,NSE Indices,DISCOVERED,ind_prs23022021_1.pdf
2021-02-23,"Replacements in Indices w.e.f. March 31, 2021",https://www.niftyindices.com/Press_Release/ind_prs23022021.pdf,PDF,,True,NSE Indices,DISCOVERED,ind_prs23022021.pdf
2021-01-18,"Replacements in NIFTY SME EMERGE Index w.e.f. January 25, 2021",https://www.niftyindices.com/Press_Release/ind_prs18012021.pdf,PDF,,True,NSE Indices,DISCOVERED,ind_prs18012021.pdf
2020-12-11,Replacements in Indices,https://www.niftyindices.com/Press_Release/ind_prs11122020.pdf,PDF,,True,NSE Indices,DISCOVERED,ind_prs11122020.pdf
2020-12-02,NSE Indices launches Nifty500 Multicap 50:25:25 Index,https://www.niftyindices.com/Press_Release/ind_prs02122020.pdf,PDF,,True,NSE Indices,DISCOVERED,ind_prs02122020.pdf
2020-11-18,"Replacement in indices w.e.f. November 25, 2020",https://www.niftyindices.com/Press_Release/ind_prs18112020.pdf,PDF,,True,NSE Indices,DISCOVERED,ind_prs18112020.pdf
2020-10-26,"Replacement in indices w.e.f. November 02, 2020",https://www.niftyindices.com/Press_Release/ind_prs26102020.pdf,PDF,,True,NSE Indices,DISCOVERED,ind_prs26102020.pdf
2020-09-30,"Replacement in indices w.e.f. October 08, 2020",https://www.niftyindices.com/Press_Release/ind_prs30092020.pdf,PDF,,True,NSE Indices,DISCOVERED,ind_prs30092020.pdf
2020-09-22,Replacement in NIFTY SME EMERGE Index,https://www.niftyindices.com/Press_Release/ind_prs22092020.pdf,PDF,,True,NSE Indices,DISCOVERED,ind_prs22092020.pdf
2020-09-07,Replacements in Indices,https://www.niftyindices.com/Press_Release/ind_prs07092020.pdf,PDF,,True,NSE Indices,DISCOVERED,ind_prs07092020.pdf
2020-08-20,Revision in criteria and replacements in Indices,https://www.niftyindices.com/Press_Release/ind_prs20082020.pdf,PDF,,True,NSE Indices,DISCOVERED,ind_prs20082020.pdf
2020-07-02,Replacement in Indices,https://www.niftyindices.com/Press_Release/ind_prs02072020_1.pdf,PDF,,True,NSE Indices,DISCOVERED,ind_prs02072020_1.pdf
2020-05-13,Index reconstitution and revision in eligibility criteria,https://www.niftyindices.com/Press_Release/ind_prs13052020.pdf,PDF,,True,NSE Indices,DISCOVERED,ind_prs13052020.pdf
2020-03-25,Deferment of Index Rebalancing - 25 Mar 2020,https://www.niftyindices.com/Press_Release/ind_prs25032020.pdf,PDF,,False,NSE Indices,DISCOVERED,ind_prs25032020.pdf
2020-03-23,Deferment of Index Rebalancing,https://www.niftyindices.com/Press_Release/ind_prs23032020.pdf,PDF,,False,NSE Indices,DISCOVERED,ind_prs23032020.pdf
2020-03-12,"Replacement in indices w.e.f. March 27, 2020",https://www.niftyindices.com/Press_Release/ind_prs12032020.pdf,PDF,,True,NSE Indices,DISCOVERED,ind_prs12032020.pdf
2020-02-18,Revision in criteria and replacements in Indices,https://www.niftyindices.com/Press_Release/ind_prs18022020.pdf,PDF,,True,NSE Indices,DISCOVERED,ind_prs18022020.pdf
2020-01-09,"Replacement in indices w.e.f. January 16, 2020",https://www.niftyindices.com/Press_Release/ind_prs09012020.pdf,PDF,,True,NSE Indices,DISCOVERED,ind_prs09012020.pdf
2019-12-19,"Replacement in indices w.e.f. December 27, 2019",https://www.niftyindices.com/Press_Release/ind_prs19122019.pdf,PDF,,True,NSE Indices,DISCOVERED,ind_prs19122019.pdf
2019-12-18,"Replacement in indices w.e.f. December 26, 2019",https://www.niftyindices.com/Press_Release/ind_prs18122019.pdf,PDF,,True,NSE Indices,DISCOVERED,ind_prs18122019.pdf
2019-12-16,Replacements and revision in Index criteria,https://www.niftyindices.com/Press_Release/ind_prs16122019.pdf,PDF,,True,NSE Indices,DISCOVERED,ind_prs16122019.pdf
2019-09-17,"Replacement in indices w.e.f. September 24, 2019",https://www.niftyindices.com/Press_Release/ind_prs17092019_1.pdf,PDF,,True,NSE Indices,DISCOVERED,ind_prs17092019_1.pdf
2019-09-17,"Revision in criteria of NIFTY Infrastructure Index and replacements in indices w.e.f. September 27, 2019",https://www.niftyindices.com/Press_Release/ind_prs17092019.pdf,PDF,,True,NSE Indices,DISCOVERED,ind_prs17092019.pdf
2019-03-13,Replacements and revision in criteria of indices,https://www.niftyindices.com/Press_Release/ind_prs13032019.pdf,PDF,,True,NSE Indices,DISCOVERED,ind_prs13032019.pdf
2018-10-24,NSE Indices launches NIFTY500 Value 50 Index,https://www.niftyindices.com/Press_Release/ind_prs24102018.pdf,PDF,,True,NSE Indices,DISCOVERED,ind_prs24102018.pdf
2018-09-24,Revision in criteria and replacements in NIFTY CPSE Index,https://www.niftyindices.com/Press_Release/ind_prs24092018.pdf,PDF,,True,NSE Indices,DISCOVERED,ind_prs24092018.pdf
2018-08-31,"Replacement in Indices w.e.f. September 28, 2018",https://www.niftyindices.com/Press_Release/ind_prs31082018.pdf,PDF,,True,NSE Indices,DISCOVERED,ind_prs31082018.pdf
2018-08-01,Replacement in Indices and revision in treatment of Special Dividend,https://www.niftyindices.com/Press_Release/ind_prs01082018.pdf,PDF,,True,NSE Indices,DISCOVERED,ind_prs01082018.pdf
2018-07-25,Migration of valuation source of NIFTY G-Sec Indices and Replacement in Fixed Income Index,https://www.niftyindices.com/Press_Release/ind_prs25072018.pdf,PDF,,True,NSE Indices,DISCOVERED,ind_prs25072018.pdf
2018-06-15,Revision in criteria of multi-factor indices and replacements in Indices,https://www.niftyindices.com/Press_Release/ind_prs15062018.pdf,PDF,,True,NSE Indices,DISCOVERED,ind_prs15062018.pdf
2018-04-24,IISL Launches NIFTY Equity Savings Index,https://www.niftyindices.com/Press_Release/ind_prs24042018.pdf,PDF,,False,NSE Indices,DISCOVERED,ind_prs24042018.pdf
2018-03-27,Change in the replacement date for Fixed Income Indices,https://www.niftyindices.com/Press_Release/ind_prs27032018_1.pdf,PDF,,True,NSE Indices,DISCOVERED,ind_prs27032018_1.pdf
2018-03-06,Replacements in Indices,https://www.niftyindices.com/Press_Release/ind_prs06032018.pdf,PDF,,True,NSE Indices,DISCOVERED,ind_prs06032018.pdf
2018-01-09,"Replacements in Fixed income Indices w.e.f. January 16, 2018",https://www.niftyindices.com/Press_Release/ind_prs09012018.pdf,PDF,,True,NSE Indices,DISCOVERED,ind_prs09012018.pdf
2017-10-25,"Replacements in Fixed Income Indices w.e.f. November 01, 2017",https://www.niftyindices.com/Press_Release/ind_prs25102017.pdf,PDF,,True,NSE Indices,DISCOVERED,ind_prs25102017.pdf
2017-08-29,Replacement in Indices.,https://www.niftyindices.com/Press_Release/ind_prs29082017.pdf,PDF,,True,NSE Indices,DISCOVERED,ind_prs29082017.pdf
2017-08-22,Changes in Index Maintenance Guidelines,https://www.niftyindices.com/Press_Release/ind_prs22082017.pdf,PDF,,False,NSE Indices,DISCOVERED,ind_prs22082017.pdf
2017-07-13,IISL launches 4 multi-factor equity indices,https://www.niftyindices.com/Press_Release/ind_prs13072017.pdf,PDF,,False,NSE Indices,DISCOVERED,ind_prs13072017.pdf
2017-04-27,Replacements in indices and change in NIFTY100 Equal Weight index,https://www.niftyindices.com/Press_Release/ind_prs27042017.pdf,PDF,,True,NSE Indices,DISCOVERED,ind_prs27042017.pdf
2017-03-07,Replacements in Indices.,https://www.niftyindices.com/Press_Release/ind_prs07032017.pdf,PDF,,True,NSE Indices,DISCOVERED,ind_prs07032017.pdf
2016-12-09,Change in the replacement date for NIFTY 15 yr and above G-Sec Index,https://www.niftyindices.com/Press_Release/ind_prs09122016.pdf,PDF,,True,NSE Indices,DISCOVERED,ind_prs09122016.pdf
2016-02-22,Changes in Index Maintenance Guidelines,https://www.niftyindices.com/Press_Release/ind_prs22022016.pdf,PDF,,False,NSE Indices,DISCOVERED,ind_prs22022016.pdf
2016-02-22,New Structure for Nifty Broad Market Indices,https://www.niftyindices.com/Press_Release/ind_prs22022016_1.pdf,PDF,,False,NSE Indices,DISCOVERED,ind_prs22022016_1.pdf
2015-12-07,"Change in Nifty 500 & Nifty Smallcap 100 Indices w.e.f December 14, 2015.",https://www.niftyindices.com/Press_Release/ind_prs07122015.pdf,PDF,,True,NSE Indices,DISCOVERED,ind_prs07122015.pdf
2015-06-05,"Change in CNX 500 Index w.e.f June 15, 2015.",https://www.niftyindices.com/Press_Release/ind_prs05062015.pdf,PDF,,True,NSE Indices,DISCOVERED,ind_prs05062015.pdf
2014-07-18,"Change in CNX 500 index w.e.f July 28, 2014.",https://www.niftyindices.com/Press_Release/ind_prs18072014.pdf,PDF,,True,NSE Indices,DISCOVERED,ind_prs18072014.pdf
2014-06-18,"Change in CNX 500 Index w.e.f June 30, 2014.",https://www.niftyindices.com/Press_Release/ind_prs18062014.pdf,PDF,,True,NSE Indices,DISCOVERED,ind_prs18062014.pdf
2014-04-25,"Change in CNX 500 Index w.e.f May 12, 2014",https://www.niftyindices.com/Press_Release/ind_prs25042014.pdf,PDF,,True,NSE Indices,DISCOVERED,ind_prs25042014.pdf
2013-08-02,"Change in CNX 500 Index w.e.f August 07, 2013.",https://www.niftyindices.com/Press_Release/ind_prs02082013.pdf,PDF,,True,NSE Indices,DISCOVERED,ind_prs02082013.pdf
2013-07-11,"Change in CNX 500 Index w.e.f July 17, 2013",https://www.niftyindices.com/Press_Release/ind_prs11072013.pdf,PDF,,True,NSE Indices,DISCOVERED,ind_prs11072013.pdf
2013-06-14,"Change in CNX 500 Index w.e.f June 21, 2013",https://www.niftyindices.com/Press_Release/ind_prs14062013.pdf,PDF,,True,NSE Indices,DISCOVERED,ind_prs14062013.pdf
2013-06-06,"Change in CNX 500 Index and CNX Metal Index w.e.f June 11, 2013",https://www.niftyindices.com/Press_Release/ind_prs06062013.pdf,PDF,,True,NSE Indices,DISCOVERED,ind_prs06062013.pdf
2013-03-05,"Change in CNX 500 w.e.f March 7, 2013.",https://www.niftyindices.com/Press_Release/ind_prs05032013.pdf,PDF,,True,NSE Indices,DISCOVERED,ind_prs05032013.pdf
2013-01-18,"Change in S&P CNX 500 and CNX Media Index w.e.f. January 23, 2013.",https://www.niftyindices.com/Press_Release/ind_prs18012013.pdf,PDF,,True,NSE Indices,DISCOVERED,ind_prs18012013.pdf
2012-06-08,"Change in S&P CNX 500 Index w.e.f June 18, 2012.",https://www.niftyindices.com/Press_Release/ind_prs08062012.pdf,PDF,,True,NSE Indices,DISCOVERED,ind_prs08062012.pdf
2012-03-02,"Change in S&P CNX 500 Index w.e.f March 7, 2012.",https://www.niftyindices.com/Press_Release/ind_prs02032012.pdf,PDF,,True,NSE Indices,DISCOVERED,ind_prs02032012.pdf
2011-08-19,"Change in S&P CNX 500 Index and CNX Smallcap Index w.e.f August 29, 2011",https://www.niftyindices.com/Press_Release/ind_prs19082011.pdf,PDF,,True,NSE Indices,DISCOVERED,ind_prs19082011.pdf
2011-06-16,"Change in S&P CNX 500 Index and CNX Small Cap Index w.e.f June 21, 2011.",https://www.niftyindices.com/Press_Release/ind_prs16062011.pdf,PDF,,True,NSE Indices,DISCOVERED,ind_prs16062011.pdf
2011-05-16,"Change in S&P CNX 500 Index w.e.f May 18, 2011.",https://www.niftyindices.com/Press_Release/ind_prs16052011.pdf,PDF,,True,NSE Indices,DISCOVERED,ind_prs16052011.pdf
2011-05-12,"Change in S&P CNX 500 Index and CNX Small Cap Index w.e.f May 18, 2011.",https://www.niftyindices.com/Press_Release/ind_prs12052011.pdf,PDF,,True,NSE Indices,DISCOVERED,ind_prs12052011.pdf
2011-04-06,"Change in S&P CNX 500 Index w.e.f April 11, 2011.",https://www.niftyindices.com/Press_Release/ind_prs06042011.pdf,PDF,,True,NSE Indices,DISCOVERED,ind_prs06042011.pdf
2011-03-23,"Change in S&P CNX 500 Index w.e.f March 25, 2010.",https://www.niftyindices.com/Press_Release/ind_prs23032011.pdf,PDF,,True,NSE Indices,DISCOVERED,ind_prs23032011.pdf
2011-02-04,"Change in S&P CNX 500 Index w.e.f February 8, 2011.",https://www.niftyindices.com/Press_Release/ind_prs04022011.pdf,PDF,,True,NSE Indices,DISCOVERED,ind_prs04022011.pdf
2011-01-18,"Change in S&P CNX 500 Index w.e.f January 20, 2011.",https://www.niftyindices.com/Press_Release/ind_prs18012011.pdf,PDF,,True,NSE Indices,DISCOVERED,ind_prs18012011.pdf
2010-07-07,"Change in S&P CNX 500 index w.e.f July 8, 2010",https://www.niftyindices.com/Press_Release/ind_prs07072010.pdf,PDF,,True,NSE Indices,DISCOVERED,ind_prs07072010.pdf
2010-02-19,"Change in S&P CNX 500 Index w.e.f February 24, 2010.",https://www.niftyindices.com/Press_Release/ind_prs19022010.pdf,PDF,,True,NSE Indices,DISCOVERED,ind_prs19022010.pdf
2009-12-16,"Change in S&P CNX 500 & CNX FMCG Indices w.e.f. December 22, 2009.",https://www.niftyindices.com/Press_Release/ind_prs16122009.pdf,PDF,,True,NSE Indices,DISCOVERED,ind_prs16122009.pdf
2009-08-10,"Change in S&P CNX 500 and CNX Midcap Index w.e.f. August 14, 2009.",https://www.niftyindices.com/Press_Release/ind_prs10082009.pdf,PDF,,True,NSE Indices,DISCOVERED,ind_prs10082009.pdf
2009-07-27,"Change in S&P CNX 500 Index w.e.f. July 31, 2009.",https://www.niftyindices.com/Press_Release/ind_prs27072009.pdf,PDF,,True,NSE Indices,DISCOVERED,ind_prs27072009.pdf
2009-06-19,"Change in S&P CNX 500 Index w.e.f. June 23, 2009.",https://www.niftyindices.com/Press_Release/ind_prs19062009.pdf,PDF,,True,NSE Indices,DISCOVERED,ind_prs19062009.pdf
2009-06-18,"Change in S&P CNX 500 Index w.e.f. June 19, 2009.",https://www.niftyindices.com/Press_Release/ind_prs18062009.pdf,PDF,,True,NSE Indices,DISCOVERED,ind_prs18062009.pdf
2009-06-03,"Change in Index Maintenance Procedure for all IISL indices  w.e.f. July 1, 2009.",https://www.niftyindices.com/Press_Release/ind_prs03062009.pdf,PDF,,False,NSE Indices,DISCOVERED,ind_prs03062009.pdf
2009-04-01,"Change in S&P CNX 500 Index w.e.f February 24, 2010.",https://www.niftyindices.com/Press_Release/ind_prs01042009.pdf,PDF,,True,NSE Indices,DISCOVERED,ind_prs01042009.pdf
1999-02-25,"Change in S&P CNX 500 index w.e.f. March 17, 1999",https://www.niftyindices.com/Press_Release/ind_prs25021999.pdf,PDF,,True,NSE Indices,DISCOVERED,ind_prs25021999.pdf
