document,page,matched_term,section_context
ind_prs01082018.pdf,1,Nifty 500,"Date: August 01, 2018 PRESS RELEASE Replacement in Indices and revision in treatment of Special Divi"
ind_prs01092022.pdf,2,Nifty 500,The following companies are being included: Sr. No. Company Name Symbol 1 Adani Total Gas Ltd. ATGL 
ind_prs01092022.pdf,3,Nifty 500,The following companies are being included: Sr. No. Company Name Symbol 1 Adani Wilmar Ltd. AWL 2 Ae
ind_prs02072020_1.pdf,2,Nifty 500,3) NIFTY 500 The following company is being excluded: Sr. No. Company Name Symbol 1 Vedanta Ltd. VED
ind_prs02072020_1.pdf,4,Nifty 500,9) NIFTY MNC The following company is being excluded: Sr. No. Company Name Symbol 1 Vedanta Ltd. VED
ind_prs02122020.pdf,1,Nifty 500,"Press Release December 02, 2020 NSE Indices launches Nifty500 Multicap 50:25:25 Index Index tracks a"
ind_prs04042025.pdf,1,Nifty 500,"PRESS RELEASE Mumbai, April 04, 2025 NSE Indices launches Nifty500 Flexicap Quality 30 Index NSE’s i"
ind_prs04042025_2.pdf,1,Nifty 500,"PRESS RELEASE Mumbai, April 04, 2025 Replacement in indices The Index Maintenance Sub-Committee (Equ"
ind_prs04042025_2.pdf,3,Nifty 500,6) Nifty500 Shariah The following company is being excluded: Sr. No. Company Name Symbol 1 Quess Cor
ind_prs04052026.pdf,1,Nifty 500,"PRESS RELEASE Mumbai, May 04, 2026 Replacement in indices The Index Maintenance Sub-Committee (Equit"
ind_prs04052026.pdf,4,Nifty 500,9) Nifty India Infrastructure & Logistics The following company is being excluded: Sr. No. Company N
ind_prs04052026.pdf,5,Nifty 500,12) Nifty500 Flexicap Quality 30 The following company is being excluded: Sr. No. Company Name Symbo
ind_prs04062024.pdf,1,Nifty 500,"PRESS RELEASE Mumbai, June 04, 2024 NSE Indices launches Nifty500 Momentum 50 index NSE’s index serv"
ind_prs04072023.pdf,2,Nifty 500,3) Nifty Next 50 The following company is being excluded: Sr. No. Company Name Symbol 1 LTIMindtree 
ind_prs04092024.pdf,1,Nifty 500,"PRESS RELEASE Mumbai, September 04, 2024 NSE Indices launches Nifty500 Multicap Momentum Quality 50 "
ind_prs04102024.pdf,1,Nifty 500,"PRESS RELEASE Mumbai, October 04, 2024 Replacement in indices The Index Maintenance Sub-Committee (E"
ind_prs04102024.pdf,4,Nifty 500,9) Nifty MidSmall Financial Services The following company is being excluded: Sr. No. Company Name S
ind_prs05042022.pdf,1,Nifty 500,"PRESS RELEASE Mumbai, April 05, 2022 Replacements in indices The Index Maintenance Sub-Committee - E"
ind_prs05042022_1.pdf,1,Nifty 500,"PRESS RELEASE Mumbai, April 05, 2022 Replacements in indices The Index Maintenance Sub-Committee - E"
ind_prs05042022_1.pdf,2,Nifty 500,3) NIFTY Smallcap 100 The following company is being excluded: Sr. No. Company Name Symbol 1 BEML Lt
ind_prs06022025.pdf,1,Nifty 500,"PRESS RELEASE Mumbai, February 06, 2025 NSE Indices launches Nifty500 Multifactor MQVLv 50 Index NSE"
ind_prs06032018.pdf,1,Nifty 500,"Date: March 06, 2018 PRESS RELEASE Replacements in Indices On February 21, 2018, IISL announced repl"
ind_prs06032023.pdf,5,Nifty 500,"B. Replacements in Nifty Shariah indices: On account of monthly review of Shariah compliance, replac"
ind_prs06042022.pdf,1,Nifty 500,"PRESS RELEASE Mumbai, April 06, 2022 Replacement in indices NSE vide its circular dated April 6, 202"
ind_prs06042022.pdf,2,Nifty 500,3) NIFTY MidSmallcap 400 The following company is being excluded: Sr. No. Company Name Symbol 1 Supr
ind_prs06062025.pdf,5,Nifty 500,Sr. No. Company Name Symbol 9 Newgen Software Technologies Ltd. NEWGEN The following companies are b
ind_prs06062025.pdf,6,Nifty 500,10) Nifty500 Flexicap Quality 30 The following companies are being excluded: Sr. No. Company Name Sy
ind_prs06062025.pdf,9,Nifty 500,Sr. No. Company Name Symbol 16 Muthoot Finance Ltd. MUTHOOTFIN 17 SBI Cards and Payment Services Ltd
ind_prs06062025.pdf,11,Nifty 500,Sr. No. Company Name Symbol 21 Muthoot Finance Ltd. MUTHOOTFIN 22 Narayana Hrudayalaya Ltd. NH 23 Na
ind_prs06062025.pdf,15,Nifty 500,18) Nifty500 Multicap Momentum Quality 50 The following companies are being excluded: Sr. No. Compan
ind_prs06062025.pdf,16,Nifty 500,Sr. No. Company Name Symbol 8 Eicher Motors Ltd. EICHERMOT 9 Elecon Engineering Co. Ltd. ELECON 10 G
ind_prs06062025.pdf,17,Nifty 500,The following companies are being included: Sr. No. Company Name Symbol 1 Bajaj Finance Ltd. BAJFINA
ind_prs06062025.pdf,25,Nifty 500,Sr. No. Company Name Symbol 15 Ken Enterprises Ltd. KEN 16 Maxvolt Energy Industries Ltd. MAXVOLT 17
ind_prs06122022.pdf,1,Nifty 500,"PRESS RELEASE Mumbai, December 06, 2022 Replacements in indices The Index Maintenance Sub-Committee "
ind_prs06122022.pdf,2,Nifty 500,Sr. No. Company Name Symbol 3 UCO Bank UCOBANK The above replacements will also be applicable to Nif
ind_prs06122022.pdf,3,Nifty 500,Sr. No. Company Name Symbol 2 NIIT Ltd. NIITLTD 3 Shipping Corporation of India Ltd. SCI The followi
ind_prs06122022.pdf,9,Nifty 500,The following companies are being included: Sr. No. Company Name Symbol 1 Aditya Birla Capital Ltd. 
ind_prs07032017.pdf,1,Nifty 500,"Date: 7 March 2017 PRESS RELEASE Replacements in Indices On February 16, 2017 IISL had announced rep"
ind_prs07062024.pdf,7,Nifty 500,Sr. No. Company Name Symbol 5 Dixon Technologies (India) Ltd. DIXON 6 Glaxosmithkline Pharmaceutical
ind_prs07062024.pdf,12,Nifty 500,Sr. No. Company Name Symbol 7 Chennai Petroleum Corporation Ltd. CHENNPETRO 8 Elecon Engineering Co.
ind_prs07062024_1.pdf,1,Nifty 500,"PRESS RELEASE Mumbai, June 07, 2024 NSE Indices launches Nifty500 LargeMidSmall Equal-Cap Weighted i"
ind_prs07092020.pdf,1,Nifty 500,"Press Release September 07, 2020 Replacements in Indices The Index Maintenance Sub-Committee (IMSC) "
ind_prs07092020.pdf,5,Nifty 500,D. On account of non-compliance of SEBI Portfolio Concentration Norms On account of non-compliance o
ind_prs07122015.pdf,1,Nifty 500,"December 07, 2015 PRESS RELEASE The Index Maintenance Sub-Committee has decided to make the followin"
ind_prs07122023.pdf,8,Nifty 500,Sr. No. Company Name Symbol 18 Tube Investments of India Ltd. TIINDIA 19 TVS Motor Company Ltd. TVSM
ind_prs07122023.pdf,14,Nifty 500,Sr. No. Company Name Symbol 38 Oriana Power Ltd. ORIANA 39 Paragon Fine and Speciality Chemical Ltd.
ind_prs08122021.pdf,6,Nifty 500,Sr. No. Company Name Symbol 13 Titan Company Ltd. TITAN 14 Torrent Power Ltd. TORNTPOWER 15 United S
ind_prs09012020.pdf,1,Nifty 500,"Press Release January 09, 2020 Replacement in indices The Index Maintenance Sub-Committee (IMSC) of "
ind_prs09022023_1.pdf,1,Nifty 500,"PRESS RELEASE Mumbai, February 09, 2023 Replacements in indices The Index Maintenance Sub-Committee "
ind_prs09062023.pdf,7,Nifty 500,The following companies are being included: Sr. No. Company Name Symbol 1 Apollo Tyres Ltd. APOLLOTY
ind_prs09062023.pdf,13,Nifty 500,Sr. No. Company Name Symbol 19 Srivasavi Adhesive Tapes Ltd. SRIVASAVI 20 Systango Technologies Ltd.
ind_prs10062026.pdf,7,Nifty 500,Sr. No. Company Name Symbol 7 Sundaram Finance Ltd. SUNDARMFIN 8 Voltas Ltd. VOLTAS h) Nifty Smallca
ind_prs10062026.pdf,8,Nifty 500,Sr. No. Company Name Symbol 1 Angel One Ltd. ANGELONE 2 AstraZenca Pharma India Ltd. ASTRAZEN 3 Glax
ind_prs10062026.pdf,11,Nifty 500,Sr. No. Company Name Symbol 22 UPL Ltd. UPL The following companies are being included: Sr. No. Comp
ind_prs10062026.pdf,14,Nifty 500,The following company is being included: Sr. No. Company Name Symbol 1 ITC Ltd. ITC o) Nifty500 Valu
ind_prs10062026.pdf,15,Nifty 500,Sr. No. Company Name Symbol 1 Bajaj Finserv Ltd. BAJAJFINSV 2 Grasim Industries Ltd. GRASIM 3 HDFC B
ind_prs10062026.pdf,18,Nifty 500,Sr. No. Company Name Symbol 2 Adani Total Gas Ltd. ATGL 3 Ajanta Pharmaceuticals Ltd. AJANTPHARM 4 A
ind_prs10062026.pdf,21,Nifty 500,Sr. No. Company Name Symbol 19 NESCO Ltd. NESCO 20 Persistent Systems Ltd. PERSISTENT 21 Pricol Ltd.
ind_prs10062026.pdf,29,Nifty 500,Sr. No. Company Name Symbol 1 Acetech E-Commerce Ltd. ACETEC 2 Adisoft Technologies Ltd. ADISOFT 3 A
ind_prs10072026_1.pdf,1,Nifty 500,"PRESS RELEASE Mumbai, July 10, 2026 NSE Indices launches Nifty500 Ahimsa Index NSE's index services "
ind_prs10102024.pdf,1,Nifty 500,"PRESS RELEASE Mumbai, October 10, 2024 Replacement in indices The Index Maintenance Sub-Committee (E"
ind_prs10102024_1.pdf,1,Nifty 500,"PRESS RELEASE Mumbai, October 10, 2024 Replacements in indices The Index Maintenance Sub-Committee ("
ind_prs11072022.pdf,1,Nifty 500,"PRESS RELEASE Mumbai, July 11, 2022 Replacements in indices The Index Maintenance Sub-Committee (Equ"
ind_prs11072022.pdf,2,Nifty 500,The above replacements will also be applicable to Nifty500 Multicap 50:25:25 index. 2) Nifty 100 The
ind_prs11072022.pdf,9,Nifty 500,23) Nifty Dividend Opportunities 50 The following company is being excluded: Sr. No. Company Name Sy
ind_prs11122020.pdf,4,Nifty 500,Sr. No. Company Name Symbol 4 Bajaj Finance Ltd. BAJFINANCE Cholamandalam Investment and Finance 5 C
ind_prs11122024.pdf,9,Nifty 500,The following companies are being included: Sr. No. Company Name Symbol 1 Biocon Ltd. BIOCON 2 Cofor
ind_prs11122024.pdf,15,Nifty 500,Sr. No. Company Name Symbol 20 MphasiS Ltd. MPHASIS 21 Newgen Software Technologies Ltd. NEWGEN 22 P
ind_prs11122024.pdf,17,Nifty 500,o) Nifty200 Value 30 The following companies are being excluded: Sr. No. Company Name Symbol 1 Indus
ind_prs11122024.pdf,25,Nifty 500,Sr. No. Company Name Symbol 63 SPP Polymer Ltd. SPPPOLY 64 Sunlite Recycling Industries Ltd. SUNLITE
ind_prs11122025.pdf,1,Nifty 500,"PRESS RELEASE Mumbai, December 11, 2025 Replacements in indices The Index Maintenance Sub-Committee "
ind_prs11122025.pdf,3,Nifty 500,6) Nifty500 Multicap India Manufacturing 50:30:20 The following company is being excluded: Sr. No. C
ind_prs11122025.pdf,8,Nifty 500,Sr. No. Company Name Symbol 9 Maharashtra Seamless Ltd. MAHSEAMLES 10 Manappuram Finance Ltd. MANAPP
ind_prs11122025.pdf,9,Nifty 500,The following companies are being included: Sr. No. Company Name Symbol 1 Aditya Birla Sun Life AMC 
ind_prs11122025.pdf,12,Nifty 500,Sr. No. Company Name Symbol 9 GMR Airports Ltd. GMRAIRPORT 10 Hero MotoCorp Ltd. HEROMOTOCO 11 IDFC 
ind_prs11122025.pdf,14,Nifty 500,Sr. No. Company Name Symbol 22 IIFL Finance Ltd. IIFL 23 Indian Bank INDIANB 24 Karur Vysya Bank Ltd
ind_prs11122025.pdf,15,Nifty 500,The following companies are being included: Sr. No. Company Name Symbol 1 Aster DM Healthcare Ltd. A
ind_prs11122025.pdf,19,Nifty 500,Sr. No. Company Name Symbol 15 Hero MotoCorp Ltd. HEROMOTOCO 16 Hindustan Copper Ltd. HINDCOPPER 17 
ind_prs11122025.pdf,22,Nifty 500,Sr. No. Company Name Symbol 7 Bosch Ltd. BOSCHLTD 8 Britannia Industries Ltd. BRITANNIA 9 BSE Ltd. B
ind_prs12032020.pdf,4,Nifty 500,D. On account of non-compliance of SEBI Portfolio Concentration Norms On account of non-compliance o
ind_prs12032020.pdf,5,Nifty 500,4) NIFTY500 Value 50 The following company is being excluded: Sr. No. Company Name Symbol 1 Magma Fi
ind_prs12032026.pdf,6,Nifty 500,D. Replacements on account of monthly review of Nifty Shariah indices: 1) Nifty500 Shariah The follo
ind_prs13032025.pdf,6,Nifty 500,Sr. No. Company Name Symbol 8 Tata Motors Ltd. TATAMOTORS 9 Titan Company Ltd. TITAN The following c
ind_prs13052020.pdf,2,Nifty 500,B. Revision in eligibility criteria for NIFTY 100: The Index Maintenance Sub-Committee (IMSC) of NSE
ind_prs13072026_1.pdf,1,Nifty 500,"PRESS RELEASE Mumbai, July 13, 2026 Replacement in indices The Index Maintenance Sub-Committee (Equi"
ind_prs13072026_1.pdf,3,Nifty 500,6) Nifty Smallcap 500 The following company is being excluded: Sr. No. Company Name Symbol 1 J.B. Ch
ind_prs13072026_1.pdf,4,Nifty 500,9) Nifty500 Multicap India Manufacturing 50:30:20 The following company is being excluded: Sr. No. C
ind_prs13072026_1.pdf,5,Nifty 500,12) Nifty500 Flexicap Quality 30 The following company is being excluded: Sr. No. Company Name Symbo
ind_prs13072026_1.pdf,6,Nifty 500,15) Nifty Total Market Momentum Quality 50 The following company is being excluded: Sr. No. Company 
ind_prs13072026_1.pdf,7,Nifty 500,18) Nifty Smallcap250 Momentum Quality 100 The following company is being excluded: Sr. No. Company 
ind_prs15062021.pdf,1,Nifty 500,"Press Release June 15, 2021 Replacements in Indices The Index Maintenance Sub-Committee (Equity) of "
ind_prs15062021.pdf,7,Nifty 500,9) NIFTY500 Value 50 The following companies are being excluded: Sr. No. Company Name Symbol 1 Cyien
ind_prs15062022.pdf,6,Nifty 500,9) Nifty500 Value 50 The following companies are being excluded: Sr. No. Company Name Symbol 1 Equit
ind_prs15072025.pdf,1,Nifty 500,"PRESS RELEASE Mumbai, July 15, 2025 Corporate Action Adjustment for Valor Estate Ltd. in Nifty indic"
ind_prs15092021.pdf,5,Nifty 500,Few stakeholders are in discussions with NSE Indices and have raised certain concerns regarding incl
ind_prs15092021.pdf,7,Nifty 500,Sr. No. Company Name Symbol 17 Nazara Technologies Ltd. NAZARA 18 Poonawalla Fincorp Ltd. POONAWALLA
ind_prs15092023.pdf,5,Nifty 500,C. Replacements on account of monthly review of Nifty Shariah indices: On account of monthly review 
ind_prs15092025.pdf,5,Nifty 500,Sr. No. Company Name Symbol 2 State Bank of India SBIN No changes are being made to Nifty Low Volati
ind_prs15092025_1.pdf,1,Nifty 500,"PRESS RELEASE Mumbai, September 15, 2025 Replacements in indices The Index Maintenance Sub-Committee"
ind_prs15092025_1.pdf,3,Nifty 500,6) Nifty Microcap 250 The following company is being excluded: Sr. No. Company Name Symbol 1 Relianc
ind_prs16092022.pdf,1,Nifty 500,"PRESS RELEASE Mumbai, September 16, 2022 Replacements in indices The Index Maintenance Sub-Committee"
ind_prs16092022.pdf,2,Nifty 500,The following company is being included: Sr. No. Company Name Symbol 1 Shoppers Stop Ltd. SHOPERSTOP
ind_prs16092022.pdf,8,Nifty 500,The following companies are being included: Sr. No. Company Name Symbol 1 Bank of Baroda BANKBARODA 
ind_prs16122019.pdf,1,Nifty 500,"Press Release December 16, 2019 Replacements and revision in Index criteria The Index Maintenance Su"
ind_prs16122019.pdf,3,Nifty 500,v) Corporation Bank: On account of proposed amalgamation of Corporation Bank into Union Bank of Indi
ind_prs16122019.pdf,12,Nifty 500,Sr. No. Company Name Symbol 4 Mahindra & Mahindra Financial Services Ltd. M&MFIN 5 Pfizer Ltd. PFIZE
ind_prs17022023_1.pdf,1,Nifty 500,"PRESS RELEASE Mumbai, February 17, 2023 Replacements in indices The Index Maintenance Sub-Committee "
ind_prs17022023_1.pdf,3,Nifty 500,Sr. No. Company Name Symbol 15 KFin Technologies Ltd. KFINTECH 16 KSB Ltd. KSB 17 Meghmani Finechem 
ind_prs17032025.pdf,1,Nifty 500,"PRESS RELEASE Mumbai, March 17, 2025 Replacement in indices NSE vide its circular NSE/CML/67118 date"
ind_prs17032025.pdf,2,Nifty 500,3) Nifty MidSmallcap 400 The following company is being excluded: Sr. No. Company Name Symbol 1 ICIC
ind_prs17032025.pdf,3,Nifty 500,6) Nifty India New Age Consumption The following company is being excluded: Sr. No. Company Name Sym
ind_prs17032025.pdf,4,Nifty 500,9) Nifty Smallcap250 Momentum Quality 100 The following company is being excluded: Sr. No. Company N
ind_prs17032025.pdf,5,Nifty 500,12) Nifty500 Multifactor MQVLv 50 The following company is being excluded: Sr. No. Company Name Symb
ind_prs17072026_1.pdf,1,Nifty 500,"PRESS RELEASE Mumbai, July 17, 2026 Replacement in indices The Index Maintenance Sub-Committee (Equi"
ind_prs17082023.pdf,2,Nifty 500,b) Nifty 500 The following companies are being excluded: Sr. No. Company Name Symbol 1 BASF India Lt
ind_prs17082023.pdf,3,Nifty 500,Sr. No. Company Name Symbol 12 Safari Industries (India) Ltd. SAFARI 13 Saregama India Ltd SAREGAMA 
ind_prs17082023.pdf,26,Nifty 500,Sr. No. Company Name Symbol 15 Proventus Agrocom Ltd. PROV 16 Rachana Infrastructure Ltd. RILINFRA 1
ind_prs17082023.pdf,27,Nifty 500,Index Existing Revised 25. Nifty Non-Cyclical Consumer data used for index data used for index 26. N
ind_prs17092019.pdf,1,Nifty 500,"Press Release September 17, 2019 Replacements in Indices The Index Maintenance Sub-Committee (IMSC) "
ind_prs17092019.pdf,2,Nifty 500,Sr. No. Company Name Symbol 1 TTK Prestige Ltd. TTKPRESTIG The following company is being included: 
ind_prs17092019_1.pdf,1,Nifty 500,"Press Release September 17, 2019 Replacements in Indices The Index Maintenance Sub-Committee (IMSC) "
ind_prs17102023.pdf,1,Nifty 500,"PRESS RELEASE Mumbai, October 17, 2023 Replacements in indices The Index Maintenance Sub-Committee ("
ind_prs17102023.pdf,3,Nifty 500,Sr. No. Company Name Symbol 4 Kirloskar Ferrous Industries Ltd. KIRLFER The following companies are 
ind_prs17102025.pdf,2,Nifty 500,Sr. No. Company Name Symbol 3 Zydus Lifesciences Ltd. ZYDUSLIFE No inclusion is being made in the in
ind_prs17112025_1.pdf,2,Nifty 500,B. Replacements on account of monthly review of Nifty Shariah indices: 1) Nifty500 Shariah The follo
ind_prs18022020.pdf,1,Nifty 500,"Press Release February 18, 2020 Revision in criteria and replacements in Indices The Index Maintenan"
ind_prs18022020.pdf,2,Nifty 500,The following company is being included: Sr. No. Company Name Symbol 1 Shree Cement Ltd. SHREECEM Th
ind_prs18022025.pdf,1,Nifty 500,"PRESS RELEASE Mumbai, February 18, 2025 Replacements in indices The Index Maintenance Sub-Committee "
ind_prs18112020.pdf,1,Nifty 500,"Press Release November 18, 2020 Replacement in Indices The Index Maintenance Sub-Committee (IMSC) of"
ind_prs18122019.pdf,1,Nifty 500,"Press Release December 18, 2019 Replacement in indices NSE vide its circular NSE/CML/42939 dated Dec"
ind_prs19012024.pdf,1,Nifty 500,"PRESS RELEASE Mumbai, January 19, 2024 Replacement in indices The Index Maintenance Sub-Committee (E"
ind_prs19032024.pdf,1,Nifty 500,"PRESS RELEASE Mumbai, March 19, 2024 Replacements in indices The Index Maintenance Sub-Committee (Eq"
ind_prs19032024.pdf,2,Nifty 500,Sr. Index Name Security Name Symbol Remarks No. Indian Renewable Energy Dev. IREDA Inclusion revoked
ind_prs19032024.pdf,3,Nifty 500,2) Nifty500 Shariah The following companies are being excluded on account of exclusion from Nifty 50
ind_prs19042023_1.pdf,2,Nifty 500,1) Nifty 500 The following companies are being excluded: Sr. No. Company Name Symbol 1 Bajaj Electri
ind_prs19042023_1.pdf,4,Nifty 500,Sr. No. Company Name Symbol 3 Hindustan Foods Ltd. HNDFDS 4 Spicejet Ltd. SPICEJET 5 Vakrangee Ltd. 
ind_prs19042023_1.pdf,5,Nifty 500,"C. Replacement in Nifty Shariah indices: On account of monthly review of Shariah compliance, replace"
ind_prs19122019.pdf,1,Nifty 500,"Press Release December 19, 2019 Replacement in indices The Index Maintenance Sub-Committee (IMSC) of"
ind_prs20012026_2.pdf,1,Nifty 500,"PRESS RELEASE Mumbai, January 20, 2026 Replacement in indices The Index Maintenance Sub-Committee (E"
ind_prs20022026_2.pdf,1,Nifty 500,"PRESS RELEASE Mumbai, February 20, 2026 Replacement in indices The Index Maintenance Sub-Committee ("
ind_prs20052026_1.pdf,1,Nifty 500,"PRESS RELEASE Mumbai, May 20, 2026 Replacement in indices The Index Maintenance Sub-Committee (Equit"
ind_prs20082020.pdf,1,Nifty 500,"Press Release August 20, 2020 Revision in criteria and replacements in Indices The Index Maintenance"
ind_prs20082020.pdf,2,Nifty 500,OR OR 6 month average free float 6 month average free float market market capitalization of the stoc
ind_prs20082020.pdf,3,Nifty 500,• Rank based on average full market capitalization is among top 90 • Average full market capitalizat
ind_prs20082020.pdf,5,Nifty 500,The following companies are being included: Sr. No. Company Name Symbol 1 Adani Green Energy Ltd. AD
ind_prs20102022_1.pdf,1,Nifty 500,"PRESS RELEASE Mumbai, October 20, 2022 Replacements in indices The Index Maintenance Sub-Committee ("
ind_prs21022023.pdf,1,Nifty 500,"PRESS RELEASE Mumbai, February 21, 2023 Replacements in indices The Index Maintenance Sub-Committee "
ind_prs21022025.pdf,2,Nifty 500,b) Nifty 500 The following companies are being excluded: Sr. No. Company Name Symbol 1 Archean Chemi
ind_prs21022025.pdf,3,Nifty 500,The following companies are being included: Sr. No. Company Name Symbol 1 ACME Solar Holdings Ltd. A
ind_prs21022025.pdf,37,Nifty 500,r) Nifty Services Sector The following company is being excluded: Sr. No. Company Name Symbol 1 Adan
ind_prs21022025.pdf,38,Nifty 500,The following companies are being included: Sr. No. Company Name Symbol 1 Bharat Heavy Electricals L
ind_prs21042025_1.pdf,1,Nifty 500,"PRESS RELEASE Mumbai, April 21, 2025 Replacements in indices The Index Maintenance Sub-Committee (Eq"
ind_prs21062024_1.pdf,1,Nifty 500,"PRESS RELEASE Mumbai, June 21, 2024 Replacement in indices The Index Maintenance Sub-Committee (Equi"
ind_prs22022016_1.pdf,1,Nifty 500,"Date: February 22, 2016 PRESS RELEASE New Structure for Nifty Broad Market Indices Mumbai: India Ind"
ind_prs22022016_1.pdf,2,Nifty 500,rebranding of existing Nifty Midcap 100 and Nifty Smallcap 100 indices. These indices will be publis
ind_prs22042021.pdf,1,Nifty 500,"Press Release April 22, 2021 Replacements in Indices The Index Maintenance Sub-Committee (Equity) of"
ind_prs22052024.pdf,1,Nifty 500,"PRESS RELEASE Mumbai, May 22, 2024 Replacements in indices The Index Maintenance Sub-Committee (Equi"
ind_prs22082017.pdf,3,Nifty 500,2. Eligible universe for selection of stocks: Index Existing Criteria Revised Criteria Thematic Indi
ind_prs22082025.pdf,2,Nifty 500,2) Nifty 500 The following companies are being excluded: Sr. No. Company Name Symbol 1 Alivus Life S
ind_prs22082025.pdf,3,Nifty 500,Sr. No. Company Name Symbol 12 Maharashtra Scooters Ltd. MAHSCOOTER 13 Nuvoco Vistas Corporation Ltd
ind_prs22082025.pdf,21,Nifty 500,The following company is being included: Sr. No. Company Name Symbol 1 Piramal Pharma Ltd. PPLPHARMA
ind_prs22082025.pdf,30,Nifty 500,18) Nifty500 Multicap India Manufacturing 50:30:20 The following companies are being excluded: Sr. N
ind_prs22082025_1.pdf,1,Nifty 500,"PRESS RELEASE Mumbai, August 22, 2025 Replacements in indices The Index Maintenance Sub-Committee (E"
ind_prs22102021.pdf,3,Nifty 500,1) NIFTY 500 The following company is being excluded: Sr. No. Company Name Symbol 1 GMR Infrastructu
ind_prs22112024.pdf,1,Nifty 500,"PRESS RELEASE Mumbai, November 22, 2024 Replacements in indices The Index Maintenance Sub-Committee "
ind_prs22122022.pdf,1,Nifty 500,"PRESS RELEASE Mumbai, December 22, 2022 Replacements in indices The Index Maintenance Sub-Committee "
ind_prs22122022.pdf,2,Nifty 500,2) Nifty Smallcap 250 The following company is being excluded: Sr. No. Company Name Symbol 1 Saregam
ind_prs22122022.pdf,3,Nifty 500,5) Nifty Total Market The following companies are being excluded: Sr. No. Company Name Symbol 1 Sare
ind_prs23022021.pdf,2,Nifty 500,Sr. No. Company Name Symbol 6 Vedanta Ltd. VEDL 7 Yes Bank Ltd. YESBANK 3) NIFTY 500 The following c
ind_prs23022021.pdf,3,Nifty 500,Sr. No. Company Name Symbol 8 Intellect Design Arena Ltd. INTELLECT 9 K.P.R. Mill Ltd. KPRMILL 10 KP
ind_prs23022021_1.pdf,2,Nifty 500,"4 quarters (standalone (consolidated financials). financials). In case, consolidated financials are "
ind_prs23022026.pdf,1,Nifty 500,"PRESS RELEASE Mumbai, February 23, 2026 Replacements in indices The Index Maintenance Sub-Committee "
ind_prs23022026.pdf,3,Nifty 500,Sr. No. Company Name Symbol 21 Physicswallah Ltd. PWL 22 Pine Labs Ltd. PINELABS 23 Piramal Finance 
ind_prs23022026.pdf,29,Nifty 500,2) Nifty Financial Services The following company is being excluded: Sr. No. Company Name Symbol 1 I
ind_prs23022026.pdf,38,Nifty 500,The following companies are being included: Sr. No. Company Name Symbol 1 L&T Finance Ltd. LTF 2 Pir
ind_prs23022026.pdf,39,Nifty 500,The following companies are being included: Sr. No. Company Name Symbol 1 Asahi India Glass Ltd. ASA
ind_prs23032020.pdf,1,Nifty 500,"Press Release Deferment of Index Rebalancing March 23, 2020 The Index Maintenance Sub-Committee (IMS"
ind_prs23042026.pdf,1,Nifty 500,"PRESS RELEASE Mumbai, April 23, 2026 Corporate Action Adjustment for Vedanta Ltd. and Replacement in"
ind_prs23042026.pdf,2,Nifty 500,Sr. No. Index Name 18 Nifty Dividend Opportunities 50 19 Nifty Alpha 50 20 Nifty High Beta 50 21 Nif
ind_prs23082022.pdf,1,Nifty 500,"PRESS RELEASE Mumbai, August 23, 2022 Replacements in indices The Index Maintenance Sub-Committee (E"
ind_prs23082023.pdf,1,Nifty 500,"PRESS RELEASE Mumbai, August 23, 2023 Replacements in indices The Index Maintenance Sub-Committee (E"
ind_prs23082024.pdf,3,Nifty 500,c) Nifty 500 The following companies are being excluded: Sr. No. Company Name Symbol 1 Aether Indust
ind_prs23082024.pdf,4,Nifty 500,Sr. No. Company Name Symbol 3 Anant Raj Ltd. ANANTRAJ 4 BASF India Ltd. BASF 5 Bharti Hexacom Ltd. B
ind_prs23082024.pdf,32,Nifty 500,p) Nifty Rural The following companies are being excluded: Sr. No. Company Name Symbol 1 Adani Wilma
ind_prs23082024.pdf,33,Nifty 500,Sr. No. Company Name Symbol 3 Hindustan Aeronautics Ltd. HAL 4 Kajaria Ceramics Ltd. KAJARIACER 5 SR
ind_prs23082024_1.pdf,1,Nifty 500,"PRESS RELEASE Mumbai, August 23, 2024 Replacements in indices The Index Maintenance Sub-Committee (E"
ind_prs23082024_1.pdf,2,Nifty 500,"2024 (close of August 29, 2024) and shall be reflected in the indices that are computed based on mar"
ind_prs23092024.pdf,5,Nifty 500,DCM Shriram Ltd. DCMSHRIRAM Exclusion revoked Lakshmi Machine Works Ltd. LAXMIMACH Inclusion This pr
ind_prs24022022_1.pdf,3,Nifty 500,3) NIFTY 500 The following companies are being excluded: Sr. No. Company Name Symbol 1 Alembic Ltd. 
ind_prs24022022_1.pdf,4,Nifty 500,The following companies are being included: Sr. No. Company Name Symbol 1 Aditya Birla Sun Life AMC 
ind_prs24042024.pdf,2,Nifty 500,3) Nifty500 Value 50 The following company is being excluded: Sr. No. Company Name Symbol 1 Brightco
ind_prs24052022.pdf,1,Nifty 500,"PRESS RELEASE Mumbai, May 24, 2022 Replacement in indices The Index Maintenance Sub-Committee - Equi"
ind_prs24052022.pdf,2,Nifty 500,3) Nifty MidSmallcap 400 The following company is being excluded: Sr. No. Company Name Symbol 1 Jind
ind_prs24072023.pdf,1,Nifty 500,"PRESS RELEASE Mumbai, July 24, 2023 Replacements in indices The Index Maintenance Sub-Committee (Equ"
ind_prs24072024.pdf,1,Nifty 500,"PRESS RELEASE Mumbai, July 24, 2024 Replacements in indices The Index Maintenance Sub-Committee (Equ"
ind_prs24072025.pdf,1,Nifty 500,"PRESS RELEASE Mumbai, July 24, 2025 Replacements in indices The Index Maintenance Sub-Committee (Equ"
ind_prs24102018.pdf,1,Nifty 500,"PRESS RELEASE October 24, 2018 NSE Indices launches NIFTY500 Value 50 Index tracks performance of se"
ind_prs25062025.pdf,1,Nifty 500,"PRESS RELEASE Mumbai, June 25, 2025 NSE Indices launches Nifty500 Healthcare Index NSE’s index servi"
ind_prs25092024.pdf,1,Nifty 500,"PRESS RELEASE Mumbai, September 25, 2024 Replacements in indices The Index Maintenance Sub-Committee"
ind_prs25092024.pdf,2,Nifty 500,Sr. Index Name Security Name Symbol Remarks No. Nifty LargeMidcap Vodafone Idea Ltd. IDEA Exclusion 
ind_prs26072022.pdf,2,Nifty 500,The following companies are being included: Sr. No. Company Name Symbol 1 Tata Steel Ltd. TATASTEEL 
ind_prs26102020.pdf,1,Nifty 500,"Press Release October 26, 2020 Replacement in Indices The Index Maintenance Sub-Committee (IMSC) of "
ind_prs27042017.pdf,1,Nifty 500,Date: 27 April 2017 PRESS RELEASE Replacements in indices and change in NIFTY100 Equal Weight index 
ind_prs28022024.pdf,2,Nifty 500,Sr. No. Company Name Symbol 3 PI Industries Ltd. PIIND 4 Procter & Gamble Hygiene & Health Care Ltd.
ind_prs28022024.pdf,4,Nifty 500,Sr. No. Company Name Symbol 20 JSW Infrastructure Ltd. JSWINFRA 21 Jupiter Wagons Ltd. JWL 22 Lloyds
ind_prs29082017.pdf,1,Nifty 500,"Date: August 29, 2017 PRESS RELEASE Replacements in Indices On August 28, 2017 IISL announced replac"
ind_prs31052024.pdf,1,Nifty 500,"PRESS RELEASE Mumbai, May 31, 2024 NSE Indices launches Nifty500 Equal Weight Index NSE’s index serv"
ind_prs31082018.pdf,1,Nifty 500,"August 31, 2018 Replacement in Indices The Index Maintenance Sub-Committee (IMSC) has decided to rep"
