security_id,isin,symbol,canonical_symbol,valid_from,valid_to,membership_status,evidence_status,source_event_count,identity_confidence
SEC_0001,INE466L01038,360ONE,360ONE,"December 31, 2024",9999-12-31,ACTIVE_CONSTITUENT,OFFICIAL_SNAPSHOT,1,HIGH
SEC_0002,INE470A01017,3MINDIA,3MINDIA,2018-01-01,9999-12-31,ACTIVE_CONSTITUENT,OFFICIAL_SNAPSHOT,0,HIGH
SEC_0003,INE883F01010,AADHARHFC,AADHARHFC,"September 30, 2024",9999-12-31,ACTIVE_CONSTITUENT,OFFICIAL_SNAPSHOT,1,HIGH
SEC_0005,INE769A01020,AARTIIND,AARTIIND,"March 31, 2023",9999-12-31,ACTIVE_CONSTITUENT,OFFICIAL_SNAPSHOT,2,HIGH
SEC_0006,INE216P01012,AAVAS,AAVAS,2018-01-01,9999-12-31,ACTIVE_CONSTITUENT,OFFICIAL_SNAPSHOT,0,HIGH
SEC_0007,INE117A01022,ABB,ABB,"June 28, 2024","June 28, 2024",ACTIVE_CONSTITUENT,OFFICIAL_EVENT_RECONSTRUCTED,4,HIGH
SEC_0007,INE117A01022,ABB,ABB,"June 30,
2025",9999-12-31,ACTIVE_CONSTITUENT,OFFICIAL_SNAPSHOT,4,HIGH
SEC_0008,INE358A01014,ABBOTINDIA,ABBOTINDIA,"May 31, 2024",9999-12-31,ACTIVE_CONSTITUENT,OFFICIAL_SNAPSHOT,1,HIGH
SEC_0009,INE674K01013,ABCAPITAL,ABCAPITAL,,9999-12-31,ACTIVE_CONSTITUENT,OFFICIAL_SNAPSHOT,1,HIGH
SEC_0010,INE552Z01027,ABDL,ABDL,"March 30, 2026",9999-12-31,ACTIVE_CONSTITUENT,OFFICIAL_SNAPSHOT,1,HIGH
SEC_0011,INE647O01011,ABFRL,ABFRL,"May 31, 2024","October 31, 2024",ACTIVE_CONSTITUENT,OFFICIAL_EVENT_RECONSTRUCTED,3,HIGH
SEC_0011,INE647O01011,ABFRL,ABFRL,"October 31, 2025",9999-12-31,ACTIVE_CONSTITUENT,OFFICIAL_SNAPSHOT,3,HIGH
SEC_0013,INE14LE01019,ABLBL,ABLBL,"September 30, 2025",9999-12-31,ACTIVE_CONSTITUENT,OFFICIAL_SNAPSHOT,2,HIGH
SEC_0014,INE055A01016,ABREL,ABREL,"August 29, 2025",9999-12-31,ACTIVE_CONSTITUENT,OFFICIAL_SNAPSHOT,1,HIGH
SEC_0015,INE404A01024,ABSLAMC,ABSLAMC,"March
31, 2022","March 31, 2023",ACTIVE_CONSTITUENT,OFFICIAL_EVENT_RECONSTRUCTED,5,HIGH
SEC_0015,INE404A01024,ABSLAMC,ABSLAMC,"September 30, 2024","June 30,
2025",ACTIVE_CONSTITUENT,OFFICIAL_EVENT_RECONSTRUCTED,5,HIGH
SEC_0015,INE404A01024,ABSLAMC,ABSLAMC,"June 30,
2025",9999-12-31,ACTIVE_CONSTITUENT,OFFICIAL_SNAPSHOT,5,HIGH
SEC_0016,INE012A01025,ACC,ACC,"July 31, 2026",9999-12-31,ACTIVE_CONSTITUENT,OFFICIAL_SNAPSHOT,2,HIGH
SEC_0017,INE731H01025,ACE,ACE,"March 28, 2024",9999-12-31,ACTIVE_CONSTITUENT,OFFICIAL_SNAPSHOT,1,HIGH
SEC_0018,INSUFFICIENT_ISIN_COVERAGE,ACI,ACI,"March 31, 2023","March 28, 2025",ACTIVE_CONSTITUENT,OFFICIAL_EVENT_RECONSTRUCTED,4,HIGH
SEC_0019,INE622W01025,ACMESOLAR,ACMESOLAR,"March 28, 2025",9999-12-31,ACTIVE_CONSTITUENT,OFFICIAL_SNAPSHOT,1,HIGH
SEC_0020,INE00FF01025,ACUTAAS,ACUTAAS,"March 30, 2026",9999-12-31,ACTIVE_CONSTITUENT,OFFICIAL_SNAPSHOT,1,HIGH
SEC_0021,INE931S01010,ADANIENSOL,ADANIENSOL,2018-01-01,9999-12-31,ACTIVE_CONSTITUENT,OFFICIAL_SNAPSHOT,0,HIGH
SEC_0022,INE423A01024,ADANIENT,ADANIENT,"May 31, 2024",9999-12-31,ACTIVE_CONSTITUENT,OFFICIAL_SNAPSHOT,1,HIGH
SEC_0023,INSUFFICIENT_ISIN_COVERAGE,ADANIGAS,ADANIGAS,"January 1, 2021",9999-12-31,ACTIVE_CONSTITUENT,OFFICIAL_EVENT_RECONSTRUCTED,1,HIGH
SEC_0024,INE364U01010,ADANIGREEN,ADANIGREEN,"December 31, 2021",9999-12-31,ACTIVE_CONSTITUENT,OFFICIAL_SNAPSHOT,1,HIGH
SEC_0025,INE742F01042,ADANIPORTS,ADANIPORTS,"June 28, 2024","December 31, 2024",ACTIVE_CONSTITUENT,OFFICIAL_EVENT_RECONSTRUCTED,2,HIGH
SEC_0025,INE742F01042,ADANIPORTS,ADANIPORTS,"December 31, 2024",9999-12-31,ACTIVE_CONSTITUENT,OFFICIAL_SNAPSHOT,2,HIGH
SEC_0026,INE814H01029,ADANIPOWER,ADANIPOWER,"March 31, 2023","December 31, 2024",ACTIVE_CONSTITUENT,OFFICIAL_EVENT_RECONSTRUCTED,3,HIGH
SEC_0026,INE814H01029,ADANIPOWER,ADANIPOWER,"December 31, 2024",9999-12-31,ACTIVE_CONSTITUENT,OFFICIAL_SNAPSHOT,3,HIGH
SEC_0028,INSUFFICIENT_ISIN_COVERAGE,AEGISCHEM,AEGISCHEM,"August 31, 2023",9999-12-31,ACTIVE_CONSTITUENT,OFFICIAL_EVENT_RECONSTRUCTED,1,HIGH
SEC_0029,INE208C01025,AEGISLOG,AEGISLOG,"August 29, 2025",9999-12-31,ACTIVE_CONSTITUENT,OFFICIAL_SNAPSHOT,1,HIGH
SEC_0030,INE0INX01018,AEGISVOPAK,AEGISVOPAK,"September 30, 2025",9999-12-31,ACTIVE_CONSTITUENT,OFFICIAL_SNAPSHOT,1,HIGH
SEC_0031,INSUFFICIENT_ISIN_COVERAGE,AETHER,AETHER,"September 30, 2022","September 30, 2024",ACTIVE_CONSTITUENT,OFFICIAL_EVENT_RECONSTRUCTED,3,HIGH
SEC_0032,INE101I01011,AFCONS,AFCONS,"March 28, 2025",9999-12-31,ACTIVE_CONSTITUENT,OFFICIAL_SNAPSHOT,2,HIGH
SEC_0033,INE00WC01027,AFFLE,AFFLE,"December 26, 2019","October 31, 2024",ACTIVE_CONSTITUENT,OFFICIAL_EVENT_RECONSTRUCTED,4,HIGH
SEC_0033,INE00WC01027,AFFLE,AFFLE,,9999-12-31,ACTIVE_CONSTITUENT,OFFICIAL_SNAPSHOT,4,HIGH
SEC_0034,INSUFFICIENT_ISIN_COVERAGE,AGARWALEYE,AGARWALEYE,"September 30, 2025","March 30, 2026",ACTIVE_CONSTITUENT,OFFICIAL_EVENT_RECONSTRUCTED,2,HIGH
SEC_0035,INE212H01026,AIAENG,AIAENG,"May 31, 2024",9999-12-31,ACTIVE_CONSTITUENT,OFFICIAL_SNAPSHOT,1,HIGH
SEC_0036,INE206F01022,AIIL,AIIL,"March 28, 2025",9999-12-31,ACTIVE_CONSTITUENT,OFFICIAL_SNAPSHOT,1,HIGH
SEC_0037,INE031B01049,AJANTPHARM,AJANTPHARM,2018-01-01,9999-12-31,ACTIVE_CONSTITUENT,OFFICIAL_SNAPSHOT,0,HIGH
SEC_0038,INSUFFICIENT_ISIN_COVERAGE,AKUMS,AKUMS,"October 31, 2024","March 30, 2026",ACTIVE_CONSTITUENT,OFFICIAL_EVENT_RECONSTRUCTED,4,HIGH
SEC_0039,INSUFFICIENT_ISIN_COVERAGE,AKZOINDIA,AKZOINDIA,"September 30, 2025",9999-12-31,ACTIVE_CONSTITUENT,OFFICIAL_EVENT_RECONSTRUCTED,2,HIGH
SEC_0041,INSUFFICIENT_ISIN_COVERAGE,ALIVUS,ALIVUS,"March 28, 2025","September 30, 2025",ACTIVE_CONSTITUENT,OFFICIAL_EVENT_RECONSTRUCTED,4,HIGH
SEC_0042,INE540L01014,ALKEM,ALKEM,2018-01-01,9999-12-31,ACTIVE_CONSTITUENT,OFFICIAL_SNAPSHOT,0,HIGH
SEC_0044,INSUFFICIENT_ISIN_COVERAGE,ALLCARGO,ALLCARGO,"March
31, 2022","September 30, 2024",ACTIVE_CONSTITUENT,OFFICIAL_EVENT_RECONSTRUCTED,7,HIGH
SEC_0044,INSUFFICIENT_ISIN_COVERAGE,ALLCARGO,ALLCARGO,,9999-12-31,ACTIVE_CONSTITUENT,OFFICIAL_EVENT_RECONSTRUCTED,7,HIGH
SEC_0045,INSUFFICIENT_ISIN_COVERAGE,ALOKINDS,ALOKINDS,"September 29, 2023","March 30, 2026",ACTIVE_CONSTITUENT,OFFICIAL_EVENT_RECONSTRUCTED,3,HIGH
SEC_0046,INE371P01015,AMBER,AMBER,"January 1, 2021",9999-12-31,ACTIVE_CONSTITUENT,OFFICIAL_SNAPSHOT,2,HIGH
SEC_0047,INE079A01024,AMBUJACEM,AMBUJACEM,"July 31, 2026",9999-12-31,ACTIVE_CONSTITUENT,OFFICIAL_SNAPSHOT,2,HIGH
SEC_0048,INE463V01026,ANANDRATHI,ANANDRATHI,"March 28, 2024","December 31, 2024",ACTIVE_CONSTITUENT,OFFICIAL_EVENT_RECONSTRUCTED,4,HIGH
SEC_0048,INE463V01026,ANANDRATHI,ANANDRATHI,"June 30,
2025",9999-12-31,ACTIVE_CONSTITUENT,OFFICIAL_SNAPSHOT,4,HIGH
SEC_0049,INE242C01024,ANANTRAJ,ANANTRAJ,"September 30, 2024",9999-12-31,ACTIVE_CONSTITUENT,OFFICIAL_SNAPSHOT,3,HIGH
SEC_0050,INSUFFICIENT_ISIN_COVERAGE,ANGELBRKG,ANGELBRKG,,9999-12-31,ACTIVE_CONSTITUENT,OFFICIAL_EVENT_RECONSTRUCTED,1,HIGH
SEC_0051,INE732I01021,ANGELONE,ANGELONE,2018-01-01,9999-12-31,ACTIVE_CONSTITUENT,OFFICIAL_SNAPSHOT,0,HIGH
SEC_0052,INE0CZ201020,ANTHEM,ANTHEM,"March 30, 2026",9999-12-31,ACTIVE_CONSTITUENT,OFFICIAL_SNAPSHOT,1,HIGH
SEC_0053,INE930P01018,ANURAS,ANURAS,"March 30, 2026",9999-12-31,ACTIVE_CONSTITUENT,OFFICIAL_SNAPSHOT,3,HIGH
SEC_0054,INE372A01015,APARINDS,APARINDS,"March 31, 2023","December 31, 2024",ACTIVE_CONSTITUENT,OFFICIAL_EVENT_RECONSTRUCTED,4,HIGH
SEC_0054,INE372A01015,APARINDS,APARINDS,,9999-12-31,ACTIVE_CONSTITUENT,OFFICIAL_SNAPSHOT,4,HIGH
SEC_0055,INE702C01027,APLAPOLLO,APLAPOLLO,2018-01-01,9999-12-31,ACTIVE_CONSTITUENT,OFFICIAL_SNAPSHOT,0,HIGH
SEC_0057,INE437A01024,APOLLOHOSP,APOLLOHOSP,"September 30, 2025",9999-12-31,ACTIVE_CONSTITUENT,OFFICIAL_SNAPSHOT,1,HIGH
SEC_0058,INE438A01022,APOLLOTYRE,APOLLOTYRE,2018-01-01,9999-12-31,ACTIVE_CONSTITUENT,OFFICIAL_SNAPSHOT,0,HIGH
SEC_0059,INE852O01025,APTUS,APTUS,"March
31, 2022",9999-12-31,ACTIVE_CONSTITUENT,OFFICIAL_SNAPSHOT,1,HIGH
SEC_0060,INE885A01032,ARE&M,ARE&M,2018-01-01,9999-12-31,ACTIVE_CONSTITUENT,OFFICIAL_SNAPSHOT,0,HIGH
SEC_0061,INE439A01020,ASAHIINDIA,ASAHIINDIA,,9999-12-31,ACTIVE_CONSTITUENT,OFFICIAL_SNAPSHOT,2,HIGH
SEC_0063,INE208A01029,ASHOKLEY,ASHOKLEY,"January 1, 2021",9999-12-31,ACTIVE_CONSTITUENT,OFFICIAL_SNAPSHOT,1,HIGH
SEC_0064,INE021A01026,ASIANPAINT,ASIANPAINT,2018-01-01,9999-12-31,ACTIVE_CONSTITUENT,OFFICIAL_SNAPSHOT,0,HIGH
SEC_0065,INE914M01019,ASTERDM,ASTERDM,"May 31, 2024",9999-12-31,ACTIVE_CONSTITUENT,OFFICIAL_SNAPSHOT,1,HIGH
SEC_0066,INE006I01046,ASTRAL,ASTRAL,2018-01-01,9999-12-31,ACTIVE_CONSTITUENT,OFFICIAL_SNAPSHOT,0,HIGH
SEC_0067,INE399L01023,ATGL,ATGL,"May 31, 2024","July 31, 2026",ACTIVE_CONSTITUENT,OFFICIAL_EVENT_RECONSTRUCTED,3,HIGH
SEC_0067,INE399L01023,ATGL,ATGL,"July 31, 2026",9999-12-31,ACTIVE_CONSTITUENT,OFFICIAL_SNAPSHOT,3,HIGH
SEC_0068,INE0LEZ01016,ATHERENERG,ATHERENERG,"September 30, 2025",9999-12-31,ACTIVE_CONSTITUENT,OFFICIAL_SNAPSHOT,1,HIGH
SEC_0069,INE100A01010,ATUL,ATUL,2018-01-01,9999-12-31,ACTIVE_CONSTITUENT,OFFICIAL_SNAPSHOT,0,HIGH
SEC_0070,INE949L01017,AUBANK,AUBANK,2018-01-01,9999-12-31,ACTIVE_CONSTITUENT,OFFICIAL_SNAPSHOT,0,HIGH
SEC_0071,INE406A01037,AUROPHARMA,AUROPHARMA,"June 30, 2022","June 28, 2024",ACTIVE_CONSTITUENT,OFFICIAL_EVENT_RECONSTRUCTED,4,HIGH
SEC_0071,INE406A01037,AUROPHARMA,AUROPHARMA,,9999-12-31,ACTIVE_CONSTITUENT,OFFICIAL_SNAPSHOT,4,HIGH
SEC_0073,INE699H01024,AWL,AWL,"September 30, 2022","July 31, 2023",ACTIVE_CONSTITUENT,OFFICIAL_EVENT_RECONSTRUCTED,3,HIGH
SEC_0073,INE699H01024,AWL,AWL,,9999-12-31,ACTIVE_CONSTITUENT,OFFICIAL_SNAPSHOT,3,HIGH
SEC_0074,INE238A01034,AXISBANK,AXISBANK,,9999-12-31,ACTIVE_CONSTITUENT,OFFICIAL_SNAPSHOT,1,HIGH
SEC_0075,INE917I01010,BAJAJ-AUTO,BAJAJ-AUTO,"June 28, 2024","December 31, 2024",ACTIVE_CONSTITUENT,OFFICIAL_EVENT_RECONSTRUCTED,2,HIGH
SEC_0075,INE917I01010,BAJAJ-AUTO,BAJAJ-AUTO,"December 31, 2024",9999-12-31,ACTIVE_CONSTITUENT,OFFICIAL_SNAPSHOT,2,HIGH
SEC_0078,INE918I01026,BAJAJFINSV,BAJAJFINSV,2018-01-01,9999-12-31,ACTIVE_CONSTITUENT,OFFICIAL_SNAPSHOT,0,HIGH
SEC_0079,INE377Y01014,BAJAJHFL,BAJAJHFL,"March 28, 2025",9999-12-31,ACTIVE_CONSTITUENT,OFFICIAL_SNAPSHOT,1,HIGH
SEC_0080,INE118A01012,BAJAJHLDNG,BAJAJHLDNG,2018-01-01,9999-12-31,ACTIVE_CONSTITUENT,OFFICIAL_SNAPSHOT,0,HIGH
SEC_0081,INE296A01032,BAJFINANCE,BAJFINANCE,2018-01-01,9999-12-31,ACTIVE_CONSTITUENT,OFFICIAL_SNAPSHOT,0,HIGH
SEC_0082,INSUFFICIENT_ISIN_COVERAGE,BALAMINES,BALAMINES,"August 08, 2022","March 28, 2025",ACTIVE_CONSTITUENT,OFFICIAL_EVENT_RECONSTRUCTED,4,HIGH
SEC_0082,INSUFFICIENT_ISIN_COVERAGE,BALAMINES,BALAMINES,,9999-12-31,ACTIVE_CONSTITUENT,OFFICIAL_EVENT_RECONSTRUCTED,4,HIGH
SEC_0083,INE787D01026,BALKRISIND,BALKRISIND,"July 31, 2023",9999-12-31,ACTIVE_CONSTITUENT,OFFICIAL_SNAPSHOT,1,HIGH
SEC_0084,INE119A01028,BALRAMCHIN,BALRAMCHIN,"December 31, 2021",9999-12-31,ACTIVE_CONSTITUENT,OFFICIAL_SNAPSHOT,1,HIGH
SEC_0085,INE545U01014,BANDHANBNK,BANDHANBNK,2018-01-01,9999-12-31,ACTIVE_CONSTITUENT,OFFICIAL_SNAPSHOT,0,HIGH
SEC_0086,INE028A01039,BANKBARODA,BANKBARODA,"January 1, 2021",,ACTIVE_CONSTITUENT,OFFICIAL_EVENT_RECONSTRUCTED,2,HIGH
SEC_0086,INE028A01039,BANKBARODA,BANKBARODA,,9999-12-31,ACTIVE_CONSTITUENT,OFFICIAL_SNAPSHOT,2,HIGH
SEC_0087,INE084A01016,BANKINDIA,BANKINDIA,"January 1, 2021",,ACTIVE_CONSTITUENT,OFFICIAL_EVENT_RECONSTRUCTED,2,HIGH
SEC_0087,INE084A01016,BANKINDIA,BANKINDIA,,9999-12-31,ACTIVE_CONSTITUENT,OFFICIAL_SNAPSHOT,2,HIGH
SEC_0088,INSUFFICIENT_ISIN_COVERAGE,BASF,BASF,"September 30, 2024","March 30, 2026",ACTIVE_CONSTITUENT,OFFICIAL_EVENT_RECONSTRUCTED,6,HIGH
SEC_0089,INE176A01028,BATAINDIA,BATAINDIA,"May 31, 2024",,ACTIVE_CONSTITUENT,OFFICIAL_EVENT_RECONSTRUCTED,2,HIGH
SEC_0089,INE176A01028,BATAINDIA,BATAINDIA,,9999-12-31,ACTIVE_CONSTITUENT,OFFICIAL_SNAPSHOT,2,HIGH
SEC_0090,INE462A01022,BAYERCROP,BAYERCROP,2018-01-01,9999-12-31,ACTIVE_CONSTITUENT,OFFICIAL_SNAPSHOT,0,HIGH
SEC_0091,INE050A01025,BBTC,BBTC,"September 30, 2024",9999-12-31,ACTIVE_CONSTITUENT,OFFICIAL_SNAPSHOT,1,HIGH
SEC_0092,INSUFFICIENT_ISIN_COVERAGE,BCG,BCG,"March
31, 2022","March 28, 2024",ACTIVE_CONSTITUENT,OFFICIAL_EVENT_RECONSTRUCTED,4,HIGH
SEC_0092,INSUFFICIENT_ISIN_COVERAGE,BCG,BCG,,9999-12-31,ACTIVE_CONSTITUENT,OFFICIAL_EVENT_RECONSTRUCTED,4,HIGH
SEC_0093,INE171Z01026,BDL,BDL,"June 28, 2024","December 31, 2024",ACTIVE_CONSTITUENT,OFFICIAL_EVENT_RECONSTRUCTED,3,HIGH
SEC_0093,INE171Z01026,BDL,BDL,,9999-12-31,ACTIVE_CONSTITUENT,OFFICIAL_SNAPSHOT,3,HIGH
SEC_0094,INE263A01024,BEL,BEL,"June 28, 2024","September 30, 2024",ACTIVE_CONSTITUENT,OFFICIAL_EVENT_RECONSTRUCTED,3,HIGH
SEC_0094,INE263A01024,BEL,BEL,"December 31, 2024",9999-12-31,ACTIVE_CONSTITUENT,OFFICIAL_SNAPSHOT,3,HIGH
SEC_0095,INE894V01022,BELRISE,BELRISE,"March 30, 2026",9999-12-31,ACTIVE_CONSTITUENT,OFFICIAL_SNAPSHOT,1,HIGH
SEC_0096,INE258A01024,BEML,BEML,,9999-12-31,ACTIVE_CONSTITUENT,OFFICIAL_SNAPSHOT,3,HIGH
SEC_0097,INE463A01038,BERGEPAINT,BERGEPAINT,2018-01-01,9999-12-31,ACTIVE_CONSTITUENT,OFFICIAL_SNAPSHOT,0,HIGH
SEC_0098,INE465A01025,BHARATFORG,BHARATFORG,2018-01-01,9999-12-31,ACTIVE_CONSTITUENT,OFFICIAL_SNAPSHOT,0,HIGH
SEC_0099,INSUFFICIENT_ISIN_COVERAGE,BHARATRAS,BHARATRAS,"September 30, 2022","March 31, 2023",ACTIVE_CONSTITUENT,OFFICIAL_EVENT_RECONSTRUCTED,4,HIGH
SEC_0100,INE397D01024,BHARTIARTL,BHARTIARTL,"January 1, 2021",9999-12-31,ACTIVE_CONSTITUENT,OFFICIAL_SNAPSHOT,1,HIGH
SEC_0101,INE343G01021,BHARTIHEXA,BHARTIHEXA,"September 30, 2024",9999-12-31,ACTIVE_CONSTITUENT,OFFICIAL_SNAPSHOT,1,HIGH
SEC_0102,INE257A01026,BHEL,BHEL,"December 31, 2024",9999-12-31,ACTIVE_CONSTITUENT,OFFICIAL_SNAPSHOT,2,HIGH
SEC_0103,INE00E101023,BIKAJI,BIKAJI,"March 31, 2023",9999-12-31,ACTIVE_CONSTITUENT,OFFICIAL_SNAPSHOT,2,HIGH
SEC_0104,INE376G01013,BIOCON,BIOCON,"August 31, 2023","May 31, 2024",ACTIVE_CONSTITUENT,OFFICIAL_EVENT_RECONSTRUCTED,2,HIGH
SEC_0104,INE376G01013,BIOCON,BIOCON,"May 31, 2024",9999-12-31,ACTIVE_CONSTITUENT,OFFICIAL_SNAPSHOT,2,HIGH
SEC_0106,INE153T01027,BLS,BLS,"March 31, 2023",9999-12-31,ACTIVE_CONSTITUENT,OFFICIAL_SNAPSHOT,1,HIGH
SEC_0107,INE233B01017,BLUEDART,BLUEDART,2018-01-01,9999-12-31,ACTIVE_CONSTITUENT,OFFICIAL_SNAPSHOT,0,HIGH
SEC_0108,INE0KBH01020,BLUEJET,BLUEJET,"September 30, 2025",9999-12-31,ACTIVE_CONSTITUENT,OFFICIAL_SNAPSHOT,2,HIGH
SEC_0109,INE472A01039,BLUESTARCO,BLUESTARCO,2018-01-01,9999-12-31,ACTIVE_CONSTITUENT,OFFICIAL_SNAPSHOT,0,HIGH
SEC_0111,INSUFFICIENT_ISIN_COVERAGE,BORORENEW,BORORENEW,"March
31, 2022","September 30, 2024",ACTIVE_CONSTITUENT,OFFICIAL_EVENT_RECONSTRUCTED,4,HIGH
SEC_0112,INE323A01026,BOSCHLTD,BOSCHLTD,,9999-12-31,ACTIVE_CONSTITUENT,OFFICIAL_SNAPSHOT,1,HIGH
SEC_0113,INE029A01011,BPCL,BPCL,"September 30, 2024",,ACTIVE_CONSTITUENT,OFFICIAL_EVENT_RECONSTRUCTED,3,HIGH
SEC_0113,INE029A01011,BPCL,BPCL,,9999-12-31,ACTIVE_CONSTITUENT,OFFICIAL_SNAPSHOT,3,HIGH
SEC_0114,INE791I01019,BRIGADE,BRIGADE,2018-01-01,9999-12-31,ACTIVE_CONSTITUENT,OFFICIAL_SNAPSHOT,0,HIGH
SEC_0115,INE216A01030,BRITANNIA,BRITANNIA,"June 30,
2025",,ACTIVE_CONSTITUENT,OFFICIAL_EVENT_RECONSTRUCTED,3,HIGH
SEC_0115,INE216A01030,BRITANNIA,BRITANNIA,,9999-12-31,ACTIVE_CONSTITUENT,OFFICIAL_SNAPSHOT,3,HIGH
SEC_0116,INE118H01025,BSE,BSE,"December 31, 2021",9999-12-31,ACTIVE_CONSTITUENT,OFFICIAL_SNAPSHOT,3,HIGH
SEC_0117,INSUFFICIENT_ISIN_COVERAGE,BSE LTD.*,BSE LTD.*,"March 28, 2024",9999-12-31,ACTIVE_CONSTITUENT,OFFICIAL_EVENT_RECONSTRUCTED,1,HIGH
SEC_0118,INE836A01035,BSOFT,BSOFT,"January 1, 2021","June 28, 2024",ACTIVE_CONSTITUENT,OFFICIAL_EVENT_RECONSTRUCTED,3,HIGH
SEC_0118,INE836A01035,BSOFT,BSOFT,,9999-12-31,ACTIVE_CONSTITUENT,OFFICIAL_SNAPSHOT,3,HIGH
SEC_0120,INE010B01027,CADILAHC,ZYDUSLIFE,2018-01-01,9999-12-31,ACTIVE_CONSTITUENT,OFFICIAL_SNAPSHOT,0,HIGH
SEC_0121,INSUFFICIENT_ISIN_COVERAGE,CAMPUS,CAMPUS,"August 08, 2022","March 30, 2026",ACTIVE_CONSTITUENT,OFFICIAL_EVENT_RECONSTRUCTED,3,HIGH
SEC_0122,INE596I01020,CAMS,CAMS,"December 31, 2021","May 31, 2024",ACTIVE_CONSTITUENT,OFFICIAL_EVENT_RECONSTRUCTED,3,HIGH
SEC_0122,INE596I01020,CAMS,CAMS,,9999-12-31,ACTIVE_CONSTITUENT,OFFICIAL_SNAPSHOT,3,HIGH
SEC_0123,INE476A01022,CANBK,CANBK,2018-01-01,9999-12-31,ACTIVE_CONSTITUENT,OFFICIAL_SNAPSHOT,0,HIGH
SEC_0124,INE477A01020,CANFINHOME,CANFINHOME,2018-01-01,9999-12-31,ACTIVE_CONSTITUENT,OFFICIAL_SNAPSHOT,0,HIGH
SEC_0125,INE01TY01017,CANHLIFE,CANHLIFE,"March 30, 2026",9999-12-31,ACTIVE_CONSTITUENT,OFFICIAL_SNAPSHOT,1,HIGH
SEC_0126,INE475E01026,CAPLIPOINT,CAPLIPOINT,"March 28, 2024","October 31, 2024",ACTIVE_CONSTITUENT,OFFICIAL_EVENT_RECONSTRUCTED,6,HIGH
SEC_0126,INE475E01026,CAPLIPOINT,CAPLIPOINT,"December 31, 2024",,ACTIVE_CONSTITUENT,OFFICIAL_EVENT_RECONSTRUCTED,6,HIGH
SEC_0126,INE475E01026,CAPLIPOINT,CAPLIPOINT,,9999-12-31,ACTIVE_CONSTITUENT,OFFICIAL_SNAPSHOT,6,HIGH
SEC_0127,INE120A01034,CARBORUNIV,CARBORUNIV,2018-01-01,9999-12-31,ACTIVE_CONSTITUENT,OFFICIAL_SNAPSHOT,0,HIGH
SEC_0129,INE290S01011,CARTRADE,CARTRADE,"March 30, 2026",9999-12-31,ACTIVE_CONSTITUENT,OFFICIAL_SNAPSHOT,1,HIGH
SEC_0130,INE172A01027,CASTROLIND,CASTROLIND,2018-01-01,9999-12-31,ACTIVE_CONSTITUENT,OFFICIAL_SNAPSHOT,0,HIGH
SEC_0131,INE421D01022,CCL,CCL,2018-01-01,9999-12-31,ACTIVE_CONSTITUENT,OFFICIAL_SNAPSHOT,0,HIGH
SEC_0132,INE736A01011,CDSL,CDSL,"June 28, 2024",9999-12-31,ACTIVE_CONSTITUENT,OFFICIAL_SNAPSHOT,1,HIGH
SEC_0133,INE482A01020,CEATLTD,CEATLTD,2018-01-01,9999-12-31,ACTIVE_CONSTITUENT,OFFICIAL_SNAPSHOT,0,HIGH
SEC_0134,INSUFFICIENT_ISIN_COVERAGE,CELLO,CELLO,"March 28, 2024","March 28, 2025",ACTIVE_CONSTITUENT,OFFICIAL_EVENT_RECONSTRUCTED,3,HIGH
SEC_0135,INE686A01026,CEMPRO,CEMPRO,"March 30, 2026",9999-12-31,ACTIVE_CONSTITUENT,OFFICIAL_SNAPSHOT,2,HIGH
SEC_0136,INE483A01010,CENTRALBK,CENTRALBK,2018-01-01,9999-12-31,ACTIVE_CONSTITUENT,OFFICIAL_SNAPSHOT,0,HIGH
SEC_0139,INE486A01021,CESC,CESC,2018-01-01,9999-12-31,ACTIVE_CONSTITUENT,OFFICIAL_SNAPSHOT,0,HIGH
SEC_0140,INE180C01042,CGCL,CGCL,"April 12, 2022",9999-12-31,ACTIVE_CONSTITUENT,OFFICIAL_SNAPSHOT,2,HIGH
SEC_0141,INE067A01029,CGPOWER,CGPOWER,"September 30, 2025",9999-12-31,ACTIVE_CONSTITUENT,OFFICIAL_SNAPSHOT,2,HIGH
SEC_0142,INE427F01016,CHALET,CHALET,2018-01-01,9999-12-31,ACTIVE_CONSTITUENT,OFFICIAL_SNAPSHOT,0,HIGH
SEC_0143,INE085A01013,CHAMBLFERT,CHAMBLFERT,,9999-12-31,ACTIVE_CONSTITUENT,OFFICIAL_SNAPSHOT,1,HIGH
SEC_0144,INSUFFICIENT_ISIN_COVERAGE,CHEMPLASTS,CHEMPLASTS,"March
31, 2022","March 28, 2025",ACTIVE_CONSTITUENT,OFFICIAL_EVENT_RECONSTRUCTED,3,HIGH
SEC_0145,INE178A01016,CHENNPETRO,CHENNPETRO,"March 28, 2024",,ACTIVE_CONSTITUENT,OFFICIAL_EVENT_RECONSTRUCTED,2,HIGH
SEC_0145,INE178A01016,CHENNPETRO,CHENNPETRO,,9999-12-31,ACTIVE_CONSTITUENT,OFFICIAL_SNAPSHOT,2,HIGH
SEC_0146,INE102B01014,CHOICEIN,CHOICEIN,"September 30, 2025",9999-12-31,ACTIVE_CONSTITUENT,OFFICIAL_SNAPSHOT,1,HIGH
SEC_0147,INE121A01024,CHOLAFIN,CHOLAFIN,2018-01-01,9999-12-31,ACTIVE_CONSTITUENT,OFFICIAL_SNAPSHOT,0,HIGH
SEC_0148,INE149A01033,CHOLAHLDNG,CHOLAHLDNG,"December 31, 2024",9999-12-31,ACTIVE_CONSTITUENT,OFFICIAL_SNAPSHOT,1,HIGH
SEC_0149,INE536H01010,CIEINDIA,CIEINDIA,"May 29, 2026",9999-12-31,ACTIVE_CONSTITUENT,OFFICIAL_SNAPSHOT,4,HIGH
SEC_0150,INE059A01026,CIPLA,CIPLA,2018-01-01,9999-12-31,ACTIVE_CONSTITUENT,OFFICIAL_SNAPSHOT,0,HIGH
SEC_0151,INE227W01023,CLEAN,CLEAN,"March
31, 2022","September 30, 2024",ACTIVE_CONSTITUENT,OFFICIAL_EVENT_RECONSTRUCTED,3,HIGH
SEC_0151,INE227W01023,CLEAN,CLEAN,"September 30, 2024",9999-12-31,ACTIVE_CONSTITUENT,OFFICIAL_SNAPSHOT,3,HIGH
SEC_0152,INE522F01014,COALINDIA,COALINDIA,"September 30, 2025",9999-12-31,ACTIVE_CONSTITUENT,OFFICIAL_SNAPSHOT,1,HIGH
SEC_0153,INE704P01025,COCHINSHIP,COCHINSHIP,"December 31, 2024",9999-12-31,ACTIVE_CONSTITUENT,OFFICIAL_SNAPSHOT,1,HIGH
SEC_0155,INE591G01025,COFORGE,COFORGE,"May 31, 2024",9999-12-31,ACTIVE_CONSTITUENT,OFFICIAL_SNAPSHOT,2,HIGH
SEC_0156,INE03QK01018,COHANCE,COHANCE,"October 31, 2025",9999-12-31,ACTIVE_CONSTITUENT,OFFICIAL_SNAPSHOT,1,HIGH
SEC_0157,INE259A01022,COLPAL,COLPAL,2018-01-01,9999-12-31,ACTIVE_CONSTITUENT,OFFICIAL_SNAPSHOT,0,HIGH
SEC_0158,INE111A01025,CONCOR,CONCOR,"May 31, 2024",9999-12-31,ACTIVE_CONSTITUENT,OFFICIAL_SNAPSHOT,1,HIGH
SEC_0159,INE338H01029,CONCORDBIO,CONCORDBIO,"October 26, 2023",9999-12-31,ACTIVE_CONSTITUENT,OFFICIAL_SNAPSHOT,1,HIGH
SEC_0160,INE169A01031,COROMANDEL,COROMANDEL,"December 31, 2024",9999-12-31,ACTIVE_CONSTITUENT,OFFICIAL_SNAPSHOT,1,HIGH
SEC_0162,INE819V01029,CPPLUS,CPPLUS,"March 30, 2026",9999-12-31,ACTIVE_CONSTITUENT,OFFICIAL_SNAPSHOT,2,HIGH
SEC_0163,INE00LO01017,CRAFTSMAN,CRAFTSMAN,"March 31, 2023",9999-12-31,ACTIVE_CONSTITUENT,OFFICIAL_SNAPSHOT,1,HIGH
SEC_0164,INE741K01010,CREDITACC,CREDITACC,2018-01-01,9999-12-31,ACTIVE_CONSTITUENT,OFFICIAL_SNAPSHOT,0,HIGH
SEC_0165,INE007A01025,CRISIL,CRISIL,"June 30,
2025",9999-12-31,ACTIVE_CONSTITUENT,OFFICIAL_SNAPSHOT,1,HIGH
SEC_0166,INE299U01018,CROMPTON,CROMPTON,"July 31, 2023",9999-12-31,ACTIVE_CONSTITUENT,OFFICIAL_SNAPSHOT,2,HIGH
SEC_0168,INE491A01021,CUB,CUB,2018-01-01,9999-12-31,ACTIVE_CONSTITUENT,OFFICIAL_SNAPSHOT,0,HIGH
SEC_0169,INE298A01020,CUMMINSIND,CUMMINSIND,"June 28, 2024","September 30, 2024",ACTIVE_CONSTITUENT,OFFICIAL_EVENT_RECONSTRUCTED,3,HIGH
SEC_0169,INE298A01020,CUMMINSIND,CUMMINSIND,"December 31, 2024",9999-12-31,ACTIVE_CONSTITUENT,OFFICIAL_SNAPSHOT,3,HIGH
SEC_0170,INE136B01020,CYIENT,CYIENT,"June 28, 2024",9999-12-31,ACTIVE_CONSTITUENT,OFFICIAL_SNAPSHOT,1,HIGH
SEC_0171,INE016A01026,DABUR,DABUR,2018-01-01,9999-12-31,ACTIVE_CONSTITUENT,OFFICIAL_SNAPSHOT,0,HIGH
SEC_0172,INE00R701025,DALBHARAT,DALBHARAT,"July 31, 2024",9999-12-31,ACTIVE_CONSTITUENT,OFFICIAL_SNAPSHOT,1,HIGH
SEC_0173,INE0IX101010,DATAPATTNS,DATAPATTNS,"March 31, 2023",9999-12-31,ACTIVE_CONSTITUENT,OFFICIAL_SNAPSHOT,1,HIGH
SEC_0176,INSUFFICIENT_ISIN_COVERAGE,DBREALTY,DBREALTY,"September 30, 2024","March 30, 2026",ACTIVE_CONSTITUENT,OFFICIAL_EVENT_RECONSTRUCTED,2,HIGH
SEC_0178,INE499A01024,DCMSHRIRAM,DCMSHRIRAM,"March 28, 2025",9999-12-31,ACTIVE_CONSTITUENT,OFFICIAL_SNAPSHOT,3,HIGH
SEC_0179,INE501A01019,DEEPAKFERT,DEEPAKFERT,"September 30, 2022",9999-12-31,ACTIVE_CONSTITUENT,OFFICIAL_SNAPSHOT,3,HIGH
SEC_0180,INE288B01029,DEEPAKNTR,DEEPAKNTR,2018-01-01,9999-12-31,ACTIVE_CONSTITUENT,OFFICIAL_SNAPSHOT,0,HIGH
SEC_0181,INE148O01028,DELHIVERY,DELHIVERY,"August 08, 2022",9999-12-31,ACTIVE_CONSTITUENT,OFFICIAL_SNAPSHOT,1,HIGH
SEC_0184,INE872J01023,DEVYANI,DEVYANI,"March
31, 2022",9999-12-31,ACTIVE_CONSTITUENT,OFFICIAL_SNAPSHOT,1,HIGH
SEC_0187,INE361B01024,DIVISLAB,DIVISLAB,"December 31, 2024",9999-12-31,ACTIVE_CONSTITUENT,OFFICIAL_SNAPSHOT,3,HIGH
SEC_0188,INE935N01020,DIXON,DIXON,"June 28, 2024","February 28, 2025",ACTIVE_CONSTITUENT,OFFICIAL_EVENT_RECONSTRUCTED,2,HIGH
SEC_0188,INE935N01020,DIXON,DIXON,"February 28, 2025",9999-12-31,ACTIVE_CONSTITUENT,OFFICIAL_SNAPSHOT,2,HIGH
SEC_0189,INE271C01023,DLF,DLF,2018-01-01,9999-12-31,ACTIVE_CONSTITUENT,OFFICIAL_SNAPSHOT,0,HIGH
SEC_0190,INE192R01011,DMART,DMART,2018-01-01,9999-12-31,ACTIVE_CONSTITUENT,OFFICIAL_SNAPSHOT,0,HIGH
SEC_0191,INE321T01012,DOMS,DOMS,"March 28, 2024",9999-12-31,ACTIVE_CONSTITUENT,OFFICIAL_SNAPSHOT,1,HIGH
SEC_0192,INE089A01031,DRREDDY,DRREDDY,2018-01-01,9999-12-31,ACTIVE_CONSTITUENT,OFFICIAL_SNAPSHOT,0,HIGH
SEC_0193,INSUFFICIENT_ISIN_COVERAGE,EASEMYTRIP,EASEMYTRIP,"March
31, 2022","March 28, 2025",ACTIVE_CONSTITUENT,OFFICIAL_EVENT_RECONSTRUCTED,2,HIGH
SEC_0194,INE738I01010,ECLERX,ECLERX,,9999-12-31,ACTIVE_CONSTITUENT,OFFICIAL_SNAPSHOT,2,HIGH
SEC_0195,INSUFFICIENT_ISIN_COVERAGE,EDELWEISS,EDELWEISS,"December 31, 2021",,ACTIVE_CONSTITUENT,OFFICIAL_EVENT_RECONSTRUCTED,3,HIGH
SEC_0196,INE066A01021,EICHERMOT,EICHERMOT,2018-01-01,9999-12-31,ACTIVE_CONSTITUENT,OFFICIAL_SNAPSHOT,0,HIGH
SEC_0197,INE126A01031,EIDPARRY,EIDPARRY,,,ACTIVE_CONSTITUENT,OFFICIAL_EVENT_RECONSTRUCTED,2,HIGH
SEC_0197,INE126A01031,EIDPARRY,EIDPARRY,,9999-12-31,ACTIVE_CONSTITUENT,OFFICIAL_SNAPSHOT,2,HIGH
SEC_0198,INE230A01023,EIHOTEL,EIHOTEL,2018-01-01,9999-12-31,ACTIVE_CONSTITUENT,OFFICIAL_SNAPSHOT,0,HIGH
SEC_0199,INE205B01031,ELECON,ELECON,"March 28, 2024","July 31, 2026",ACTIVE_CONSTITUENT,OFFICIAL_EVENT_RECONSTRUCTED,2,HIGH
SEC_0199,INE205B01031,ELECON,ELECON,"July 31, 2026",9999-12-31,ACTIVE_CONSTITUENT,OFFICIAL_SNAPSHOT,2,HIGH
SEC_0200,INE285A01027,ELGIEQUIP,ELGIEQUIP,2018-01-01,9999-12-31,ACTIVE_CONSTITUENT,OFFICIAL_SNAPSHOT,0,HIGH
SEC_0201,INE548C01032,EMAMILTD,EMAMILTD,2018-01-01,9999-12-31,ACTIVE_CONSTITUENT,OFFICIAL_SNAPSHOT,0,HIGH
SEC_0202,INE168P01015,EMCURE,EMCURE,"September 30, 2025",9999-12-31,ACTIVE_CONSTITUENT,OFFICIAL_SNAPSHOT,2,HIGH
SEC_0203,INE1C6T01020,EMMVEE,EMMVEE,"March 30, 2026",9999-12-31,ACTIVE_CONSTITUENT,OFFICIAL_SNAPSHOT,1,HIGH
SEC_0204,INE913H01037,ENDURANCE,ENDURANCE,2018-01-01,9999-12-31,ACTIVE_CONSTITUENT,OFFICIAL_SNAPSHOT,0,HIGH
SEC_0205,INE510A01028,ENGINERSIN,ENGINERSIN,,9999-12-31,ACTIVE_CONSTITUENT,OFFICIAL_SNAPSHOT,3,HIGH
SEC_0206,INE1NPP01017,ENRIN,ENRIN,"September 30, 2025",9999-12-31,ACTIVE_CONSTITUENT,OFFICIAL_SNAPSHOT,2,HIGH
SEC_0209,INSUFFICIENT_ISIN_COVERAGE,EQUITAS,EQUITAS,"December 31, 2021","June 30, 2022",ACTIVE_CONSTITUENT,OFFICIAL_EVENT_RECONSTRUCTED,4,HIGH
SEC_0211,INE406M01024,ERIS,ERIS,,9999-12-31,ACTIVE_CONSTITUENT,OFFICIAL_SNAPSHOT,4,HIGH
SEC_0213,INE042A01014,ESCORTS,ESCORTS,"December 31, 2021",9999-12-31,ACTIVE_CONSTITUENT,OFFICIAL_SNAPSHOT,1,HIGH
SEC_0214,INE758T01015,ETERNAL,ETERNAL,2018-01-01,9999-12-31,ACTIVE_CONSTITUENT,OFFICIAL_SNAPSHOT,0,HIGH
SEC_0215,INE302A01020,EXIDEIND,EXIDEIND,"June 28, 2024","December 31, 2024",ACTIVE_CONSTITUENT,OFFICIAL_EVENT_RECONSTRUCTED,3,HIGH
SEC_0215,INE302A01020,EXIDEIND,EXIDEIND,,9999-12-31,ACTIVE_CONSTITUENT,OFFICIAL_SNAPSHOT,3,HIGH
SEC_0216,INE188A01015,FACT,FACT,"June 28, 2024",9999-12-31,ACTIVE_CONSTITUENT,OFFICIAL_SNAPSHOT,1,HIGH
SEC_0217,INSUFFICIENT_ISIN_COVERAGE,FDC,FDC,"May 31, 2024","September 30, 2024",ACTIVE_CONSTITUENT,OFFICIAL_EVENT_RECONSTRUCTED,3,HIGH
SEC_0218,INE171A01029,FEDERALBNK,FEDERALBNK,"January 1, 2021",,ACTIVE_CONSTITUENT,OFFICIAL_EVENT_RECONSTRUCTED,2,HIGH
SEC_0218,INE171A01029,FEDERALBNK,FEDERALBNK,,9999-12-31,ACTIVE_CONSTITUENT,OFFICIAL_SNAPSHOT,2,HIGH
SEC_0219,INE235A01022,FINCABLES,FINCABLES,"May 31, 2024",,ACTIVE_CONSTITUENT,OFFICIAL_EVENT_RECONSTRUCTED,3,HIGH
SEC_0219,INE235A01022,FINCABLES,FINCABLES,,9999-12-31,ACTIVE_CONSTITUENT,OFFICIAL_SNAPSHOT,3,HIGH
SEC_0221,INSUFFICIENT_ISIN_COVERAGE,FINPIPE,FINPIPE,"May 31, 2024","September 30, 2025",ACTIVE_CONSTITUENT,OFFICIAL_EVENT_RECONSTRUCTED,4,HIGH
SEC_0222,INE02RE01045,FIRSTCRY,FIRSTCRY,"March 28, 2025",9999-12-31,ACTIVE_CONSTITUENT,OFFICIAL_SNAPSHOT,2,HIGH
SEC_0223,INE128S01021,FIVESTAR,FIVESTAR,"March 31, 2023",9999-12-31,ACTIVE_CONSTITUENT,OFFICIAL_SNAPSHOT,1,HIGH
SEC_0224,INE09N301011,FLUOROCHEM,FLUOROCHEM,,9999-12-31,ACTIVE_CONSTITUENT,OFFICIAL_SNAPSHOT,2,HIGH
SEC_0225,INE451A01017,FORCEMOT,FORCEMOT,"September 30, 2025",9999-12-31,ACTIVE_CONSTITUENT,OFFICIAL_SNAPSHOT,2,HIGH
SEC_0226,INE061F01013,FORTIS,FORTIS,"May 31, 2024",9999-12-31,ACTIVE_CONSTITUENT,OFFICIAL_SNAPSHOT,2,HIGH
SEC_0227,INSUFFICIENT_ISIN_COVERAGE,FRETAIL,FRETAIL,"March 31, 2017","December 31, 2021",ACTIVE_CONSTITUENT,OFFICIAL_EVENT_RECONSTRUCTED,4,HIGH
SEC_0228,INE684F01012,FSL,FSL,"December 31, 2024",9999-12-31,ACTIVE_CONSTITUENT,OFFICIAL_SNAPSHOT,2,HIGH
SEC_0229,INE524A01029,GABRIEL,GABRIEL,"March 30, 2026",9999-12-31,ACTIVE_CONSTITUENT,OFFICIAL_SNAPSHOT,2,HIGH
SEC_0231,INE129A01019,GAIL,GAIL,"January 1, 2021",9999-12-31,ACTIVE_CONSTITUENT,OFFICIAL_SNAPSHOT,1,HIGH
SEC_0233,INE297H01019,GALLANTT,GALLANTT,"March 30, 2026",9999-12-31,ACTIVE_CONSTITUENT,OFFICIAL_SNAPSHOT,2,HIGH
SEC_0236,INE017A01032,GESHIP,GESHIP,"January 1, 2021","June 30, 2022",ACTIVE_CONSTITUENT,OFFICIAL_EVENT_RECONSTRUCTED,2,HIGH
SEC_0236,INE017A01032,GESHIP,GESHIP,"June 30, 2022",9999-12-31,ACTIVE_CONSTITUENT,OFFICIAL_SNAPSHOT,2,HIGH
SEC_0237,INSUFFICIENT_ISIN_COVERAGE,GET&D,GET&D,"September 30, 2024",9999-12-31,ACTIVE_CONSTITUENT,OFFICIAL_EVENT_RECONSTRUCTED,2,HIGH
SEC_0239,INE481Y01014,GICRE,GICRE,"June 28, 2024",9999-12-31,ACTIVE_CONSTITUENT,OFFICIAL_SNAPSHOT,1,HIGH
SEC_0240,INE322A01010,GILLETTE,GILLETTE,"September 29, 2023",9999-12-31,ACTIVE_CONSTITUENT,OFFICIAL_SNAPSHOT,3,HIGH
SEC_0241,INE068V01023,GLAND,GLAND,"June 30, 2021",9999-12-31,ACTIVE_CONSTITUENT,OFFICIAL_SNAPSHOT,1,HIGH
SEC_0242,INE159A01016,GLAXO,GLAXO,2018-01-01,9999-12-31,ACTIVE_CONSTITUENT,OFFICIAL_SNAPSHOT,0,HIGH
SEC_0243,INE935A01035,GLENMARK,GLENMARK,"December 31, 2024",9999-12-31,ACTIVE_CONSTITUENT,OFFICIAL_SNAPSHOT,1,HIGH
SEC_0244,INSUFFICIENT_ISIN_COVERAGE,GLS,GLS,"March
31, 2022","September 30, 2022",ACTIVE_CONSTITUENT,OFFICIAL_EVENT_RECONSTRUCTED,6,HIGH
SEC_0244,INSUFFICIENT_ISIN_COVERAGE,GLS,GLS,"September 29, 2023","September 30, 2024",ACTIVE_CONSTITUENT,OFFICIAL_EVENT_RECONSTRUCTED,6,HIGH
SEC_0244,INSUFFICIENT_ISIN_COVERAGE,GLS,GLS,,9999-12-31,ACTIVE_CONSTITUENT,OFFICIAL_EVENT_RECONSTRUCTED,6,HIGH
SEC_0245,INE131A01031,GMDCLTD,GMDCLTD,"March 28, 2024",,ACTIVE_CONSTITUENT,OFFICIAL_EVENT_RECONSTRUCTED,2,HIGH
SEC_0245,INE131A01031,GMDCLTD,GMDCLTD,,9999-12-31,ACTIVE_CONSTITUENT,OFFICIAL_SNAPSHOT,2,HIGH
SEC_0246,INSUFFICIENT_ISIN_COVERAGE,GMMPFAUDLR,GMMPFAUDLR,"January 1, 2021","September 30, 2024",ACTIVE_CONSTITUENT,OFFICIAL_EVENT_RECONSTRUCTED,3,HIGH
SEC_0247,INE776C01039,GMRAIRPORT,GMRAIRPORT,2018-01-01,9999-12-31,ACTIVE_CONSTITUENT,OFFICIAL_SNAPSHOT,0,HIGH
SEC_0250,INSUFFICIENT_ISIN_COVERAGE,GOCOLORS,GOCOLORS,"March
31, 2022","March 28, 2024",ACTIVE_CONSTITUENT,OFFICIAL_EVENT_RECONSTRUCTED,2,HIGH
SEC_0251,INE260B01028,GODFRYPHLP,GODFRYPHLP,"December 31, 2024",9999-12-31,ACTIVE_CONSTITUENT,OFFICIAL_SNAPSHOT,1,HIGH
SEC_0252,INE03JT01014,GODIGIT,GODIGIT,"September 30, 2024",9999-12-31,ACTIVE_CONSTITUENT,OFFICIAL_SNAPSHOT,1,HIGH
SEC_0253,INSUFFICIENT_ISIN_COVERAGE,GODREJAGRO,GODREJAGRO,"September 30, 2024","March 30, 2026",ACTIVE_CONSTITUENT,OFFICIAL_EVENT_RECONSTRUCTED,4,HIGH
SEC_0254,INE102D01028,GODREJCP,GODREJCP,"July 31, 2024",9999-12-31,ACTIVE_CONSTITUENT,OFFICIAL_SNAPSHOT,1,HIGH
SEC_0255,INE233A01035,GODREJIND,GODREJIND,2018-01-01,9999-12-31,ACTIVE_CONSTITUENT,OFFICIAL_SNAPSHOT,0,HIGH
SEC_0256,INE484J01027,GODREJPROP,GODREJPROP,2018-01-01,9999-12-31,ACTIVE_CONSTITUENT,OFFICIAL_SNAPSHOT,0,HIGH
SEC_0257,INE177H01039,GPIL,GPIL,"September 29, 2023","December 31, 2024",ACTIVE_CONSTITUENT,OFFICIAL_EVENT_RECONSTRUCTED,3,HIGH
SEC_0257,INE177H01039,GPIL,GPIL,,9999-12-31,ACTIVE_CONSTITUENT,OFFICIAL_SNAPSHOT,3,HIGH
SEC_0258,INSUFFICIENT_ISIN_COVERAGE,GPPL,GPPL,"August 30, 2022","August 31, 2023",ACTIVE_CONSTITUENT,OFFICIAL_EVENT_RECONSTRUCTED,3,HIGH
SEC_0259,INE101D01020,GRANULES,GRANULES,2018-01-01,9999-12-31,ACTIVE_CONSTITUENT,OFFICIAL_SNAPSHOT,0,HIGH
SEC_0260,INE371A01025,GRAPHITE,GRAPHITE,"December 31, 2021",9999-12-31,ACTIVE_CONSTITUENT,OFFICIAL_SNAPSHOT,1,HIGH
SEC_0261,INE047A01021,GRASIM,GRASIM,"May 31, 2024",9999-12-31,ACTIVE_CONSTITUENT,OFFICIAL_SNAPSHOT,3,HIGH
SEC_0262,INE024L01027,GRAVITA,GRAVITA,"March 28, 2025",9999-12-31,ACTIVE_CONSTITUENT,OFFICIAL_SNAPSHOT,2,HIGH
SEC_0264,INSUFFICIENT_ISIN_COVERAGE,GREENPANEL,GREENPANEL,"September 30, 2022","September 29, 2023",ACTIVE_CONSTITUENT,OFFICIAL_EVENT_RECONSTRUCTED,3,HIGH
SEC_0266,INSUFFICIENT_ISIN_COVERAGE,GRINFRA,GRINFRA,"March
31, 2022","March 28, 2024",ACTIVE_CONSTITUENT,OFFICIAL_EVENT_RECONSTRUCTED,4,HIGH
SEC_0266,INSUFFICIENT_ISIN_COVERAGE,GRINFRA,GRINFRA,"September 30, 2024","March 28, 2025",ACTIVE_CONSTITUENT,OFFICIAL_EVENT_RECONSTRUCTED,4,HIGH
SEC_0267,INE0HOQ01053,GROWW,GROWW,"March 30, 2026",9999-12-31,ACTIVE_CONSTITUENT,OFFICIAL_SNAPSHOT,1,HIGH
SEC_0268,INE382Z01011,GRSE,GRSE,"March 28, 2024",9999-12-31,ACTIVE_CONSTITUENT,OFFICIAL_SNAPSHOT,1,HIGH
SEC_0270,INSUFFICIENT_ISIN_COVERAGE,GSPL,GSPL,,9999-12-31,ACTIVE_CONSTITUENT,OFFICIAL_EVENT_RECONSTRUCTED,2,HIGH
SEC_0273,INE200A01026,GVT&D,GVT&D,2018-01-01,9999-12-31,ACTIVE_CONSTITUENT,OFFICIAL_SNAPSHOT,0,HIGH
SEC_0274,INE066F01020,HAL,HAL,,9999-12-31,ACTIVE_CONSTITUENT,OFFICIAL_SNAPSHOT,2,HIGH
SEC_0275,INSUFFICIENT_ISIN_COVERAGE,HAPPSTMNDS,HAPPSTMNDS,"December 31, 2021","March 30, 2026",ACTIVE_CONSTITUENT,OFFICIAL_EVENT_RECONSTRUCTED,3,HIGH
SEC_0275,INSUFFICIENT_ISIN_COVERAGE,HAPPSTMNDS,HAPPSTMNDS,,9999-12-31,ACTIVE_CONSTITUENT,OFFICIAL_EVENT_RECONSTRUCTED,3,HIGH
SEC_0276,INSUFFICIENT_ISIN_COVERAGE,HAPPYFORGE,HAPPYFORGE,"March 28, 2024","September 30, 2024",ACTIVE_CONSTITUENT,OFFICIAL_EVENT_RECONSTRUCTED,3,HIGH
SEC_0279,INE176B01034,HAVELLS,HAVELLS,2018-01-01,9999-12-31,ACTIVE_CONSTITUENT,OFFICIAL_SNAPSHOT,0,HIGH
SEC_0280,INE292B01021,HBLENGINE,HBLENGINE,2018-01-01,9999-12-31,ACTIVE_CONSTITUENT,OFFICIAL_SNAPSHOT,0,HIGH
SEC_0281,INSUFFICIENT_ISIN_COVERAGE,HBLPOWER,HBLPOWER,"March 28, 2024","October 31, 2024",ACTIVE_CONSTITUENT,OFFICIAL_EVENT_RECONSTRUCTED,4,HIGH
SEC_0282,INE860A01027,HCLTECH,HCLTECH,2018-01-01,9999-12-31,ACTIVE_CONSTITUENT,OFFICIAL_SNAPSHOT,0,HIGH
SEC_0283,INE756I01012,HDBFS,HDBFS,"March 30, 2026",9999-12-31,ACTIVE_CONSTITUENT,OFFICIAL_SNAPSHOT,1,HIGH
SEC_0285,INE127D01025,HDFCAMC,HDFCAMC,2018-01-01,9999-12-31,ACTIVE_CONSTITUENT,OFFICIAL_SNAPSHOT,0,HIGH
SEC_0286,INE040A01034,HDFCBANK,HDFCBANK,2018-01-01,9999-12-31,ACTIVE_CONSTITUENT,OFFICIAL_SNAPSHOT,0,HIGH
SEC_0287,INE795G01014,HDFCLIFE,HDFCLIFE,2018-01-01,9999-12-31,ACTIVE_CONSTITUENT,OFFICIAL_SNAPSHOT,0,HIGH
SEC_0288,INE545A01024,HEG,HEG,,9999-12-31,ACTIVE_CONSTITUENT,OFFICIAL_SNAPSHOT,2,HIGH
SEC_0290,INSUFFICIENT_ISIN_COVERAGE,HEMIPROP,HEMIPROP,,9999-12-31,ACTIVE_CONSTITUENT,OFFICIAL_EVENT_RECONSTRUCTED,2,HIGH
SEC_0292,INE158A01026,HEROMOTOCO,HEROMOTOCO,2018-01-01,9999-12-31,ACTIVE_CONSTITUENT,OFFICIAL_SNAPSHOT,0,HIGH
SEC_0293,INE093A01041,HEXT,HEXT,"September 30, 2025",9999-12-31,ACTIVE_CONSTITUENT,OFFICIAL_SNAPSHOT,2,HIGH
SEC_0294,INE548A01028,HFCL,HFCL,2018-01-01,9999-12-31,ACTIVE_CONSTITUENT,OFFICIAL_SNAPSHOT,0,HIGH
SEC_0297,INE038A01020,HINDALCO,HINDALCO,"September 30, 2025",9999-12-31,ACTIVE_CONSTITUENT,OFFICIAL_SNAPSHOT,1,HIGH
SEC_0298,INE531E01026,HINDCOPPER,HINDCOPPER,"December 31, 2021","December 31, 2024",ACTIVE_CONSTITUENT,OFFICIAL_EVENT_RECONSTRUCTED,4,HIGH
SEC_0298,INE531E01026,HINDCOPPER,HINDCOPPER,,9999-12-31,ACTIVE_CONSTITUENT,OFFICIAL_SNAPSHOT,4,HIGH
SEC_0299,INE094A01015,HINDPETRO,HINDPETRO,"January 1, 2021",9999-12-31,ACTIVE_CONSTITUENT,OFFICIAL_SNAPSHOT,1,HIGH
SEC_0300,INE030A01027,HINDUNILVR,HINDUNILVR,2018-01-01,9999-12-31,ACTIVE_CONSTITUENT,OFFICIAL_SNAPSHOT,0,HIGH
SEC_0301,INE267A01025,HINDZINC,HINDZINC,"December 31, 2021",,ACTIVE_CONSTITUENT,OFFICIAL_EVENT_RECONSTRUCTED,4,HIGH
SEC_0301,INE267A01025,HINDZINC,HINDZINC,,9999-12-31,ACTIVE_CONSTITUENT,OFFICIAL_SNAPSHOT,4,HIGH
SEC_0302,INSUFFICIENT_ISIN_COVERAGE,HLEGLAS,HLEGLAS,"March
31, 2022","March 28, 2024",ACTIVE_CONSTITUENT,OFFICIAL_EVENT_RECONSTRUCTED,2,HIGH
SEC_0303,INE481N01025,HOMEFIRST,HOMEFIRST,2018-01-01,9999-12-31,ACTIVE_CONSTITUENT,OFFICIAL_SNAPSHOT,0,HIGH
SEC_0304,INE0J5401028,HONASA,HONASA,"March 28, 2024","October 31, 2025",ACTIVE_CONSTITUENT,OFFICIAL_EVENT_RECONSTRUCTED,2,HIGH
SEC_0304,INE0J5401028,HONASA,HONASA,"October 31, 2025",9999-12-31,ACTIVE_CONSTITUENT,OFFICIAL_SNAPSHOT,2,HIGH
SEC_0305,INE671A01010,HONAUT,HONAUT,"May 31, 2024",9999-12-31,ACTIVE_CONSTITUENT,OFFICIAL_SNAPSHOT,1,HIGH
SEC_0306,INE019C01026,HSCL,HSCL,"March 28, 2024",9999-12-31,ACTIVE_CONSTITUENT,OFFICIAL_SNAPSHOT,2,HIGH
SEC_0307,INE031A01017,HUDCO,HUDCO,"June 28, 2024","December 31, 2024",ACTIVE_CONSTITUENT,OFFICIAL_EVENT_RECONSTRUCTED,3,HIGH
SEC_0307,INE031A01017,HUDCO,HUDCO,,9999-12-31,ACTIVE_CONSTITUENT,OFFICIAL_SNAPSHOT,3,HIGH
SEC_0308,INE0V6F01027,HYUNDAI,HYUNDAI,"March 28, 2025",9999-12-31,ACTIVE_CONSTITUENT,OFFICIAL_SNAPSHOT,2,HIGH
SEC_0309,INSUFFICIENT_ISIN_COVERAGE,IBREALEST,IBREALEST,"December 31, 2021","September 29, 2023",ACTIVE_CONSTITUENT,OFFICIAL_EVENT_RECONSTRUCTED,3,HIGH
SEC_0311,INE346A01027,ICICIAMC,ICICIAMC,"March 30, 2026",9999-12-31,ACTIVE_CONSTITUENT,OFFICIAL_SNAPSHOT,1,HIGH
SEC_0312,INE090A01021,ICICIBANK,ICICIBANK,2018-01-01,9999-12-31,ACTIVE_CONSTITUENT,OFFICIAL_SNAPSHOT,0,HIGH
SEC_0313,INE765G01017,ICICIGI,ICICIGI,2018-01-01,9999-12-31,ACTIVE_CONSTITUENT,OFFICIAL_SNAPSHOT,0,HIGH
SEC_0314,INE726G01019,ICICIPRULI,ICICIPRULI,2018-01-01,9999-12-31,ACTIVE_CONSTITUENT,OFFICIAL_SNAPSHOT,0,HIGH
SEC_0315,INSUFFICIENT_ISIN_COVERAGE,ICIL,ICIL,,9999-12-31,ACTIVE_CONSTITUENT,OFFICIAL_EVENT_RECONSTRUCTED,2,HIGH
SEC_0317,INE008A01015,IDBI,IDBI,2018-01-01,9999-12-31,ACTIVE_CONSTITUENT,OFFICIAL_SNAPSHOT,0,HIGH
SEC_0318,INE669E01016,IDEA,IDEA,"September 30, 2024",9999-12-31,ACTIVE_CONSTITUENT,OFFICIAL_SNAPSHOT,1,HIGH
SEC_0319,INSUFFICIENT_ISIN_COVERAGE,IDFC,IDFC,,9999-12-31,ACTIVE_CONSTITUENT,OFFICIAL_EVENT_RECONSTRUCTED,3,HIGH
SEC_0320,INE092T01019,IDFCFIRSTB,IDFCFIRSTB,2018-01-01,9999-12-31,ACTIVE_CONSTITUENT,OFFICIAL_SNAPSHOT,0,HIGH
SEC_0321,INE022Q01020,IEX,IEX,2018-01-01,9999-12-31,ACTIVE_CONSTITUENT,OFFICIAL_SNAPSHOT,0,HIGH
SEC_0323,INE039A01010,IFCI,IFCI,"September 30, 2024",9999-12-31,ACTIVE_CONSTITUENT,OFFICIAL_SNAPSHOT,1,HIGH
SEC_0324,INE0Q9301021,IGIL,IGIL,"March 28, 2025","July 31, 2025",ACTIVE_CONSTITUENT,OFFICIAL_EVENT_RECONSTRUCTED,3,HIGH
SEC_0324,INE0Q9301021,IGIL,IGIL,"July 31, 2025",9999-12-31,ACTIVE_CONSTITUENT,OFFICIAL_SNAPSHOT,3,HIGH
SEC_0325,INE203G01027,IGL,IGL,,9999-12-31,ACTIVE_CONSTITUENT,OFFICIAL_SNAPSHOT,2,HIGH
SEC_0326,INE530B01024,IIFL,IIFL,"April 26, 2024",9999-12-31,ACTIVE_CONSTITUENT,OFFICIAL_SNAPSHOT,3,HIGH
SEC_0327,INE115Q01022,IKS,IKS,"March 28, 2025",9999-12-31,ACTIVE_CONSTITUENT,OFFICIAL_SNAPSHOT,1,HIGH
SEC_0328,INE065X01017,INDGN,INDGN,"September 30, 2024",9999-12-31,ACTIVE_CONSTITUENT,OFFICIAL_SNAPSHOT,1,HIGH
SEC_0329,INE053A01029,INDHOTEL,INDHOTEL,"December 31, 2024",9999-12-31,ACTIVE_CONSTITUENT,OFFICIAL_SNAPSHOT,1,HIGH
SEC_0330,INE383A01012,INDIACEM,INDIACEM,"October 31, 2024","August 29, 2025",ACTIVE_CONSTITUENT,OFFICIAL_EVENT_RECONSTRUCTED,3,HIGH
SEC_0330,INE383A01012,INDIACEM,INDIACEM,"August 29, 2025",9999-12-31,ACTIVE_CONSTITUENT,OFFICIAL_SNAPSHOT,3,HIGH
SEC_0331,INE933S01016,INDIAMART,INDIAMART,"December 31, 2021",9999-12-31,ACTIVE_CONSTITUENT,OFFICIAL_SNAPSHOT,1,HIGH
SEC_0332,INSUFFICIENT_ISIN_COVERAGE,"INDIAN RENEWABLE ENERGY DEV.
AGENCY LTD.","INDIAN RENEWABLE ENERGY DEV.
AGENCY LTD.","March 28, 2024",9999-12-31,ACTIVE_CONSTITUENT,OFFICIAL_EVENT_RECONSTRUCTED,1,HIGH
SEC_0333,INE562A01011,INDIANB,INDIANB,"December 31, 2021",9999-12-31,ACTIVE_CONSTITUENT,OFFICIAL_SNAPSHOT,1,HIGH
SEC_0334,INE646L01027,INDIGO,INDIGO,2018-01-01,9999-12-31,ACTIVE_CONSTITUENT,OFFICIAL_SNAPSHOT,0,HIGH
SEC_0337,INE095A01012,INDUSINDBK,INDUSINDBK,2018-01-01,9999-12-31,ACTIVE_CONSTITUENT,OFFICIAL_SNAPSHOT,0,HIGH
SEC_0338,INE121J01017,INDUSTOWER,INDUSTOWER,"December 31, 2021","September 30, 2024",ACTIVE_CONSTITUENT,OFFICIAL_EVENT_RECONSTRUCTED,4,HIGH
SEC_0338,INE121J01017,INDUSTOWER,INDUSTOWER,"September 30, 2025",9999-12-31,ACTIVE_CONSTITUENT,OFFICIAL_SNAPSHOT,4,HIGH
SEC_0339,INSUFFICIENT_ISIN_COVERAGE,INFIBEAM,INFIBEAM,"August 08, 2022","March 28, 2024",ACTIVE_CONSTITUENT,OFFICIAL_EVENT_RECONSTRUCTED,4,HIGH
SEC_0340,INE009A01021,INFY,INFY,,9999-12-31,ACTIVE_CONSTITUENT,OFFICIAL_SNAPSHOT,3,HIGH
SEC_0341,INSUFFICIENT_ISIN_COVERAGE,INGERRAND,INGERRAND,"March 31, 2023","March 28, 2024",ACTIVE_CONSTITUENT,OFFICIAL_EVENT_RECONSTRUCTED,4,HIGH
SEC_0341,INSUFFICIENT_ISIN_COVERAGE,INGERRAND,INGERRAND,,9999-12-31,ACTIVE_CONSTITUENT,OFFICIAL_EVENT_RECONSTRUCTED,4,HIGH
SEC_0342,INSUFFICIENT_ISIN_COVERAGE,INOXINDIA,INOXINDIA,"September 30, 2024","March 30, 2026",ACTIVE_CONSTITUENT,OFFICIAL_EVENT_RECONSTRUCTED,4,HIGH
SEC_0344,INE066P01011,INOXWIND,INOXWIND,"March 28, 2024",9999-12-31,ACTIVE_CONSTITUENT,OFFICIAL_SNAPSHOT,2,HIGH
SEC_0345,INE306R01017,INTELLECT,INTELLECT,,9999-12-31,ACTIVE_CONSTITUENT,OFFICIAL_SNAPSHOT,2,HIGH
SEC_0346,INE565A01014,IOB,IOB,2018-01-01,9999-12-31,ACTIVE_CONSTITUENT,OFFICIAL_SNAPSHOT,0,HIGH
SEC_0347,INE242A01010,IOC,IOC,"September 30, 2024","September 30, 2025",ACTIVE_CONSTITUENT,OFFICIAL_EVENT_RECONSTRUCTED,2,HIGH
SEC_0347,INE242A01010,IOC,IOC,"September 30, 2025",9999-12-31,ACTIVE_CONSTITUENT,OFFICIAL_SNAPSHOT,2,HIGH
SEC_0349,INE571A01038,IPCALAB,IPCALAB,2018-01-01,9999-12-31,ACTIVE_CONSTITUENT,OFFICIAL_SNAPSHOT,0,HIGH
SEC_0350,INE821I01022,IRB,IRB,"June 30, 2022",9999-12-31,ACTIVE_CONSTITUENT,OFFICIAL_SNAPSHOT,1,HIGH
SEC_0351,INE962Y01021,IRCON,IRCON,"September 29, 2023","May 31, 2024",ACTIVE_CONSTITUENT,OFFICIAL_EVENT_RECONSTRUCTED,5,HIGH
SEC_0351,INE962Y01021,IRCON,IRCON,,9999-12-31,ACTIVE_CONSTITUENT,OFFICIAL_SNAPSHOT,5,HIGH
SEC_0352,INE335Y01020,IRCTC,IRCTC,"December 31, 2021","October 31, 2024",ACTIVE_CONSTITUENT,OFFICIAL_EVENT_RECONSTRUCTED,2,HIGH
SEC_0352,INE335Y01020,IRCTC,IRCTC,"October 31, 2024",9999-12-31,ACTIVE_CONSTITUENT,OFFICIAL_SNAPSHOT,2,HIGH
SEC_0353,INE202E01016,IREDA,IREDA,"March 28, 2024",9999-12-31,ACTIVE_CONSTITUENT,OFFICIAL_SNAPSHOT,2,HIGH
SEC_0354,INE053F01010,IRFC,IRFC,"December 31, 2021","December 31, 2024",ACTIVE_CONSTITUENT,OFFICIAL_EVENT_RECONSTRUCTED,2,HIGH
SEC_0354,INE053F01010,IRFC,IRFC,"December 31, 2024",9999-12-31,ACTIVE_CONSTITUENT,OFFICIAL_SNAPSHOT,2,HIGH
SEC_0356,INE154A01025,ITC,ITC,"December 31, 2021",9999-12-31,ACTIVE_CONSTITUENT,OFFICIAL_SNAPSHOT,1,HIGH
SEC_0357,INE379A01028,ITCHOTELS,ITCHOTELS,"September 30, 2025",9999-12-31,ACTIVE_CONSTITUENT,OFFICIAL_SNAPSHOT,1,HIGH
SEC_0358,INE248A01017,ITI,ITI,"June 28, 2024",9999-12-31,ACTIVE_CONSTITUENT,OFFICIAL_SNAPSHOT,1,HIGH
SEC_0359,INE168A01041,J&KBANK,J&KBANK,"March 28, 2024",,ACTIVE_CONSTITUENT,OFFICIAL_EVENT_RECONSTRUCTED,2,HIGH
SEC_0359,INE168A01041,J&KBANK,J&KBANK,,9999-12-31,ACTIVE_CONSTITUENT,OFFICIAL_SNAPSHOT,2,HIGH
SEC_0361,INSUFFICIENT_ISIN_COVERAGE,JAIBALAJI,JAIBALAJI,"March 28, 2024","September 30, 2024",ACTIVE_CONSTITUENT,OFFICIAL_EVENT_RECONSTRUCTED,3,HIGH
SEC_0363,INE0YD401026,JAINREC,JAINREC,"March 30, 2026",9999-12-31,ACTIVE_CONSTITUENT,OFFICIAL_SNAPSHOT,1,HIGH
SEC_0366,INE927D01051,JBMA,JBMA,"September 30, 2022",9999-12-31,ACTIVE_CONSTITUENT,OFFICIAL_SNAPSHOT,1,HIGH
SEC_0368,INE324A01032,JINDALSAW,JINDALSAW,"September 29, 2023","May 31, 2024",ACTIVE_CONSTITUENT,OFFICIAL_EVENT_RECONSTRUCTED,6,HIGH
SEC_0368,INE324A01032,JINDALSAW,JINDALSAW,,9999-12-31,ACTIVE_CONSTITUENT,OFFICIAL_SNAPSHOT,6,HIGH
SEC_0369,INE749A01030,JINDALSTEL,JINDALSTEL,,9999-12-31,ACTIVE_CONSTITUENT,OFFICIAL_SNAPSHOT,2,HIGH
SEC_0370,INSUFFICIENT_ISIN_COVERAGE,JINDWORLD,JINDWORLD,"March 31, 2023","September 29, 2023",ACTIVE_CONSTITUENT,OFFICIAL_EVENT_RECONSTRUCTED,2,HIGH
SEC_0371,INE758E01017,JIOFIN,JIOFIN,"March 28, 2024",9999-12-31,ACTIVE_CONSTITUENT,OFFICIAL_SNAPSHOT,1,HIGH
SEC_0372,INE823G01014,JKCEMENT,JKCEMENT,2018-01-01,9999-12-31,ACTIVE_CONSTITUENT,OFFICIAL_SNAPSHOT,0,HIGH
SEC_0375,INE573A01042,JKTYRE,JKTYRE,"September 30, 2024",9999-12-31,ACTIVE_CONSTITUENT,OFFICIAL_SNAPSHOT,2,HIGH
SEC_0376,INE780C01023,JMFINANCIL,JMFINANCIL,"December 31, 2021","June 30, 2022",ACTIVE_CONSTITUENT,OFFICIAL_EVENT_RECONSTRUCTED,4,HIGH
SEC_0376,INE780C01023,JMFINANCIL,JMFINANCIL,,9999-12-31,ACTIVE_CONSTITUENT,OFFICIAL_SNAPSHOT,4,HIGH
SEC_0377,INE351F01018,JPPOWER,JPPOWER,"September 30, 2024",9999-12-31,ACTIVE_CONSTITUENT,OFFICIAL_SNAPSHOT,1,HIGH
SEC_0378,INE220G01021,JSL,JSL,"June 28, 2024","December 31, 2024",ACTIVE_CONSTITUENT,OFFICIAL_EVENT_RECONSTRUCTED,3,HIGH
SEC_0378,INE220G01021,JSL,JSL,,9999-12-31,ACTIVE_CONSTITUENT,OFFICIAL_SNAPSHOT,3,HIGH
SEC_0381,INE718I01012,JSWCEMENT,JSWCEMENT,"December 31, 2025",9999-12-31,ACTIVE_CONSTITUENT,OFFICIAL_SNAPSHOT,1,HIGH
SEC_0382,INE133A01011,JSWDULUX,JSWDULUX,,9999-12-31,ACTIVE_CONSTITUENT,OFFICIAL_SNAPSHOT,1,HIGH
SEC_0383,INE121E01018,JSWENERGY,JSWENERGY,2018-01-01,9999-12-31,ACTIVE_CONSTITUENT,OFFICIAL_SNAPSHOT,0,HIGH
SEC_0384,INSUFFICIENT_ISIN_COVERAGE,JSWHL,JSWHL,"March 28, 2025","September 30, 2025",ACTIVE_CONSTITUENT,OFFICIAL_EVENT_RECONSTRUCTED,2,HIGH
SEC_0385,INE880J01026,JSWINFRA,JSWINFRA,"March 28, 2024",9999-12-31,ACTIVE_CONSTITUENT,OFFICIAL_SNAPSHOT,1,HIGH
SEC_0386,INE019A01038,JSWSTEEL,JSWSTEEL,2018-01-01,9999-12-31,ACTIVE_CONSTITUENT,OFFICIAL_SNAPSHOT,0,HIGH
SEC_0388,INE797F01020,JUBLFOOD,JUBLFOOD,"December 31, 2021",9999-12-31,ACTIVE_CONSTITUENT,OFFICIAL_SNAPSHOT,1,HIGH
SEC_0389,INE0BY001018,JUBLINGREA,JUBLINGREA,2018-01-01,9999-12-31,ACTIVE_CONSTITUENT,OFFICIAL_SNAPSHOT,0,HIGH
SEC_0390,INE700A01033,JUBLPHARMA,JUBLPHARMA,"January 31, 2024","May 31, 2024",ACTIVE_CONSTITUENT,OFFICIAL_EVENT_RECONSTRUCTED,4,HIGH
SEC_0390,INE700A01033,JUBLPHARMA,JUBLPHARMA,"December 31, 2024",9999-12-31,ACTIVE_CONSTITUENT,OFFICIAL_SNAPSHOT,4,HIGH
SEC_0392,INE209L01016,JWL,JWL,"March 28, 2024","December 31, 2024",ACTIVE_CONSTITUENT,OFFICIAL_EVENT_RECONSTRUCTED,3,HIGH
SEC_0392,INE209L01016,JWL,JWL,"December 31, 2024",9999-12-31,ACTIVE_CONSTITUENT,OFFICIAL_SNAPSHOT,3,HIGH
SEC_0394,INE980O01024,JYOTICNC,JYOTICNC,"September 30, 2024",9999-12-31,ACTIVE_CONSTITUENT,OFFICIAL_SNAPSHOT,2,HIGH
SEC_0395,INE217B01036,KAJARIACER,KAJARIACER,2018-01-01,9999-12-31,ACTIVE_CONSTITUENT,OFFICIAL_SNAPSHOT,0,HIGH
SEC_0396,INE303R01014,KALYANKJIL,KALYANKJIL,2018-01-01,9999-12-31,ACTIVE_CONSTITUENT,OFFICIAL_SNAPSHOT,0,HIGH
SEC_0398,INE036D01028,KARURVYSYA,KARURVYSYA,"June 28, 2024",9999-12-31,ACTIVE_CONSTITUENT,OFFICIAL_SNAPSHOT,1,HIGH
SEC_0399,INE918Z01012,KAYNES,KAYNES,"September 29, 2023","June 28, 2024",ACTIVE_CONSTITUENT,OFFICIAL_EVENT_RECONSTRUCTED,4,HIGH
SEC_0399,INE918Z01012,KAYNES,KAYNES,"December 31, 2024",9999-12-31,ACTIVE_CONSTITUENT,OFFICIAL_SNAPSHOT,4,HIGH
SEC_0400,INE389H01022,KEC,KEC,"December 31, 2024",9999-12-31,ACTIVE_CONSTITUENT,OFFICIAL_SNAPSHOT,1,HIGH
SEC_0401,INE878B01027,KEI,KEI,"December 31, 2021",9999-12-31,ACTIVE_CONSTITUENT,OFFICIAL_SNAPSHOT,2,HIGH
SEC_0402,INSUFFICIENT_ISIN_COVERAGE,KENNAMET,KENNAMET,"March 31, 2023","September 29, 2023",ACTIVE_CONSTITUENT,OFFICIAL_EVENT_RECONSTRUCTED,5,HIGH
SEC_0402,INSUFFICIENT_ISIN_COVERAGE,KENNAMET,KENNAMET,,,ACTIVE_CONSTITUENT,OFFICIAL_EVENT_RECONSTRUCTED,5,HIGH
SEC_0403,INE138Y01010,KFINTECH,KFINTECH,"March 31, 2023","September 30, 2024",ACTIVE_CONSTITUENT,OFFICIAL_EVENT_RECONSTRUCTED,4,HIGH
SEC_0403,INE138Y01010,KFINTECH,KFINTECH,"December 31, 2024",9999-12-31,ACTIVE_CONSTITUENT,OFFICIAL_SNAPSHOT,4,HIGH
SEC_0404,INE967H01025,KIMS,KIMS,"March
31, 2022","September 30, 2024",ACTIVE_CONSTITUENT,OFFICIAL_EVENT_RECONSTRUCTED,2,HIGH
SEC_0404,INE967H01025,KIMS,KIMS,"September 30, 2024",9999-12-31,ACTIVE_CONSTITUENT,OFFICIAL_SNAPSHOT,2,HIGH
SEC_0405,INSUFFICIENT_ISIN_COVERAGE,KIRLFER,KIRLFER,"September 29, 2023","October 26, 2023",ACTIVE_CONSTITUENT,OFFICIAL_EVENT_RECONSTRUCTED,3,HIGH
SEC_0405,INSUFFICIENT_ISIN_COVERAGE,KIRLFER,KIRLFER,,9999-12-31,ACTIVE_CONSTITUENT,OFFICIAL_EVENT_RECONSTRUCTED,3,HIGH
SEC_0406,INSUFFICIENT_ISIN_COVERAGE,KIRLOSBROS,KIRLOSBROS,"September 30, 2024","March 30, 2026",ACTIVE_CONSTITUENT,OFFICIAL_EVENT_RECONSTRUCTED,4,HIGH
SEC_0407,INE146L01010,KIRLOSENG,KIRLOSENG,"September 30, 2024",9999-12-31,ACTIVE_CONSTITUENT,OFFICIAL_SNAPSHOT,1,HIGH
SEC_0410,INE237A01036,KOTAKBANK,KOTAKBANK,"January 1, 2021",9999-12-31,ACTIVE_CONSTITUENT,OFFICIAL_SNAPSHOT,1,HIGH
SEC_0411,INE220B01022,KPIL,KPIL,"June 28, 2024","December 31, 2024",ACTIVE_CONSTITUENT,OFFICIAL_EVENT_RECONSTRUCTED,2,HIGH
SEC_0411,INE220B01022,KPIL,KPIL,"December 31, 2024",9999-12-31,ACTIVE_CONSTITUENT,OFFICIAL_SNAPSHOT,2,HIGH
SEC_0413,INE04I401011,KPITTECH,KPITTECH,,9999-12-31,ACTIVE_CONSTITUENT,OFFICIAL_SNAPSHOT,2,HIGH
SEC_0414,INE930H01031,KPRMILL,KPRMILL,,9999-12-31,ACTIVE_CONSTITUENT,OFFICIAL_SNAPSHOT,1,HIGH
SEC_0416,INSUFFICIENT_ISIN_COVERAGE,KSB,KSB,"March 31, 2023","March 28, 2025",ACTIVE_CONSTITUENT,OFFICIAL_EVENT_RECONSTRUCTED,9,HIGH
SEC_0416,INSUFFICIENT_ISIN_COVERAGE,KSB,KSB,"September 30, 2025","March 30, 2026",ACTIVE_CONSTITUENT,OFFICIAL_EVENT_RECONSTRUCTED,9,HIGH
SEC_0416,INSUFFICIENT_ISIN_COVERAGE,KSB,KSB,,9999-12-31,ACTIVE_CONSTITUENT,OFFICIAL_EVENT_RECONSTRUCTED,9,HIGH
SEC_0419,INE600L01024,LALPATHLAB,LALPATHLAB,"August 08, 2022","July 31, 2024",ACTIVE_CONSTITUENT,OFFICIAL_EVENT_RECONSTRUCTED,2,HIGH
SEC_0419,INE600L01024,LALPATHLAB,LALPATHLAB,"July 31, 2024",9999-12-31,ACTIVE_CONSTITUENT,OFFICIAL_SNAPSHOT,2,HIGH
SEC_0421,INE0I7C01011,LATENTVIEW,LATENTVIEW,"March
31, 2022",9999-12-31,ACTIVE_CONSTITUENT,OFFICIAL_SNAPSHOT,1,HIGH
SEC_0422,INE947Q01028,LAURUSLABS,LAURUSLABS,"May 26, 2017","May 31, 2024",ACTIVE_CONSTITUENT,OFFICIAL_EVENT_RECONSTRUCTED,3,HIGH
SEC_0422,INE947Q01028,LAURUSLABS,LAURUSLABS,"July 31, 2026",9999-12-31,ACTIVE_CONSTITUENT,OFFICIAL_SNAPSHOT,3,HIGH
SEC_0423,INSUFFICIENT_ISIN_COVERAGE,LAXMIMACH,LAXMIMACH,"August 08, 2022","March 28, 2024",ACTIVE_CONSTITUENT,OFFICIAL_EVENT_RECONSTRUCTED,2,HIGH
SEC_0424,INE970X01018,LEMONTREE,LEMONTREE,,9999-12-31,ACTIVE_CONSTITUENT,OFFICIAL_SNAPSHOT,2,HIGH
SEC_0425,INE956O01016,LENSKART,LENSKART,"March 30, 2026",9999-12-31,ACTIVE_CONSTITUENT,OFFICIAL_SNAPSHOT,1,HIGH
SEC_0426,INE324D01010,LGEINDIA,LGEINDIA,"March 30, 2026",9999-12-31,ACTIVE_CONSTITUENT,OFFICIAL_SNAPSHOT,1,HIGH
SEC_0427,INE115A01026,LICHSGFIN,LICHSGFIN,"January 1, 2021",9999-12-31,ACTIVE_CONSTITUENT,OFFICIAL_SNAPSHOT,1,HIGH
SEC_0428,INE0J1Y01017,LICI,LICI,"August 08, 2022",9999-12-31,ACTIVE_CONSTITUENT,OFFICIAL_SNAPSHOT,1,HIGH
SEC_0429,INE473A01011,LINDEINDIA,LINDEINDIA,"December 31, 2021",9999-12-31,ACTIVE_CONSTITUENT,OFFICIAL_SNAPSHOT,1,HIGH
SEC_0430,INE281B01032,LLOYDSME,LLOYDSME,"March 28, 2024",9999-12-31,ACTIVE_CONSTITUENT,OFFICIAL_SNAPSHOT,2,HIGH
SEC_0431,INE670K01029,LODHA,LODHA,"May 31, 2024",9999-12-31,ACTIVE_CONSTITUENT,OFFICIAL_SNAPSHOT,1,HIGH
SEC_0432,INE018A01030,LT,LT,2018-01-01,9999-12-31,ACTIVE_CONSTITUENT,OFFICIAL_SNAPSHOT,0,HIGH
SEC_0433,INE498L01015,LTF,LTF,2018-01-01,9999-12-31,ACTIVE_CONSTITUENT,OFFICIAL_SNAPSHOT,0,HIGH
SEC_0434,INE818H01020,LTFOODS,LTFOODS,"March 28, 2025",9999-12-31,ACTIVE_CONSTITUENT,OFFICIAL_SNAPSHOT,2,HIGH
SEC_0435,INE214T01019,LTI,LTM,2018-01-01,9999-12-31,ACTIVE_CONSTITUENT,OFFICIAL_SNAPSHOT,0,HIGH
SEC_0436,INE214T01019,LTIM,LTM,2018-01-01,9999-12-31,ACTIVE_CONSTITUENT,OFFICIAL_SNAPSHOT,0,HIGH
SEC_0437,INE214T01019,LTM,LTM,2018-01-01,9999-12-31,ACTIVE_CONSTITUENT,OFFICIAL_SNAPSHOT,0,HIGH
SEC_0438,INE010V01017,LTTS,LTTS,2018-01-01,9999-12-31,ACTIVE_CONSTITUENT,OFFICIAL_SNAPSHOT,0,HIGH
SEC_0439,INE326A01037,LUPIN,LUPIN,"May 31, 2024","June 28, 2024",ACTIVE_CONSTITUENT,OFFICIAL_EVENT_RECONSTRUCTED,3,HIGH
SEC_0439,INE326A01037,LUPIN,LUPIN,"December 31, 2024",9999-12-31,ACTIVE_CONSTITUENT,OFFICIAL_SNAPSHOT,3,HIGH
SEC_0442,INE101A01026,M&M,M&M,"June 28, 2024",9999-12-31,ACTIVE_CONSTITUENT,OFFICIAL_SNAPSHOT,1,HIGH
SEC_0443,INE774D01024,M&MFIN,M&MFIN,2018-01-01,9999-12-31,ACTIVE_CONSTITUENT,OFFICIAL_SNAPSHOT,0,HIGH
SEC_0444,INE457A01014,MAHABANK,MAHABANK,2018-01-01,9999-12-31,ACTIVE_CONSTITUENT,OFFICIAL_SNAPSHOT,0,HIGH
SEC_0446,INSUFFICIENT_ISIN_COVERAGE,MAHLIFE,MAHLIFE,"September 30, 2022","August 31, 2023",ACTIVE_CONSTITUENT,OFFICIAL_EVENT_RECONSTRUCTED,3,HIGH
SEC_0448,INSUFFICIENT_ISIN_COVERAGE,MAHSCOOTER,MAHSCOOTER,"September 30, 2025","March 30, 2026",ACTIVE_CONSTITUENT,OFFICIAL_EVENT_RECONSTRUCTED,2,HIGH
SEC_0449,INSUFFICIENT_ISIN_COVERAGE,MAHSEAMLES,MAHSEAMLES,"March 28, 2024","September 30, 2025",ACTIVE_CONSTITUENT,OFFICIAL_EVENT_RECONSTRUCTED,3,HIGH
SEC_0450,INE522D01027,MANAPPURAM,MANAPPURAM,"June 30, 2022",9999-12-31,ACTIVE_CONSTITUENT,OFFICIAL_SNAPSHOT,2,HIGH
SEC_0451,INE634S01028,MANKIND,MANKIND,"September 30, 2025",9999-12-31,ACTIVE_CONSTITUENT,OFFICIAL_SNAPSHOT,3,HIGH
SEC_0452,INSUFFICIENT_ISIN_COVERAGE,MANYAVAR,MANYAVAR,"September 30, 2022","September 30, 2024",ACTIVE_CONSTITUENT,OFFICIAL_EVENT_RECONSTRUCTED,3,HIGH
SEC_0453,INE0BV301023,MAPMYINDIA,MAPMYINDIA,"March
31, 2022","June 28, 2024",ACTIVE_CONSTITUENT,OFFICIAL_EVENT_RECONSTRUCTED,2,HIGH
SEC_0453,INE0BV301023,MAPMYINDIA,MAPMYINDIA,"June 28, 2024",9999-12-31,ACTIVE_CONSTITUENT,OFFICIAL_SNAPSHOT,2,HIGH
SEC_0454,INE196A01026,MARICO,MARICO,2018-01-01,9999-12-31,ACTIVE_CONSTITUENT,OFFICIAL_SNAPSHOT,0,HIGH
SEC_0455,INE585B01010,MARUTI,MARUTI,2018-01-01,9999-12-31,ACTIVE_CONSTITUENT,OFFICIAL_SNAPSHOT,0,HIGH
SEC_0457,INE027H01010,MAXHEALTH,MAXHEALTH,"May 31, 2024","October 31, 2024",ACTIVE_CONSTITUENT,OFFICIAL_EVENT_RECONSTRUCTED,4,HIGH
SEC_0457,INE027H01010,MAXHEALTH,MAXHEALTH,"August 29, 2025",9999-12-31,ACTIVE_CONSTITUENT,OFFICIAL_SNAPSHOT,4,HIGH
SEC_0458,INSUFFICIENT_ISIN_COVERAGE,MAXINDIA,MAXINDIA,"March 31, 2017",9999-12-31,ACTIVE_CONSTITUENT,OFFICIAL_EVENT_RECONSTRUCTED,1,HIGH
SEC_0459,INE249Z01020,MAZDOCK,MAZDOCK,,9999-12-31,ACTIVE_CONSTITUENT,OFFICIAL_SNAPSHOT,1,HIGH
SEC_0460,INE745G01043,MCX,MCX,"December 31, 2024",9999-12-31,ACTIVE_CONSTITUENT,OFFICIAL_SNAPSHOT,3,HIGH
SEC_0461,INE474Q01031,MEDANTA,MEDANTA,"March 31, 2023","June 28, 2024",ACTIVE_CONSTITUENT,OFFICIAL_EVENT_RECONSTRUCTED,3,HIGH
SEC_0461,INE474Q01031,MEDANTA,MEDANTA,,9999-12-31,ACTIVE_CONSTITUENT,OFFICIAL_SNAPSHOT,3,HIGH
SEC_0462,INSUFFICIENT_ISIN_COVERAGE,MEDPLUS,MEDPLUS,"March
31, 2022","September 30, 2024",ACTIVE_CONSTITUENT,OFFICIAL_EVENT_RECONSTRUCTED,4,HIGH
SEC_0463,INE0VDM01015,MEESHO,MEESHO,"March 30, 2026",9999-12-31,ACTIVE_CONSTITUENT,OFFICIAL_SNAPSHOT,1,HIGH
SEC_0464,INSUFFICIENT_ISIN_COVERAGE,METROBRAND,METROBRAND,"March
31, 2022","March 28, 2025",ACTIVE_CONSTITUENT,OFFICIAL_EVENT_RECONSTRUCTED,4,HIGH
SEC_0465,INSUFFICIENT_ISIN_COVERAGE,METROPOLIS,METROPOLIS,"August 31, 2023","March 30, 2026",ACTIVE_CONSTITUENT,OFFICIAL_EVENT_RECONSTRUCTED,3,HIGH
SEC_0466,INSUFFICIENT_ISIN_COVERAGE,MFL,MFL,"March 31, 2023",9999-12-31,ACTIVE_CONSTITUENT,OFFICIAL_EVENT_RECONSTRUCTED,1,HIGH
SEC_0467,INE180A01020,MFSL,MFSL,"September 29, 2017",9999-12-31,ACTIVE_CONSTITUENT,OFFICIAL_SNAPSHOT,1,HIGH
SEC_0468,INE002S01010,MGL,MGL,"March 31, 2017",,ACTIVE_CONSTITUENT,OFFICIAL_EVENT_RECONSTRUCTED,3,HIGH
SEC_0468,INE002S01010,MGL,MGL,,9999-12-31,ACTIVE_CONSTITUENT,OFFICIAL_SNAPSHOT,3,HIGH
SEC_0470,INSUFFICIENT_ISIN_COVERAGE,MIDHANI,MIDHANI,"December 26, 2019","March
31, 2022",ACTIVE_CONSTITUENT,OFFICIAL_EVENT_RECONSTRUCTED,2,HIGH
SEC_0471,INE842C01021,MINDACORP,MINDACORP,"September 29, 2023","September 30, 2025",ACTIVE_CONSTITUENT,OFFICIAL_EVENT_RECONSTRUCTED,4,HIGH
SEC_0471,INE842C01021,MINDACORP,MINDACORP,"September 30, 2025",9999-12-31,ACTIVE_CONSTITUENT,OFFICIAL_SNAPSHOT,4,HIGH
SEC_0472,INE214T01019,MINDTREE,LTM,"September 30, 2022",9999-12-31,ACTIVE_CONSTITUENT,OFFICIAL_SNAPSHOT,1,HIGH
SEC_0473,INE123F01029,MMTC,MMTC,"May 31, 2024","October 31, 2024",ACTIVE_CONSTITUENT,OFFICIAL_EVENT_RECONSTRUCTED,2,HIGH
SEC_0473,INE123F01029,MMTC,MMTC,"October 31, 2024",9999-12-31,ACTIVE_CONSTITUENT,OFFICIAL_SNAPSHOT,2,HIGH
SEC_0475,INE775A01035,MOTHERSON,MOTHERSON,"September 30, 2022","December 31, 2024",ACTIVE_CONSTITUENT,OFFICIAL_EVENT_RECONSTRUCTED,3,HIGH
SEC_0475,INE775A01035,MOTHERSON,MOTHERSON,"December 31, 2024",9999-12-31,ACTIVE_CONSTITUENT,OFFICIAL_SNAPSHOT,3,HIGH
SEC_0477,INE338I01027,MOTILALOFS,MOTILALOFS,2018-01-01,9999-12-31,ACTIVE_CONSTITUENT,OFFICIAL_SNAPSHOT,0,HIGH
SEC_0478,INE356A01018,MPHASIS,MPHASIS,2018-01-01,9999-12-31,ACTIVE_CONSTITUENT,OFFICIAL_SNAPSHOT,0,HIGH
SEC_0479,INE883A01011,MRF,MRF,,9999-12-31,ACTIVE_CONSTITUENT,OFFICIAL_SNAPSHOT,1,HIGH
SEC_0480,INE103A01014,MRPL,MRPL,"December 31, 2024",9999-12-31,ACTIVE_CONSTITUENT,OFFICIAL_SNAPSHOT,1,HIGH
SEC_0481,INE0FS801015,MSUMI,MSUMI,"September 30, 2022","June 30,
2025",ACTIVE_CONSTITUENT,OFFICIAL_EVENT_RECONSTRUCTED,2,HIGH
SEC_0481,INE0FS801015,MSUMI,MSUMI,"June 30,
2025",9999-12-31,ACTIVE_CONSTITUENT,OFFICIAL_SNAPSHOT,2,HIGH
SEC_0483,INE414G01012,MUTHOOTFIN,MUTHOOTFIN,2018-01-01,9999-12-31,ACTIVE_CONSTITUENT,OFFICIAL_SNAPSHOT,0,HIGH
SEC_0485,INE298J01013,NAM-INDIA,NAM-INDIA,2018-01-01,9999-12-31,ACTIVE_CONSTITUENT,OFFICIAL_SNAPSHOT,0,HIGH
SEC_0486,INE987B01026,NATCOPHARM,NATCOPHARM,"December 31, 2024","October 31, 2025",ACTIVE_CONSTITUENT,OFFICIAL_EVENT_RECONSTRUCTED,3,HIGH
SEC_0486,INE987B01026,NATCOPHARM,NATCOPHARM,,9999-12-31,ACTIVE_CONSTITUENT,OFFICIAL_SNAPSHOT,3,HIGH
SEC_0487,INE139A01034,NATIONALUM,NATIONALUM,"December 31, 2021",9999-12-31,ACTIVE_CONSTITUENT,OFFICIAL_SNAPSHOT,2,HIGH
SEC_0488,INE663F01032,NAUKRI,NAUKRI,"December 31, 2024",,ACTIVE_CONSTITUENT,OFFICIAL_EVENT_RECONSTRUCTED,2,HIGH
SEC_0488,INE663F01032,NAUKRI,NAUKRI,,9999-12-31,ACTIVE_CONSTITUENT,OFFICIAL_SNAPSHOT,2,HIGH
SEC_0489,INE725A01030,NAVA,NAVA,"March 28, 2025",9999-12-31,ACTIVE_CONSTITUENT,OFFICIAL_SNAPSHOT,2,HIGH
SEC_0490,INE048G01026,NAVINFLUOR,NAVINFLUOR,"December 31, 2021",9999-12-31,ACTIVE_CONSTITUENT,OFFICIAL_SNAPSHOT,1,HIGH
SEC_0493,INE095N01031,NBCC,NBCC,"June 28, 2024","December 31, 2024",ACTIVE_CONSTITUENT,OFFICIAL_EVENT_RECONSTRUCTED,3,HIGH
SEC_0493,INE095N01031,NBCC,NBCC,"October 31, 2025",9999-12-31,ACTIVE_CONSTITUENT,OFFICIAL_SNAPSHOT,3,HIGH
SEC_0494,INE868B01028,NCC,NCC,"December 31, 2021",9999-12-31,ACTIVE_CONSTITUENT,OFFICIAL_SNAPSHOT,1,HIGH
SEC_0496,INE239A01024,NESTLEIND,NESTLEIND,2018-01-01,9999-12-31,ACTIVE_CONSTITUENT,OFFICIAL_SNAPSHOT,0,HIGH
SEC_0497,INE0NT901020,NETWEB,NETWEB,"September 30, 2024",9999-12-31,ACTIVE_CONSTITUENT,OFFICIAL_SNAPSHOT,3,HIGH
SEC_0499,INE794A01010,NEULANDLAB,NEULANDLAB,"March 28, 2025",9999-12-31,ACTIVE_CONSTITUENT,OFFICIAL_SNAPSHOT,2,HIGH
SEC_0500,INE619B01017,NEWGEN,NEWGEN,"September 30, 2024",9999-12-31,ACTIVE_CONSTITUENT,OFFICIAL_SNAPSHOT,1,HIGH
SEC_0502,INE410P01011,NH,NH,"October 31, 2024",9999-12-31,ACTIVE_CONSTITUENT,OFFICIAL_SNAPSHOT,1,HIGH
SEC_0503,INE848E01016,NHPC,NHPC,"June 28, 2024","December 31, 2024",ACTIVE_CONSTITUENT,OFFICIAL_EVENT_RECONSTRUCTED,2,HIGH
SEC_0503,INE848E01016,NHPC,NHPC,"December 31, 2024",9999-12-31,ACTIVE_CONSTITUENT,OFFICIAL_SNAPSHOT,2,HIGH
SEC_0504,INE470Y01017,NIACL,NIACL,"June 28, 2024",9999-12-31,ACTIVE_CONSTITUENT,OFFICIAL_SNAPSHOT,1,HIGH
SEC_0505,INSUFFICIENT_ISIN_COVERAGE,NIITLTD,NIITLTD,"September 30, 2022",,ACTIVE_CONSTITUENT,OFFICIAL_EVENT_RECONSTRUCTED,2,HIGH
SEC_0507,INE995S01015,NIVABUPA,NIVABUPA,"March 28, 2025",9999-12-31,ACTIVE_CONSTITUENT,OFFICIAL_SNAPSHOT,1,HIGH
SEC_0508,INE589A01014,NLCINDIA,NLCINDIA,"June 28, 2024",9999-12-31,ACTIVE_CONSTITUENT,OFFICIAL_SNAPSHOT,2,HIGH
SEC_0509,INE584A01023,NMDC,NMDC,"March 31, 2023","May 31, 2024",ACTIVE_CONSTITUENT,OFFICIAL_EVENT_RECONSTRUCTED,6,HIGH
SEC_0509,INE584A01023,NMDC,NMDC,,9999-12-31,ACTIVE_CONSTITUENT,OFFICIAL_SNAPSHOT,6,HIGH
SEC_0511,INE0NNS01018,NSLNISP,NSLNISP,"November 29, 2024",,ACTIVE_CONSTITUENT,OFFICIAL_EVENT_RECONSTRUCTED,2,HIGH
SEC_0511,INE0NNS01018,NSLNISP,NSLNISP,,9999-12-31,ACTIVE_CONSTITUENT,OFFICIAL_SNAPSHOT,2,HIGH
SEC_0512,INE733E01010,NTPC,NTPC,2018-01-01,9999-12-31,ACTIVE_CONSTITUENT,OFFICIAL_SNAPSHOT,0,HIGH
SEC_0513,INE0ONG01011,NTPCGREEN,NTPCGREEN,"March 28, 2025",9999-12-31,ACTIVE_CONSTITUENT,OFFICIAL_SNAPSHOT,1,HIGH
SEC_0514,INE531F01023,NUVAMA,NUVAMA,"March 28, 2024",9999-12-31,ACTIVE_CONSTITUENT,OFFICIAL_SNAPSHOT,1,HIGH
SEC_0515,INE118D01016,NUVOCO,NUVOCO,"March
31, 2022","March 28, 2025",ACTIVE_CONSTITUENT,OFFICIAL_EVENT_RECONSTRUCTED,6,HIGH
SEC_0515,INE118D01016,NUVOCO,NUVOCO,"September 30, 2025",9999-12-31,ACTIVE_CONSTITUENT,OFFICIAL_SNAPSHOT,6,HIGH
SEC_0516,INE388Y01029,NYKAA,NYKAA,"March
31, 2022","September 30, 2025",ACTIVE_CONSTITUENT,OFFICIAL_EVENT_RECONSTRUCTED,3,HIGH
SEC_0516,INE388Y01029,NYKAA,NYKAA,"September 30, 2025",9999-12-31,ACTIVE_CONSTITUENT,OFFICIAL_SNAPSHOT,3,HIGH
SEC_0517,INE093I01010,OBEROIRLTY,OBEROIRLTY,2018-01-01,9999-12-31,ACTIVE_CONSTITUENT,OFFICIAL_SNAPSHOT,0,HIGH
SEC_0518,INE881D01027,OFSS,OFSS,"December 31, 2024",9999-12-31,ACTIVE_CONSTITUENT,OFFICIAL_SNAPSHOT,1,HIGH
SEC_0519,INE274J01014,OIL,OIL,"June 28, 2024","October 31, 2025",ACTIVE_CONSTITUENT,OFFICIAL_EVENT_RECONSTRUCTED,3,HIGH
SEC_0519,INE274J01014,OIL,OIL,,9999-12-31,ACTIVE_CONSTITUENT,OFFICIAL_SNAPSHOT,3,HIGH
SEC_0520,INE0LXG01040,OLAELEC,OLAELEC,"March 28, 2025",9999-12-31,ACTIVE_CONSTITUENT,OFFICIAL_SNAPSHOT,1,HIGH
SEC_0521,INE260D01016,OLECTRA,OLECTRA,"September 30, 2022",9999-12-31,ACTIVE_CONSTITUENT,OFFICIAL_SNAPSHOT,2,HIGH
SEC_0523,INE013P01021,ONESOURCE,ONESOURCE,"September 30, 2025",9999-12-31,ACTIVE_CONSTITUENT,OFFICIAL_SNAPSHOT,1,HIGH
SEC_0524,INE213A01029,ONGC,ONGC,2018-01-01,9999-12-31,ACTIVE_CONSTITUENT,OFFICIAL_SNAPSHOT,0,HIGH
SEC_0527,INE761H01022,PAGEIND,PAGEIND,"January 1, 2021",9999-12-31,ACTIVE_CONSTITUENT,OFFICIAL_SNAPSHOT,1,HIGH
SEC_0528,INE088F01024,PARADEEP,PARADEEP,"March 30, 2026",9999-12-31,ACTIVE_CONSTITUENT,OFFICIAL_SNAPSHOT,1,HIGH
SEC_0529,INE619A01035,PATANJALI,PATANJALI,"September 30, 2022",9999-12-31,ACTIVE_CONSTITUENT,OFFICIAL_SNAPSHOT,1,HIGH
SEC_0530,INE982J01020,PAYTM,PAYTM,"March
31, 2022",9999-12-31,ACTIVE_CONSTITUENT,OFFICIAL_SNAPSHOT,2,HIGH
SEC_0531,INE602A01031,PCBL,PCBL,"December 31, 2024",9999-12-31,ACTIVE_CONSTITUENT,OFFICIAL_SNAPSHOT,3,HIGH
SEC_0532,INSUFFICIENT_ISIN_COVERAGE,PEL,PEL,"March 31, 2023","September 23, 2025",ACTIVE_CONSTITUENT,OFFICIAL_EVENT_RECONSTRUCTED,4,HIGH
SEC_0532,INSUFFICIENT_ISIN_COVERAGE,PEL,PEL,,9999-12-31,ACTIVE_CONSTITUENT,OFFICIAL_EVENT_RECONSTRUCTED,4,HIGH
SEC_0533,INE262H01021,PERSISTENT,PERSISTENT,"August 08, 2022","July 31, 2024",ACTIVE_CONSTITUENT,OFFICIAL_EVENT_RECONSTRUCTED,3,HIGH
SEC_0533,INE262H01021,PERSISTENT,PERSISTENT,"December 31, 2024",9999-12-31,ACTIVE_CONSTITUENT,OFFICIAL_SNAPSHOT,3,HIGH
SEC_0534,INE347G01014,PETRONET,PETRONET,"December 31, 2021","June 30,
2025",ACTIVE_CONSTITUENT,OFFICIAL_EVENT_RECONSTRUCTED,2,HIGH
SEC_0534,INE347G01014,PETRONET,PETRONET,"June 30,
2025",9999-12-31,ACTIVE_CONSTITUENT,OFFICIAL_SNAPSHOT,2,HIGH
SEC_0535,INE134E01011,PFC,PFC,,9999-12-31,ACTIVE_CONSTITUENT,OFFICIAL_SNAPSHOT,2,HIGH
SEC_0536,INE182A01018,PFIZER,PFIZER,"June 30, 2022","August 31, 2023",ACTIVE_CONSTITUENT,OFFICIAL_EVENT_RECONSTRUCTED,5,HIGH
SEC_0536,INE182A01018,PFIZER,PFIZER,"September 30, 2024",9999-12-31,ACTIVE_CONSTITUENT,OFFICIAL_SNAPSHOT,5,HIGH
SEC_0537,INE367G01038,PFOCUS,PFOCUS,"July
17, 2026",9999-12-31,ACTIVE_CONSTITUENT,OFFICIAL_SNAPSHOT,1,HIGH
SEC_0538,INE457L01029,PGEL,PGEL,"March 28, 2025",9999-12-31,ACTIVE_CONSTITUENT,OFFICIAL_SNAPSHOT,2,HIGH
SEC_0539,INSUFFICIENT_ISIN_COVERAGE,PGHH,PGHH,"September 30, 2025","March 30, 2026",ACTIVE_CONSTITUENT,OFFICIAL_EVENT_RECONSTRUCTED,6,HIGH
SEC_0540,INSUFFICIENT_ISIN_COVERAGE,PGHL,PGHL,"September 29, 2023","March 28, 2024",ACTIVE_CONSTITUENT,OFFICIAL_EVENT_RECONSTRUCTED,5,HIGH
SEC_0540,INSUFFICIENT_ISIN_COVERAGE,PGHL,PGHL,,9999-12-31,ACTIVE_CONSTITUENT,OFFICIAL_EVENT_RECONSTRUCTED,5,HIGH
SEC_0541,INE211B01039,PHOENIXLTD,PHOENIXLTD,2018-01-01,9999-12-31,ACTIVE_CONSTITUENT,OFFICIAL_SNAPSHOT,0,HIGH
SEC_0542,INE318A01026,PIDILITIND,PIDILITIND,2018-01-01,9999-12-31,ACTIVE_CONSTITUENT,OFFICIAL_SNAPSHOT,0,HIGH
SEC_0543,INE603J01030,PIIND,PIIND,"August 29, 2025",9999-12-31,ACTIVE_CONSTITUENT,OFFICIAL_SNAPSHOT,1,HIGH
SEC_0544,INE15B701018,PINELABS,PINELABS,"March 30, 2026",9999-12-31,ACTIVE_CONSTITUENT,OFFICIAL_SNAPSHOT,1,HIGH
SEC_0545,INE202B01038,PIRAMALFIN,PIRAMALFIN,"March 30, 2026",9999-12-31,ACTIVE_CONSTITUENT,OFFICIAL_SNAPSHOT,1,HIGH
SEC_0546,INE160A01022,PNB,PNB,"January 1, 2021","December 31, 2024",ACTIVE_CONSTITUENT,OFFICIAL_EVENT_RECONSTRUCTED,3,HIGH
SEC_0546,INE160A01022,PNB,PNB,"December 31, 2024",9999-12-31,ACTIVE_CONSTITUENT,OFFICIAL_SNAPSHOT,3,HIGH
SEC_0547,INE572E01012,PNBHOUSING,PNBHOUSING,"May 26, 2017","June 28, 2024",ACTIVE_CONSTITUENT,OFFICIAL_EVENT_RECONSTRUCTED,3,HIGH
SEC_0547,INE572E01012,PNBHOUSING,PNBHOUSING,,9999-12-31,ACTIVE_CONSTITUENT,OFFICIAL_SNAPSHOT,3,HIGH
SEC_0549,INE417T01026,POLICYBZR,POLICYBZR,"March
31, 2022",9999-12-31,ACTIVE_CONSTITUENT,OFFICIAL_SNAPSHOT,3,HIGH
SEC_0550,INE455K01017,POLYCAB,POLYCAB,"June 28, 2024",9999-12-31,ACTIVE_CONSTITUENT,OFFICIAL_SNAPSHOT,1,HIGH
SEC_0551,INE205C01021,POLYMED,POLYMED,"December 31, 2024","October 31, 2025",ACTIVE_CONSTITUENT,OFFICIAL_EVENT_RECONSTRUCTED,3,HIGH
SEC_0551,INE205C01021,POLYMED,POLYMED,,9999-12-31,ACTIVE_CONSTITUENT,OFFICIAL_SNAPSHOT,3,HIGH
SEC_0552,INSUFFICIENT_ISIN_COVERAGE,POLYPLEX,POLYPLEX,"December 31, 2021","March 28, 2024",ACTIVE_CONSTITUENT,OFFICIAL_EVENT_RECONSTRUCTED,3,HIGH
SEC_0553,INE511C01022,POONAWALLA,POONAWALLA,2018-01-01,9999-12-31,ACTIVE_CONSTITUENT,OFFICIAL_SNAPSHOT,0,HIGH
SEC_0554,INE752E01010,POWERGRID,POWERGRID,"December 31, 2021",9999-12-31,ACTIVE_CONSTITUENT,OFFICIAL_SNAPSHOT,1,HIGH
SEC_0555,INE07Y701011,POWERINDIA,POWERINDIA,"June 28, 2024",9999-12-31,ACTIVE_CONSTITUENT,OFFICIAL_SNAPSHOT,1,HIGH
SEC_0557,INE0DK501011,PPLPHARMA,PPLPHARMA,"December 31, 2024",9999-12-31,ACTIVE_CONSTITUENT,OFFICIAL_SNAPSHOT,4,HIGH
SEC_0558,INSUFFICIENT_ISIN_COVERAGE,PRAJIND,PRAJIND,"May 31, 2024","March 30, 2026",ACTIVE_CONSTITUENT,OFFICIAL_EVENT_RECONSTRUCTED,3,HIGH
SEC_0559,INE0BS701011,PREMIERENE,PREMIERENE,"March 28, 2025",9999-12-31,ACTIVE_CONSTITUENT,OFFICIAL_SNAPSHOT,1,HIGH
SEC_0560,INE811K01011,PRESTIGE,PRESTIGE,,9999-12-31,ACTIVE_CONSTITUENT,OFFICIAL_SNAPSHOT,3,HIGH
SEC_0561,INSUFFICIENT_ISIN_COVERAGE,PRINCEPIPE,PRINCEPIPE,,9999-12-31,ACTIVE_CONSTITUENT,OFFICIAL_EVENT_RECONSTRUCTED,3,HIGH
SEC_0562,INSUFFICIENT_ISIN_COVERAGE,PRIVISCL,PRIVISCL,"March
31, 2022","March 31, 2023",ACTIVE_CONSTITUENT,OFFICIAL_EVENT_RECONSTRUCTED,2,HIGH
SEC_0563,INSUFFICIENT_ISIN_COVERAGE,PRSMJOHNSN,PRSMJOHNSN,"May 31, 2024",9999-12-31,ACTIVE_CONSTITUENT,OFFICIAL_EVENT_RECONSTRUCTED,1,HIGH
SEC_0566,INE596F01018,PTCIL,PTCIL,"September 30, 2024",9999-12-31,ACTIVE_CONSTITUENT,OFFICIAL_SNAPSHOT,1,HIGH
SEC_0567,INE191H01014,PVRINOX,PVRINOX,2018-01-01,9999-12-31,ACTIVE_CONSTITUENT,OFFICIAL_SNAPSHOT,0,HIGH
SEC_0568,INE0LP301011,PWL,PWL,"March 30, 2026",9999-12-31,ACTIVE_CONSTITUENT,OFFICIAL_SNAPSHOT,1,HIGH
SEC_0570,INE944F01028,RADICO,RADICO,"December 31, 2021",9999-12-31,ACTIVE_CONSTITUENT,OFFICIAL_SNAPSHOT,2,HIGH
SEC_0571,INE0DD101019,RAILTEL,RAILTEL,"March 28, 2024",9999-12-31,ACTIVE_CONSTITUENT,OFFICIAL_SNAPSHOT,2,HIGH
SEC_0573,INE961O01016,RAINBOW,RAINBOW,,9999-12-31,ACTIVE_CONSTITUENT,OFFICIAL_SNAPSHOT,1,HIGH
SEC_0574,INSUFFICIENT_ISIN_COVERAGE,RAJESHEXPO,RAJESHEXPO,,9999-12-31,ACTIVE_CONSTITUENT,OFFICIAL_EVENT_RECONSTRUCTED,4,HIGH
SEC_0576,INE331A01037,RAMCOCEM,RAMCOCEM,2018-01-01,9999-12-31,ACTIVE_CONSTITUENT,OFFICIAL_SNAPSHOT,0,HIGH
SEC_0578,INSUFFICIENT_ISIN_COVERAGE,RAYMOND,RAYMOND,"September 30, 2022","September 30, 2025",ACTIVE_CONSTITUENT,OFFICIAL_EVENT_RECONSTRUCTED,5,HIGH
SEC_0581,INE976G01028,RBLBANK,RBLBANK,"June 30, 2022",9999-12-31,ACTIVE_CONSTITUENT,OFFICIAL_SNAPSHOT,1,HIGH
SEC_0582,INSUFFICIENT_ISIN_COVERAGE,RCF,RCF,"January 31, 2024","October 31, 2024",ACTIVE_CONSTITUENT,OFFICIAL_EVENT_RECONSTRUCTED,5,HIGH
SEC_0583,INE020B01018,RECLTD,RECLTD,"December 31, 2024",9999-12-31,ACTIVE_CONSTITUENT,OFFICIAL_SNAPSHOT,1,HIGH
SEC_0584,INE891D01026,REDINGTON,REDINGTON,"December 31, 2021",9999-12-31,ACTIVE_CONSTITUENT,OFFICIAL_SNAPSHOT,1,HIGH
SEC_0587,INE002A01018,RELIANCE,RELIANCE,2018-01-01,9999-12-31,ACTIVE_CONSTITUENT,OFFICIAL_SNAPSHOT,0,HIGH
SEC_0588,INSUFFICIENT_ISIN_COVERAGE,RELINFRA,RELINFRA,"October 31, 2025","March 30, 2026",ACTIVE_CONSTITUENT,OFFICIAL_EVENT_RECONSTRUCTED,4,HIGH
SEC_0589,INSUFFICIENT_ISIN_COVERAGE,RENUKA,RENUKA,"March
31, 2022","September 30, 2025",ACTIVE_CONSTITUENT,OFFICIAL_EVENT_RECONSTRUCTED,2,HIGH
SEC_0590,INSUFFICIENT_ISIN_COVERAGE,RESPONIND,RESPONIND,"December 26, 2019",9999-12-31,ACTIVE_CONSTITUENT,OFFICIAL_EVENT_RECONSTRUCTED,2,HIGH
SEC_0591,INE743M01012,RHIM,RHIM,2018-01-01,9999-12-31,ACTIVE_CONSTITUENT,OFFICIAL_SNAPSHOT,0,HIGH
SEC_0592,INE320J01015,RITES,RITES,"September 30, 2024",9999-12-31,ACTIVE_CONSTITUENT,OFFICIAL_SNAPSHOT,1,HIGH
SEC_0593,INE399G01023,RKFORGE,RKFORGE,"March 28, 2024","October 31, 2025",ACTIVE_CONSTITUENT,OFFICIAL_EVENT_RECONSTRUCTED,3,HIGH
SEC_0593,INE399G01023,RKFORGE,RKFORGE,"October 31, 2025",9999-12-31,ACTIVE_CONSTITUENT,OFFICIAL_SNAPSHOT,3,HIGH
SEC_0594,INSUFFICIENT_ISIN_COVERAGE,ROSSARI,ROSSARI,,9999-12-31,ACTIVE_CONSTITUENT,OFFICIAL_EVENT_RECONSTRUCTED,2,HIGH
SEC_0595,INSUFFICIENT_ISIN_COVERAGE,ROUTE,ROUTE,"May 31, 2024","September 30, 2025",ACTIVE_CONSTITUENT,OFFICIAL_EVENT_RECONSTRUCTED,5,HIGH
SEC_0595,INSUFFICIENT_ISIN_COVERAGE,ROUTE,ROUTE,,9999-12-31,ACTIVE_CONSTITUENT,OFFICIAL_EVENT_RECONSTRUCTED,5,HIGH
SEC_0596,INE614G01033,RPOWER,RPOWER,"March 28, 2025",9999-12-31,ACTIVE_CONSTITUENT,OFFICIAL_SNAPSHOT,1,HIGH
SEC_0597,INE777K01022,RRKABEL,RRKABEL,"March 28, 2024",9999-12-31,ACTIVE_CONSTITUENT,OFFICIAL_SNAPSHOT,1,HIGH
SEC_0598,INSUFFICIENT_ISIN_COVERAGE,RTNINDIA,RTNINDIA,"March
31, 2022","June 30,
2025",ACTIVE_CONSTITUENT,OFFICIAL_EVENT_RECONSTRUCTED,3,HIGH
SEC_0599,INSUFFICIENT_ISIN_COVERAGE,RUSTOMJEE,RUSTOMJEE,"March 31, 2023","September 29, 2023",ACTIVE_CONSTITUENT,OFFICIAL_EVENT_RECONSTRUCTED,2,HIGH
SEC_0600,INE415G01027,RVNL,RVNL,"June 28, 2024","December 31, 2024",ACTIVE_CONSTITUENT,OFFICIAL_EVENT_RECONSTRUCTED,4,HIGH
SEC_0600,INE415G01027,RVNL,RVNL,,9999-12-31,ACTIVE_CONSTITUENT,OFFICIAL_SNAPSHOT,4,HIGH
SEC_0601,INSUFFICIENT_ISIN_COVERAGE,SAFARI,SAFARI,"September 29, 2023","June 28, 2024",ACTIVE_CONSTITUENT,OFFICIAL_EVENT_RECONSTRUCTED,5,HIGH
SEC_0601,INSUFFICIENT_ISIN_COVERAGE,SAFARI,SAFARI,,9999-12-31,ACTIVE_CONSTITUENT,OFFICIAL_EVENT_RECONSTRUCTED,5,HIGH
SEC_0602,INE0W2G01015,SAGILITY,SAGILITY,"March 28, 2025",9999-12-31,ACTIVE_CONSTITUENT,OFFICIAL_SNAPSHOT,2,HIGH
SEC_0603,INE114A01011,SAIL,SAIL,"November 29, 2024",9999-12-31,ACTIVE_CONSTITUENT,OFFICIAL_SNAPSHOT,3,HIGH
SEC_0604,INE570L01029,SAILIFE,SAILIFE,"March 28, 2025",9999-12-31,ACTIVE_CONSTITUENT,OFFICIAL_SNAPSHOT,2,HIGH
SEC_0605,INE148I01020,SAMMAANCAP,SAMMAANCAP,2018-01-01,9999-12-31,ACTIVE_CONSTITUENT,OFFICIAL_SNAPSHOT,0,HIGH
SEC_0606,INSUFFICIENT_ISIN_COVERAGE,SANOFI,SANOFI,,9999-12-31,ACTIVE_CONSTITUENT,OFFICIAL_EVENT_RECONSTRUCTED,4,HIGH
SEC_0607,INE806T01020,SAPPHIRE,SAPPHIRE,"March
31, 2022",9999-12-31,ACTIVE_CONSTITUENT,OFFICIAL_SNAPSHOT,1,HIGH
SEC_0608,INE385C01021,SARDAEN,SARDAEN,"March 28, 2025",9999-12-31,ACTIVE_CONSTITUENT,OFFICIAL_SNAPSHOT,1,HIGH
SEC_0609,INE979A01025,SAREGAMA,SAREGAMA,"March
31, 2022",,ACTIVE_CONSTITUENT,OFFICIAL_EVENT_RECONSTRUCTED,3,HIGH
SEC_0609,INE979A01025,SAREGAMA,SAREGAMA,,9999-12-31,ACTIVE_CONSTITUENT,OFFICIAL_SNAPSHOT,3,HIGH
SEC_0611,INE423Y01016,SBFC,SBFC,"March 28, 2024",9999-12-31,ACTIVE_CONSTITUENT,OFFICIAL_SNAPSHOT,1,HIGH
SEC_0612,INE018E01016,SBICARD,SBICARD,,9999-12-31,ACTIVE_CONSTITUENT,OFFICIAL_SNAPSHOT,2,HIGH
SEC_0613,INE123W01016,SBILIFE,SBILIFE,2018-01-01,9999-12-31,ACTIVE_CONSTITUENT,OFFICIAL_SNAPSHOT,0,HIGH
SEC_0614,INE062A01020,SBIN,SBIN,,9999-12-31,ACTIVE_CONSTITUENT,OFFICIAL_SNAPSHOT,1,HIGH
SEC_0616,INE513A01022,SCHAEFFLER,SCHAEFFLER,2018-01-01,9999-12-31,ACTIVE_CONSTITUENT,OFFICIAL_SNAPSHOT,0,HIGH
SEC_0617,INE839M01018,SCHNEIDER,SCHNEIDER,"March 28, 2024",9999-12-31,ACTIVE_CONSTITUENT,OFFICIAL_SNAPSHOT,3,HIGH
SEC_0618,INE109A01011,SCI,SCI,"September 30, 2024",,ACTIVE_CONSTITUENT,OFFICIAL_EVENT_RECONSTRUCTED,5,HIGH
SEC_0618,INE109A01011,SCI,SCI,,9999-12-31,ACTIVE_CONSTITUENT,OFFICIAL_SNAPSHOT,5,HIGH
SEC_0620,INSUFFICIENT_ISIN_COVERAGE,SFL,SFL,"September 29, 2023","March 28, 2024",ACTIVE_CONSTITUENT,OFFICIAL_EVENT_RECONSTRUCTED,4,HIGH
SEC_0621,INSUFFICIENT_ISIN_COVERAGE,SHARDACROP,SHARDACROP,"September 30, 2022","March 28, 2024",ACTIVE_CONSTITUENT,OFFICIAL_EVENT_RECONSTRUCTED,4,HIGH
SEC_0621,INSUFFICIENT_ISIN_COVERAGE,SHARDACROP,SHARDACROP,,9999-12-31,ACTIVE_CONSTITUENT,OFFICIAL_EVENT_RECONSTRUCTED,4,HIGH
SEC_0624,INE070A01015,SHREECEM,SHREECEM,"August 30, 2022","August 29, 2025",ACTIVE_CONSTITUENT,OFFICIAL_EVENT_RECONSTRUCTED,2,HIGH
SEC_0624,INE070A01015,SHREECEM,SHREECEM,"August 29, 2025",9999-12-31,ACTIVE_CONSTITUENT,OFFICIAL_SNAPSHOT,2,HIGH
SEC_0626,INE721A01047,SHRIRAMFIN,SHRIRAMFIN,,9999-12-31,ACTIVE_CONSTITUENT,OFFICIAL_SNAPSHOT,1,HIGH
SEC_0627,INE810G01011,SHYAMMETL,SHYAMMETL,"March
31, 2022","June 28, 2024",ACTIVE_CONSTITUENT,OFFICIAL_EVENT_RECONSTRUCTED,2,HIGH
SEC_0627,INE810G01011,SHYAMMETL,SHYAMMETL,"June 28, 2024",9999-12-31,ACTIVE_CONSTITUENT,OFFICIAL_SNAPSHOT,2,HIGH
SEC_0628,INE003A01024,SIEMENS,SIEMENS,"June 28, 2024","February 28, 2025",ACTIVE_CONSTITUENT,OFFICIAL_EVENT_RECONSTRUCTED,2,HIGH
SEC_0628,INE003A01024,SIEMENS,SIEMENS,"February 28, 2025",9999-12-31,ACTIVE_CONSTITUENT,OFFICIAL_SNAPSHOT,2,HIGH
SEC_0629,INE903U01023,SIGNATURE,SIGNATURE,"March 28, 2024",9999-12-31,ACTIVE_CONSTITUENT,OFFICIAL_SNAPSHOT,1,HIGH
SEC_0631,INE002L01015,SJVN,SJVN,"December 31, 2024",9999-12-31,ACTIVE_CONSTITUENT,OFFICIAL_SNAPSHOT,2,HIGH
SEC_0633,INE671H01015,SOBHA,SOBHA,"August 30, 2022","December 31, 2024",ACTIVE_CONSTITUENT,OFFICIAL_EVENT_RECONSTRUCTED,3,HIGH
SEC_0633,INE671H01015,SOBHA,SOBHA,"December 31, 2024",9999-12-31,ACTIVE_CONSTITUENT,OFFICIAL_SNAPSHOT,3,HIGH
SEC_0635,INE343H01029,SOLARINDS,SOLARINDS,"December 31, 2024",9999-12-31,ACTIVE_CONSTITUENT,OFFICIAL_SNAPSHOT,1,HIGH
SEC_0636,INE073K01018,SONACOMS,SONACOMS,,9999-12-31,ACTIVE_CONSTITUENT,OFFICIAL_SNAPSHOT,2,HIGH
SEC_0637,INE269A01021,SONATSOFTW,SONATSOFTW,,9999-12-31,ACTIVE_CONSTITUENT,OFFICIAL_SNAPSHOT,2,HIGH
SEC_0639,INSUFFICIENT_ISIN_COVERAGE,SPANDANA,SPANDANA,,9999-12-31,ACTIVE_CONSTITUENT,OFFICIAL_EVENT_RECONSTRUCTED,2,HIGH
SEC_0642,INE663A01033,SPLPETRO,SPLPETRO,"March 30, 2026",9999-12-31,ACTIVE_CONSTITUENT,OFFICIAL_SNAPSHOT,2,HIGH
SEC_0643,INE647A01010,SRF,SRF,"May 31, 2024","September 30, 2025",ACTIVE_CONSTITUENT,OFFICIAL_EVENT_RECONSTRUCTED,2,HIGH
SEC_0643,INE647A01010,SRF,SRF,"September 30, 2025",9999-12-31,ACTIVE_CONSTITUENT,OFFICIAL_SNAPSHOT,2,HIGH
SEC_0644,INSUFFICIENT_ISIN_COVERAGE,SRTRANSFIN,SRTRANSFIN,"June 30, 2022",9999-12-31,ACTIVE_CONSTITUENT,OFFICIAL_EVENT_RECONSTRUCTED,1,HIGH
SEC_0647,INE575P01011,STARHEALTH,STARHEALTH,"March
31, 2022",9999-12-31,ACTIVE_CONSTITUENT,OFFICIAL_SNAPSHOT,1,HIGH
SEC_0650,INE258G01013,SUMICHEM,SUMICHEM,2018-01-01,9999-12-31,ACTIVE_CONSTITUENT,OFFICIAL_SNAPSHOT,0,HIGH
SEC_0651,INSUFFICIENT_ISIN_COVERAGE,SUNCLAYLTD,SUNCLAYLTD,,9999-12-31,ACTIVE_CONSTITUENT,OFFICIAL_EVENT_RECONSTRUCTED,1,HIGH
SEC_0652,INE660A01013,SUNDARMFIN,SUNDARMFIN,2018-01-01,9999-12-31,ACTIVE_CONSTITUENT,OFFICIAL_SNAPSHOT,0,HIGH
SEC_0653,INSUFFICIENT_ISIN_COVERAGE,SUNDRMFAST,SUNDRMFAST,"April 30, 2025","March 30, 2026",ACTIVE_CONSTITUENT,OFFICIAL_EVENT_RECONSTRUCTED,6,HIGH
SEC_0654,INE044A01036,SUNPHARMA,SUNPHARMA,"May 31, 2024",9999-12-31,ACTIVE_CONSTITUENT,OFFICIAL_SNAPSHOT,1,HIGH
SEC_0656,INE424H01027,SUNTV,SUNTV,2018-01-01,9999-12-31,ACTIVE_CONSTITUENT,OFFICIAL_SNAPSHOT,0,HIGH
SEC_0659,INE195A01028,SUPREMEIND,SUPREMEIND,"June 28, 2024",9999-12-31,ACTIVE_CONSTITUENT,OFFICIAL_SNAPSHOT,1,HIGH
SEC_0661,INSUFFICIENT_ISIN_COVERAGE,SUVENPHAR,SUVENPHAR,"December 31, 2024",9999-12-31,ACTIVE_CONSTITUENT,OFFICIAL_EVENT_RECONSTRUCTED,1,HIGH
SEC_0662,INE040H01021,SUZLON,SUZLON,"September 30, 2024","December 31, 2024",ACTIVE_CONSTITUENT,OFFICIAL_EVENT_RECONSTRUCTED,4,HIGH
SEC_0662,INE040H01021,SUZLON,SUZLON,"June 30,
2025",9999-12-31,ACTIVE_CONSTITUENT,OFFICIAL_SNAPSHOT,4,HIGH
SEC_0663,INE665A01038,SWANCORP,SWANCORP,"October 31, 2025",9999-12-31,ACTIVE_CONSTITUENT,OFFICIAL_SNAPSHOT,1,HIGH
SEC_0664,INSUFFICIENT_ISIN_COVERAGE,SWANENERGY,SWANENERGY,"September 30, 2022",9999-12-31,ACTIVE_CONSTITUENT,OFFICIAL_EVENT_RECONSTRUCTED,1,HIGH
SEC_0666,INE00H001014,SWIGGY,SWIGGY,"March 28, 2025",9999-12-31,ACTIVE_CONSTITUENT,OFFICIAL_SNAPSHOT,2,HIGH
SEC_0667,INSUFFICIENT_ISIN_COVERAGE,SWSOLAR,SWSOLAR,"September 30, 2024","September 30, 2025",ACTIVE_CONSTITUENT,OFFICIAL_EVENT_RECONSTRUCTED,5,HIGH
SEC_0667,INSUFFICIENT_ISIN_COVERAGE,SWSOLAR,SWSOLAR,,9999-12-31,ACTIVE_CONSTITUENT,OFFICIAL_EVENT_RECONSTRUCTED,5,HIGH
SEC_0668,INSUFFICIENT_ISIN_COVERAGE,SYMPHONY,SYMPHONY,"September 29, 2023","March 28, 2024",ACTIVE_CONSTITUENT,OFFICIAL_EVENT_RECONSTRUCTED,3,HIGH
SEC_0669,INE398R01022,SYNGENE,SYNGENE,"August 08, 2022",9999-12-31,ACTIVE_CONSTITUENT,OFFICIAL_SNAPSHOT,1,HIGH
SEC_0670,INE0DYJ01015,SYRMA,SYRMA,"September 29, 2023",9999-12-31,ACTIVE_CONSTITUENT,OFFICIAL_SNAPSHOT,2,HIGH
SEC_0671,INSUFFICIENT_ISIN_COVERAGE,TANLA,TANLA,,9999-12-31,ACTIVE_CONSTITUENT,OFFICIAL_EVENT_RECONSTRUCTED,3,HIGH
SEC_0672,INE763I01026,TARIL,TARIL,"March 28, 2025",9999-12-31,ACTIVE_CONSTITUENT,OFFICIAL_SNAPSHOT,2,HIGH
SEC_0674,INE976I01016,TATACAP,TATACAP,"March 30, 2026",9999-12-31,ACTIVE_CONSTITUENT,OFFICIAL_SNAPSHOT,1,HIGH
SEC_0675,INE092A01019,TATACHEM,TATACHEM,"January 1, 2021","December 31, 2021",ACTIVE_CONSTITUENT,OFFICIAL_EVENT_RECONSTRUCTED,4,HIGH
SEC_0675,INE092A01019,TATACHEM,TATACHEM,"December 31, 2021",9999-12-31,ACTIVE_CONSTITUENT,OFFICIAL_SNAPSHOT,4,HIGH
SEC_0677,INE151A01013,TATACOMM,TATACOMM,"May 31, 2024",9999-12-31,ACTIVE_CONSTITUENT,OFFICIAL_SNAPSHOT,1,HIGH
SEC_0678,INE192A01025,TATACONSUM,TATACONSUM,"December 31, 2021",9999-12-31,ACTIVE_CONSTITUENT,OFFICIAL_SNAPSHOT,1,HIGH
SEC_0679,INE670A01012,TATAELXSI,TATAELXSI,"October 31, 2024",9999-12-31,ACTIVE_CONSTITUENT,OFFICIAL_SNAPSHOT,1,HIGH
SEC_0680,INE672A01026,TATAINVEST,TATAINVEST,"March
31, 2022","June 28, 2024",ACTIVE_CONSTITUENT,OFFICIAL_EVENT_RECONSTRUCTED,2,HIGH
SEC_0680,INE672A01026,TATAINVEST,TATAINVEST,"June 28, 2024",9999-12-31,ACTIVE_CONSTITUENT,OFFICIAL_SNAPSHOT,2,HIGH
SEC_0681,INSUFFICIENT_ISIN_COVERAGE,TATAMOTORS,TATAMOTORS,"January 1, 2021","December 31, 2021",ACTIVE_CONSTITUENT,OFFICIAL_EVENT_RECONSTRUCTED,4,HIGH
SEC_0682,INE245A01021,TATAPOWER,TATAPOWER,"June 28, 2024","December 31, 2024",ACTIVE_CONSTITUENT,OFFICIAL_EVENT_RECONSTRUCTED,3,HIGH
SEC_0682,INE245A01021,TATAPOWER,TATAPOWER,"December 31, 2024",9999-12-31,ACTIVE_CONSTITUENT,OFFICIAL_SNAPSHOT,3,HIGH
SEC_0683,INE081A01020,TATASTEEL,TATASTEEL,"August 08, 2022","May 31, 2024",ACTIVE_CONSTITUENT,OFFICIAL_EVENT_RECONSTRUCTED,2,HIGH
SEC_0683,INE081A01020,TATASTEEL,TATASTEEL,"May 31, 2024",9999-12-31,ACTIVE_CONSTITUENT,OFFICIAL_SNAPSHOT,2,HIGH
SEC_0684,INE081A01020,TATASTEELBS,TATASTEEL,2018-01-01,9999-12-31,ACTIVE_CONSTITUENT,OFFICIAL_SNAPSHOT,0,HIGH
SEC_0687,INE142M01025,TATATECH,TATATECH,"March 28, 2024",9999-12-31,ACTIVE_CONSTITUENT,OFFICIAL_SNAPSHOT,1,HIGH
SEC_0688,INE673O01025,TBOTEK,TBOTEK,"September 30, 2024",9999-12-31,ACTIVE_CONSTITUENT,OFFICIAL_SNAPSHOT,2,HIGH
SEC_0689,INSUFFICIENT_ISIN_COVERAGE,TCI,TCI,"September 30, 2022","September 29, 2023",ACTIVE_CONSTITUENT,OFFICIAL_EVENT_RECONSTRUCTED,3,HIGH
SEC_0692,INE467B01029,TCS,TCS,2018-01-01,9999-12-31,ACTIVE_CONSTITUENT,OFFICIAL_SNAPSHOT,0,HIGH
SEC_0694,INE669C01036,TECHM,TECHM,"December 31, 2024",9999-12-31,ACTIVE_CONSTITUENT,OFFICIAL_SNAPSHOT,1,HIGH
SEC_0696,INE285K01026,TECHNOE,TECHNOE,"September 30, 2024",9999-12-31,ACTIVE_CONSTITUENT,OFFICIAL_SNAPSHOT,1,HIGH
SEC_0697,INE011K01018,TEGA,TEGA,"March 30, 2026",9999-12-31,ACTIVE_CONSTITUENT,OFFICIAL_SNAPSHOT,2,HIGH
SEC_0698,INE010J01012,TEJASNET,TEJASNET,"September 30, 2022",9999-12-31,ACTIVE_CONSTITUENT,OFFICIAL_SNAPSHOT,1,HIGH
SEC_0699,INE19RI01016,TENNIND,TENNIND,"March 30, 2026",9999-12-31,ACTIVE_CONSTITUENT,OFFICIAL_SNAPSHOT,2,HIGH
SEC_0700,INE0AQ201015,THELEELA,THELEELA,"September 30, 2025",9999-12-31,ACTIVE_CONSTITUENT,OFFICIAL_SNAPSHOT,1,HIGH
SEC_0701,INE152A01029,THERMAX,THERMAX,"August 31, 2023","December 31, 2024",ACTIVE_CONSTITUENT,OFFICIAL_EVENT_RECONSTRUCTED,3,HIGH
SEC_0701,INE152A01029,THERMAX,THERMAX,"December 31, 2024",9999-12-31,ACTIVE_CONSTITUENT,OFFICIAL_SNAPSHOT,3,HIGH
SEC_0704,INE974X01010,TIINDIA,TIINDIA,"May 31, 2024",,ACTIVE_CONSTITUENT,OFFICIAL_EVENT_RECONSTRUCTED,2,HIGH
SEC_0704,INE974X01010,TIINDIA,TIINDIA,,9999-12-31,ACTIVE_CONSTITUENT,OFFICIAL_SNAPSHOT,2,HIGH
SEC_0705,INE325A01013,TIMKEN,TIMKEN,2018-01-01,9999-12-31,ACTIVE_CONSTITUENT,OFFICIAL_SNAPSHOT,0,HIGH
SEC_0706,INE615H01020,TITAGARH,TITAGARH,"March 28, 2024","December 31, 2024",ACTIVE_CONSTITUENT,OFFICIAL_EVENT_RECONSTRUCTED,3,HIGH
SEC_0706,INE615H01020,TITAGARH,TITAGARH,"December 31, 2024",9999-12-31,ACTIVE_CONSTITUENT,OFFICIAL_SNAPSHOT,3,HIGH
SEC_0707,INE280A01028,TITAN,TITAN,2018-01-01,9999-12-31,ACTIVE_CONSTITUENT,OFFICIAL_SNAPSHOT,0,HIGH
SEC_0708,INSUFFICIENT_ISIN_COVERAGE,TMB,TMB,"March 31, 2023","September 29, 2023",ACTIVE_CONSTITUENT,OFFICIAL_EVENT_RECONSTRUCTED,4,HIGH
SEC_0708,INSUFFICIENT_ISIN_COVERAGE,TMB,TMB,"March 28, 2024","September 30, 2024",ACTIVE_CONSTITUENT,OFFICIAL_EVENT_RECONSTRUCTED,4,HIGH
SEC_0709,INE1TAE01010,TMCV,TMCV,"March 30, 2026",9999-12-31,ACTIVE_CONSTITUENT,OFFICIAL_SNAPSHOT,2,HIGH
SEC_0710,INE155A01022,TMPV,TMPV,2018-01-01,9999-12-31,ACTIVE_CONSTITUENT,OFFICIAL_SNAPSHOT,0,HIGH
SEC_0711,INE685A01028,TORNTPHARM,TORNTPHARM,"August 29, 2025","July 31, 2026",ACTIVE_CONSTITUENT,OFFICIAL_EVENT_RECONSTRUCTED,2,HIGH
SEC_0711,INE685A01028,TORNTPHARM,TORNTPHARM,"July 31, 2026",9999-12-31,ACTIVE_CONSTITUENT,OFFICIAL_SNAPSHOT,2,HIGH
SEC_0712,INE813H01021,TORNTPOWER,TORNTPOWER,"August 29, 2025",9999-12-31,ACTIVE_CONSTITUENT,OFFICIAL_SNAPSHOT,2,HIGH
SEC_0713,INE103V01028,TRAVELFOOD,TRAVELFOOD,"March 30, 2026",9999-12-31,ACTIVE_CONSTITUENT,OFFICIAL_SNAPSHOT,1,HIGH
SEC_0714,INE849A01020,TRENT,TRENT,"May 31, 2024",9999-12-31,ACTIVE_CONSTITUENT,OFFICIAL_SNAPSHOT,2,HIGH
SEC_0715,INE064C01022,TRIDENT,TRIDENT,"August 08, 2022",9999-12-31,ACTIVE_CONSTITUENT,OFFICIAL_SNAPSHOT,2,HIGH
SEC_0716,INE152M01016,TRITURBINE,TRITURBINE,,9999-12-31,ACTIVE_CONSTITUENT,OFFICIAL_SNAPSHOT,1,HIGH
SEC_0719,INE517B01013,TTML,TTML,2018-01-01,9999-12-31,ACTIVE_CONSTITUENT,OFFICIAL_SNAPSHOT,0,HIGH
SEC_0722,INE494B01023,TVSMOTOR,TVSMOTOR,"May 31, 2024",9999-12-31,ACTIVE_CONSTITUENT,OFFICIAL_SNAPSHOT,1,HIGH
SEC_0723,INSUFFICIENT_ISIN_COVERAGE,TVSSCS,TVSSCS,"March 28, 2024","March 28, 2025",ACTIVE_CONSTITUENT,OFFICIAL_EVENT_RECONSTRUCTED,3,HIGH
SEC_0725,INE686F01025,UBL,UBL,2018-01-01,9999-12-31,ACTIVE_CONSTITUENT,OFFICIAL_SNAPSHOT,0,HIGH
SEC_0726,INE691A01018,UCOBANK,UCOBANK,,9999-12-31,ACTIVE_CONSTITUENT,OFFICIAL_SNAPSHOT,2,HIGH
SEC_0729,INSUFFICIENT_ISIN_COVERAGE,UJJIVANSFB,UJJIVANSFB,"September 29, 2023","March 28, 2025",ACTIVE_CONSTITUENT,OFFICIAL_EVENT_RECONSTRUCTED,3,HIGH
SEC_0730,INE481G01011,ULTRACEMCO,ULTRACEMCO,2018-01-01,9999-12-31,ACTIVE_CONSTITUENT,OFFICIAL_SNAPSHOT,0,HIGH
SEC_0731,INE692A01016,UNIONBANK,UNIONBANK,"December 31, 2021",9999-12-31,ACTIVE_CONSTITUENT,OFFICIAL_SNAPSHOT,1,HIGH
SEC_0732,INE854D01024,UNITDSPR,UNITDSPR,"December 31, 2024",9999-12-31,ACTIVE_CONSTITUENT,OFFICIAL_SNAPSHOT,1,HIGH
SEC_0733,INE405E01023,UNOMINDA,UNOMINDA,2018-01-01,9999-12-31,ACTIVE_CONSTITUENT,OFFICIAL_SNAPSHOT,0,HIGH
SEC_0734,INE628A01036,UPL,UPL,,9999-12-31,ACTIVE_CONSTITUENT,OFFICIAL_SNAPSHOT,2,HIGH
SEC_0735,INE0CAZ01013,URBANCO,URBANCO,"March 30, 2026",9999-12-31,ACTIVE_CONSTITUENT,OFFICIAL_SNAPSHOT,1,HIGH
SEC_0736,INE228A01035,USHAMART,USHAMART,"September 29, 2023",9999-12-31,ACTIVE_CONSTITUENT,OFFICIAL_SNAPSHOT,2,HIGH
SEC_0737,INE094J01016,UTIAMC,UTIAMC,,9999-12-31,ACTIVE_CONSTITUENT,OFFICIAL_SNAPSHOT,1,HIGH
SEC_0740,INSUFFICIENT_ISIN_COVERAGE,VALIANTORG,VALIANTORG,,9999-12-31,ACTIVE_CONSTITUENT,OFFICIAL_EVENT_RECONSTRUCTED,2,HIGH
SEC_0742,INE200M01039,VBL,VBL,"May 26, 2017","June 30,
2025",ACTIVE_CONSTITUENT,OFFICIAL_EVENT_RECONSTRUCTED,4,HIGH
SEC_0742,INE200M01039,VBL,VBL,"November 28, 2025",9999-12-31,ACTIVE_CONSTITUENT,OFFICIAL_SNAPSHOT,4,HIGH
SEC_0743,INE205A01025,VEDL,VEDL,"December 31, 2021",9999-12-31,ACTIVE_CONSTITUENT,OFFICIAL_SNAPSHOT,4,HIGH
SEC_0745,INSUFFICIENT_ISIN_COVERAGE,VENTIVE,VENTIVE,"September 30, 2025","March 30, 2026",ACTIVE_CONSTITUENT,OFFICIAL_EVENT_RECONSTRUCTED,2,HIGH
SEC_0748,INE043W01024,VIJAYA,VIJAYA,"March
31, 2022",9999-12-31,ACTIVE_CONSTITUENT,OFFICIAL_SNAPSHOT,1,HIGH
SEC_0749,INSUFFICIENT_ISIN_COVERAGE,VINATIORGA,VINATIORGA,"September 30, 2024","March 28, 2025",ACTIVE_CONSTITUENT,OFFICIAL_EVENT_RECONSTRUCTED,5,HIGH
SEC_0750,INSUFFICIENT_ISIN_COVERAGE,VIPIND,VIPIND,"August 30, 2022","March 28, 2025",ACTIVE_CONSTITUENT,OFFICIAL_EVENT_RECONSTRUCTED,2,HIGH
SEC_0752,INE01EA01019,VMM,VMM,"March 28, 2025",9999-12-31,ACTIVE_CONSTITUENT,OFFICIAL_SNAPSHOT,2,HIGH
SEC_0753,INE226A01021,VOLTAS,VOLTAS,"December 31, 2024",9999-12-31,ACTIVE_CONSTITUENT,OFFICIAL_SNAPSHOT,2,HIGH
SEC_0755,INE825A01020,VTL,VTL,,9999-12-31,ACTIVE_CONSTITUENT,OFFICIAL_SNAPSHOT,1,HIGH
SEC_0756,INE377N01017,WAAREEENER,WAAREEENER,"March 28, 2025","October 31, 2025",ACTIVE_CONSTITUENT,OFFICIAL_EVENT_RECONSTRUCTED,3,HIGH
SEC_0756,INE377N01017,WAAREEENER,WAAREEENER,"October 31, 2025",9999-12-31,ACTIVE_CONSTITUENT,OFFICIAL_SNAPSHOT,3,HIGH
SEC_0757,INE191B01025,WELCORP,WELCORP,"January 1, 2021","December 31, 2021",ACTIVE_CONSTITUENT,OFFICIAL_EVENT_RECONSTRUCTED,4,HIGH
SEC_0757,INE191B01025,WELCORP,WELCORP,"June 28, 2024",9999-12-31,ACTIVE_CONSTITUENT,OFFICIAL_SNAPSHOT,4,HIGH
SEC_0758,INE192B01031,WELSPUNLIV,WELSPUNLIV,"September 30, 2025",9999-12-31,ACTIVE_CONSTITUENT,OFFICIAL_SNAPSHOT,2,HIGH
SEC_0760,INE716A01013,WHIRLPOOL,WHIRLPOOL,"January 1, 2021",9999-12-31,ACTIVE_CONSTITUENT,OFFICIAL_SNAPSHOT,1,HIGH
SEC_0761,INE075A01022,WIPRO,WIPRO,"August 08, 2022","July 31, 2024",ACTIVE_CONSTITUENT,OFFICIAL_EVENT_RECONSTRUCTED,2,HIGH
SEC_0761,INE075A01022,WIPRO,WIPRO,"July 31, 2024",9999-12-31,ACTIVE_CONSTITUENT,OFFICIAL_SNAPSHOT,2,HIGH
SEC_0762,INE049B01025,WOCKPHARMA,WOCKPHARMA,"March 28, 2025",9999-12-31,ACTIVE_CONSTITUENT,OFFICIAL_SNAPSHOT,3,HIGH
SEC_0763,INE528G01035,YESBANK,YESBANK,2018-01-01,9999-12-31,ACTIVE_CONSTITUENT,OFFICIAL_SNAPSHOT,0,HIGH
SEC_0764,INE256A01028,ZEEL,ZEEL,2018-01-01,9999-12-31,ACTIVE_CONSTITUENT,OFFICIAL_SNAPSHOT,0,HIGH
SEC_0765,INE520A01027,ZENSARTECH,ZENSARTECH,"August 30, 2022","August 31, 2023",ACTIVE_CONSTITUENT,OFFICIAL_EVENT_RECONSTRUCTED,5,HIGH
SEC_0765,INE520A01027,ZENSARTECH,ZENSARTECH,"May 31, 2024","June 28, 2024",ACTIVE_CONSTITUENT,OFFICIAL_EVENT_RECONSTRUCTED,5,HIGH
SEC_0765,INE520A01027,ZENSARTECH,ZENSARTECH,"September 30, 2024",9999-12-31,ACTIVE_CONSTITUENT,OFFICIAL_SNAPSHOT,5,HIGH
SEC_0766,INE251B01027,ZENTEC,ZENTEC,"March 28, 2025",9999-12-31,ACTIVE_CONSTITUENT,OFFICIAL_SNAPSHOT,2,HIGH
SEC_0767,INE342J01019,ZFCVINDIA,ZFCVINDIA,"August 30, 2022","September 30, 2025",ACTIVE_CONSTITUENT,OFFICIAL_EVENT_RECONSTRUCTED,2,HIGH
SEC_0767,INE342J01019,ZFCVINDIA,ZFCVINDIA,"September 30, 2025",9999-12-31,ACTIVE_CONSTITUENT,OFFICIAL_SNAPSHOT,2,HIGH
SEC_0768,INSUFFICIENT_ISIN_COVERAGE,ZOMATO,ZOMATO,"March
31, 2022",9999-12-31,ACTIVE_CONSTITUENT,OFFICIAL_EVENT_RECONSTRUCTED,3,HIGH
SEC_0769,INE010B01027,ZYDUSLIFE,ZYDUSLIFE,"August 30, 2022","August 31, 2023",ACTIVE_CONSTITUENT,OFFICIAL_EVENT_RECONSTRUCTED,5,HIGH
SEC_0769,INE010B01027,ZYDUSLIFE,ZYDUSLIFE,"May 31, 2024","December 31, 2024",ACTIVE_CONSTITUENT,OFFICIAL_EVENT_RECONSTRUCTED,5,HIGH
SEC_0769,INE010B01027,ZYDUSLIFE,ZYDUSLIFE,"December 31, 2024",9999-12-31,ACTIVE_CONSTITUENT,OFFICIAL_SNAPSHOT,5,HIGH
SEC_0770,INE768C01028,ZYDUSWELL,ZYDUSWELL,"March 30, 2026",9999-12-31,ACTIVE_CONSTITUENT,OFFICIAL_SNAPSHOT,3,HIGH
