symbol,evidence_document,evidence_page,evidence_type,evidence_text_summary,supports_membership,supports_missing_event,supports_identity_change,supports_corporate_action
ABBOTINDIA,ind_prs22052024.pdf,Page 1,PROVEN_INITIAL_CONSTITUENT,"Conflict for ABBOTINDIA: first=DELETION, last=DELETION",True,False,False,False
ABCAPITAL,ind_prs07122023.pdf,Page 9,PROVEN_INITIAL_CONSTITUENT,"Conflict for ABCAPITAL: first=DELETION, last=DELETION",True,False,False,False
ABREL,ind_prs22082025_1.pdf,Page 1,PROVEN_INITIAL_CONSTITUENT,"Conflict for ABREL: first=DELETION, last=DELETION",True,False,False,False
ABSLAMC,ind_prs24022022_1.pdf,Page 4,PROVEN_MISSING_EVENT,"Conflict for ABSLAMC: first=ADDITION, last=DELETION",True,True,False,False
ADANIENT,ind_prs22052024.pdf,Page 1,PROVEN_INITIAL_CONSTITUENT,"Conflict for ADANIENT: first=DELETION, last=DELETION",True,False,False,False
ADANIGAS,ind_prs11122020.pdf,Page 5,CORPORATE_ACTION,"Conflict for ADANIGAS: first=ADDITION, last=ADDITION",False,False,False,True
ADANIGREEN,ind_prs08122021.pdf,Page 7,PROVEN_INITIAL_CONSTITUENT,"Conflict for ADANIGREEN: first=DELETION, last=DELETION",True,False,False,False
ADANIPORTS,ind_prs07062024.pdf,Page 8,PROVEN_MISSING_EVENT,"Conflict for ADANIPORTS: first=ADDITION, last=DELETION",True,True,False,False
ADANIPOWER,ind_prs17022023_1.pdf,Page 2,PROVEN_MISSING_EVENT,"Conflict for ADANIPOWER: first=ADDITION, last=DELETION",True,True,False,False
AEGISCHEM,ind_prs23082023.pdf,Page 1,CORPORATE_ACTION,"Conflict for AEGISCHEM: first=ADDITION, last=ADDITION",False,False,False,True
AEGISLOG,ind_prs22082025_1.pdf,Page 1,PROVEN_INITIAL_CONSTITUENT,"Conflict for AEGISLOG: first=DELETION, last=DELETION",True,False,False,False
AFFLE,ind_prs18122019.pdf,Page 1,PROVEN_MISSING_EVENT,"Conflict for AFFLE: first=ADDITION, last=DELETION",True,True,False,False
AIAENG,ind_prs22052024.pdf,Page 1,PROVEN_INITIAL_CONSTITUENT,"Conflict for AIAENG: first=DELETION, last=DELETION",True,False,False,False
AKZOINDIA,ind_prs15092025.pdf,Page 6,CORPORATE_ACTION,"Conflict for AKZOINDIA: first=ADDITION, last=ADDITION",False,False,False,True
ALLCARGO,ind_prs26102020.pdf,Page 1,PROVEN_INITIAL_CONSTITUENT,"Conflict for ALLCARGO: first=DELETION, last=ADDITION",False,False,False,False
ANGELBRKG,ind_prs23022021.pdf,Page 2,CORPORATE_ACTION,"Conflict for ANGELBRKG: first=ADDITION, last=ADDITION",False,False,False,True
APOLLOHOSP,ind_prs15092025.pdf,Page 5,PROVEN_INITIAL_CONSTITUENT,"Conflict for APOLLOHOSP: first=DELETION, last=DELETION",True,False,False,False
ASHOKLEY,ind_prs11122020.pdf,Page 4,PROVEN_INITIAL_CONSTITUENT,"Conflict for ASHOKLEY: first=DELETION, last=DELETION",True,False,False,False
ATGL,ind_prs24072023.pdf,Page 1,PROVEN_INITIAL_CONSTITUENT,"Conflict for ATGL: first=DELETION, last=DELETION",True,False,False,False
AWL,ind_prs01092022.pdf,Page 3,PROVEN_MISSING_EVENT,"Conflict for AWL: first=ADDITION, last=DELETION",True,True,False,False
AXISBANK,ind_prs07122023.pdf,Page 10,PROVEN_INITIAL_CONSTITUENT,"Conflict for AXISBANK: first=DELETION, last=DELETION",True,False,False,False
BAJAJ-AUTO,ind_prs07062024.pdf,Page 8,PROVEN_MISSING_EVENT,"Conflict for BAJAJ-AUTO: first=ADDITION, last=DELETION",True,True,False,False
BALAMINES,ind_prs26072022.pdf,Page 2,CORPORATE_ACTION,"Conflict for BALAMINES: first=ADDITION, last=ADDITION",False,False,False,True
BALKRISIND,ind_prs24072023.pdf,Page 1,PROVEN_INITIAL_CONSTITUENT,"Conflict for BALKRISIND: first=DELETION, last=DELETION",True,False,False,False
BALRAMCHIN,ind_prs08122021.pdf,Page 7,PROVEN_INITIAL_CONSTITUENT,"Conflict for BALRAMCHIN: first=DELETION, last=DELETION",True,False,False,False
BANKBARODA,ind_prs11122020.pdf,Page 5,PROVEN_MISSING_EVENT,"Conflict for BANKBARODA: first=ADDITION, last=DELETION",True,True,False,False
BANKINDIA,ind_prs11122020.pdf,Page 5,PROVEN_MISSING_EVENT,"Conflict for BANKINDIA: first=ADDITION, last=DELETION",True,True,False,False
BATAINDIA,ind_prs22052024.pdf,Page 2,PROVEN_MISSING_EVENT,"Conflict for BATAINDIA: first=ADDITION, last=DELETION",True,True,False,False
BCG,ind_prs24022022_1.pdf,Page 4,CORPORATE_ACTION,"Conflict for BCG: first=ADDITION, last=ADDITION",False,False,False,True
BDL,ind_prs07062024.pdf,Page 8,PROVEN_MISSING_EVENT,"Conflict for BDL: first=ADDITION, last=DELETION",True,True,False,False
BEL,ind_prs07062024.pdf,Page 8,PROVEN_MISSING_EVENT,"Conflict for BEL: first=ADDITION, last=DELETION",True,True,False,False
BHARTIARTL,ind_prs11122020.pdf,Page 5,PROVEN_INITIAL_CONSTITUENT,"Conflict for BHARTIARTL: first=DELETION, last=DELETION",True,False,False,False
BHEL,ind_prs08122021.pdf,Page 6,PROVEN_INITIAL_CONSTITUENT,"Conflict for BHEL: first=DELETION, last=DELETION",True,False,False,False
BIOCON,ind_prs23082023.pdf,Page 1,PROVEN_MISSING_EVENT,"Conflict for BIOCON: first=ADDITION, last=DELETION",True,True,False,False
BOSCHLTD,ind_prs07122023.pdf,Page 10,PROVEN_INITIAL_CONSTITUENT,"Conflict for BOSCHLTD: first=DELETION, last=DELETION",True,False,False,False
BPCL,ind_prs08122021.pdf,Page 8,PROVEN_INITIAL_CONSTITUENT,"Conflict for BPCL: first=DELETION, last=DELETION",True,False,False,False
BRITANNIA,ind_prs26072022.pdf,Page 2,PROVEN_INITIAL_CONSTITUENT,"Conflict for BRITANNIA: first=DELETION, last=DELETION",True,False,False,False
BSE LTD.*,ind_prs19032024.pdf,Page 1,CORPORATE_ACTION,"Conflict for BSE LTD.*: first=ADDITION, last=ADDITION",False,False,False,True
CAPLIPOINT,ind_prs17022023_1.pdf,Page 2,PROVEN_INITIAL_CONSTITUENT,"Conflict for CAPLIPOINT: first=DELETION, last=DELETION",True,False,False,False
CDSL,ind_prs07062024.pdf,Page 7,PROVEN_INITIAL_CONSTITUENT,"Conflict for CDSL: first=DELETION, last=DELETION",True,False,False,False
CGCL,ind_prs24022022_1.pdf,Page 3,PROVEN_INITIAL_CONSTITUENT,"Conflict for CGCL: first=DELETION, last=DELETION",True,False,False,False
CGPOWER,ind_prs18122019.pdf,Page 1,PROVEN_INITIAL_CONSTITUENT,"Conflict for CGPOWER: first=DELETION, last=DELETION",True,False,False,False
CHENNPETRO,ind_prs28022024.pdf,Page 3,PROVEN_MISSING_EVENT,"Conflict for CHENNPETRO: first=ADDITION, last=DELETION",True,True,False,False
CLEAN,ind_prs24022022_1.pdf,Page 4,PROVEN_MISSING_EVENT,"Conflict for CLEAN: first=ADDITION, last=DELETION",True,True,False,False
COALINDIA,ind_prs15092025.pdf,Page 5,PROVEN_INITIAL_CONSTITUENT,"Conflict for COALINDIA: first=DELETION, last=DELETION",True,False,False,False
COCHINSHIP,ind_prs11122024.pdf,Page 10,PROVEN_INITIAL_CONSTITUENT,"Conflict for COCHINSHIP: first=DELETION, last=DELETION",True,False,False,False
CONCOR,ind_prs22052024.pdf,Page 1,PROVEN_INITIAL_CONSTITUENT,"Conflict for CONCOR: first=DELETION, last=DELETION",True,False,False,False
CONCORDBIO,ind_prs17102023.pdf,Page 1,PROVEN_INITIAL_CONSTITUENT,"Conflict for CONCORDBIO: first=DELETION, last=DELETION",True,False,False,False
CUMMINSIND,ind_prs07062024.pdf,Page 8,PROVEN_MISSING_EVENT,"Conflict for CUMMINSIND: first=ADDITION, last=DELETION",True,True,False,False
CYIENT,ind_prs07062024.pdf,Page 7,PROVEN_INITIAL_CONSTITUENT,"Conflict for CYIENT: first=DELETION, last=DELETION",True,False,False,False
DIXON,ind_prs07062024.pdf,Page 8,PROVEN_MISSING_EVENT,"Conflict for DIXON: first=ADDITION, last=DELETION",True,True,False,False
EIDPARRY,ind_prs07122023.pdf,Page 9,PROVEN_MISSING_EVENT,"Conflict for EIDPARRY: first=ADDITION, last=DELETION",True,True,False,False
ELECON,ind_prs28022024.pdf,Page 3,PROVEN_MISSING_EVENT,"Conflict for ELECON: first=ADDITION, last=DELETION",True,True,False,False
ERIS,ind_prs06032018.pdf,Page 1,PROVEN_INITIAL_CONSTITUENT,"Conflict for ERIS: first=DELETION, last=DELETION",True,False,False,False
ESCORTS,ind_prs08122021.pdf,Page 8,PROVEN_INITIAL_CONSTITUENT,"Conflict for ESCORTS: first=DELETION, last=DELETION",True,False,False,False
EXIDEIND,ind_prs07062024.pdf,Page 8,PROVEN_MISSING_EVENT,"Conflict for EXIDEIND: first=ADDITION, last=DELETION",True,True,False,False
FACT,ind_prs07062024.pdf,Page 7,PROVEN_INITIAL_CONSTITUENT,"Conflict for FACT: first=DELETION, last=DELETION",True,False,False,False
FEDERALBNK,ind_prs11122020.pdf,Page 5,PROVEN_MISSING_EVENT,"Conflict for FEDERALBNK: first=ADDITION, last=DELETION",True,True,False,False
GESHIP,ind_prs11122020.pdf,Page 5,PROVEN_MISSING_EVENT,"Conflict for GESHIP: first=ADDITION, last=DELETION",True,True,False,False
GET&D,ind_prs23082024.pdf,Page 4,CORPORATE_ACTION,"Conflict for GET&D: first=ADDITION, last=ADDITION",False,False,False,True
GICRE,ind_prs07062024.pdf,Page 7,PROVEN_INITIAL_CONSTITUENT,"Conflict for GICRE: first=DELETION, last=DELETION",True,False,False,False
GLAND,ind_prs15062021.pdf,Page 1,PROVEN_INITIAL_CONSTITUENT,"Conflict for GLAND: first=DELETION, last=DELETION",True,False,False,False
GLAXO,ind_prs24072023.pdf,Page 1,PROVEN_INITIAL_CONSTITUENT,"Conflict for GLAXO: first=DELETION, last=DELETION",True,False,False,False
GLS,ind_prs24022022_1.pdf,Page 4,CORPORATE_ACTION,"Conflict for GLS: first=ADDITION, last=ADDITION",False,False,False,True
GMDCLTD,ind_prs28022024.pdf,Page 3,PROVEN_MISSING_EVENT,"Conflict for GMDCLTD: first=ADDITION, last=DELETION",True,True,False,False
GODREJCP,ind_prs24072024.pdf,Page 2,PROVEN_INITIAL_CONSTITUENT,"Conflict for GODREJCP: first=DELETION, last=DELETION",True,False,False,False
GRAPHITE,ind_prs08122021.pdf,Page 6,PROVEN_INITIAL_CONSTITUENT,"Conflict for GRAPHITE: first=DELETION, last=DELETION",True,False,False,False
GRASIM,ind_prs27042017.pdf,Page 1,PROVEN_INITIAL_CONSTITUENT,"Conflict for GRASIM: first=DELETION, last=DELETION",True,False,False,False
GSPL,ind_prs04052026.pdf,Page 1,PROVEN_INITIAL_CONSTITUENT,"Conflict for GSPL: first=DELETION, last=ADDITION",False,False,False,False
HAL,ind_prs11122024.pdf,Page 10,PROVEN_INITIAL_CONSTITUENT,"Conflict for HAL: first=DELETION, last=DELETION",True,False,False,False
HAPPSTMNDS,ind_prs08122021.pdf,Page 7,CORPORATE_ACTION,"Conflict for HAPPSTMNDS: first=ADDITION, last=ADDITION",False,False,False,True
HEMIPROP,ind_prs01092022.pdf,Page 2,PROVEN_INITIAL_CONSTITUENT,"Conflict for HEMIPROP: first=DELETION, last=ADDITION",False,False,False,False
HINDPETRO,ind_prs11122020.pdf,Page 6,PROVEN_INITIAL_CONSTITUENT,"Conflict for HINDPETRO: first=DELETION, last=DELETION",True,False,False,False
HINDZINC,ind_prs11122020.pdf,Page 4,PROVEN_INITIAL_CONSTITUENT,"Conflict for HINDZINC: first=DELETION, last=DELETION",True,False,False,False
HONASA,ind_prs28022024.pdf,Page 3,PROVEN_MISSING_EVENT,"Conflict for HONASA: first=ADDITION, last=DELETION",True,True,False,False
HONAUT,ind_prs22052024.pdf,Page 2,PROVEN_INITIAL_CONSTITUENT,"Conflict for HONAUT: first=DELETION, last=DELETION",True,False,False,False
ICIL,ind_prs01092022.pdf,Page 2,PROVEN_INITIAL_CONSTITUENT,"Conflict for ICIL: first=DELETION, last=ADDITION",False,False,False,False
IDEA,ind_prs23082024.pdf,Page 3,PROVEN_INITIAL_CONSTITUENT,"Conflict for IDEA: first=DELETION, last=DELETION",True,False,False,False
IDFC,ind_prs08122021.pdf,Page 6,PROVEN_INITIAL_CONSTITUENT,"Conflict for IDFC: first=DELETION, last=ADDITION",False,False,False,False
IGIL,ind_prs13032025.pdf,Page 7,PROVEN_MISSING_EVENT,"Conflict for IGIL: first=ADDITION, last=DELETION",True,True,False,False
IIFL,ind_prs17092019.pdf,Page 1,PROVEN_INITIAL_CONSTITUENT,"Conflict for IIFL: first=DELETION, last=DELETION",True,False,False,False
INDIACEM,ind_prs10102024_1.pdf,Page 1,PROVEN_MISSING_EVENT,"Conflict for INDIACEM: first=ADDITION, last=DELETION",True,True,False,False
INDIAMART,ind_prs08122021.pdf,Page 7,PROVEN_INITIAL_CONSTITUENT,"Conflict for INDIAMART: first=DELETION, last=DELETION",True,False,False,False
"INDIAN RENEWABLE ENERGY DEV.
AGENCY LTD.",ind_prs19032024.pdf,Page 1,CORPORATE_ACTION,"Conflict for INDIAN RENEWABLE ENERGY DEV.
AGENCY LTD.: first=ADDITION, last=ADDITION",False,False,False,True
INGERRAND,ind_prs24022022_1.pdf,Page 3,PROVEN_INITIAL_CONSTITUENT,"Conflict for INGERRAND: first=DELETION, last=ADDITION",False,False,False,False
IOC,ind_prs23092024.pdf,Page 6,PROVEN_MISSING_EVENT,"Conflict for IOC: first=ADDITION, last=DELETION",True,True,False,False
IRB,ind_prs15062022.pdf,Page 6,PROVEN_INITIAL_CONSTITUENT,"Conflict for IRB: first=DELETION, last=DELETION",True,False,False,False
IRCTC,ind_prs08122021.pdf,Page 7,PROVEN_MISSING_EVENT,"Conflict for IRCTC: first=ADDITION, last=DELETION",True,True,False,False
IRFC,ind_prs08122021.pdf,Page 6,PROVEN_MISSING_EVENT,"Conflict for IRFC: first=ADDITION, last=DELETION",True,True,False,False
ITI,ind_prs07062024.pdf,Page 7,PROVEN_INITIAL_CONSTITUENT,"Conflict for ITI: first=DELETION, last=DELETION",True,False,False,False
J&KBANK,ind_prs28022024.pdf,Page 3,PROVEN_MISSING_EVENT,"Conflict for J&KBANK: first=ADDITION, last=DELETION",True,True,False,False
JSWCEMENT,ind_prs11122025.pdf,Page 1,PROVEN_INITIAL_CONSTITUENT,"Conflict for JSWCEMENT: first=DELETION, last=DELETION",True,False,False,False
JUBLFOOD,ind_prs08122021.pdf,Page 7,PROVEN_INITIAL_CONSTITUENT,"Conflict for JUBLFOOD: first=DELETION, last=DELETION",True,False,False,False
JWL,ind_prs28022024.pdf,Page 4,PROVEN_MISSING_EVENT,"Conflict for JWL: first=ADDITION, last=DELETION",True,True,False,False
KARURVYSYA,ind_prs07062024.pdf,Page 8,PROVEN_INITIAL_CONSTITUENT,"Conflict for KARURVYSYA: first=DELETION, last=DELETION",True,False,False,False
KIMS,ind_prs24022022_1.pdf,Page 4,PROVEN_MISSING_EVENT,"Conflict for KIMS: first=ADDITION, last=DELETION",True,True,False,False
KIRLFER,ind_prs17082023.pdf,Page 2,CORPORATE_ACTION,"Conflict for KIRLFER: first=ADDITION, last=ADDITION",False,False,False,True
KOTAKBANK,ind_prs11122020.pdf,Page 6,PROVEN_INITIAL_CONSTITUENT,"Conflict for KOTAKBANK: first=DELETION, last=DELETION",True,False,False,False
KPIL,ind_prs07062024.pdf,Page 9,PROVEN_MISSING_EVENT,"Conflict for KPIL: first=ADDITION, last=DELETION",True,True,False,False
KSB,ind_prs24022022_1.pdf,Page 3,PROVEN_INITIAL_CONSTITUENT,"Conflict for KSB: first=DELETION, last=ADDITION",False,False,False,False
LALPATHLAB,ind_prs26072022.pdf,Page 2,PROVEN_MISSING_EVENT,"Conflict for LALPATHLAB: first=ADDITION, last=DELETION",True,True,False,False
MANKIND,ind_prs04072023.pdf,Page 2,PROVEN_INITIAL_CONSTITUENT,"Conflict for MANKIND: first=DELETION, last=DELETION",True,False,False,False
MAPMYINDIA,ind_prs24022022_1.pdf,Page 4,PROVEN_MISSING_EVENT,"Conflict for MAPMYINDIA: first=ADDITION, last=DELETION",True,True,False,False
MAXINDIA,ind_prs07032017.pdf,Page 1,CORPORATE_ACTION,"Conflict for MAXINDIA: first=ADDITION, last=ADDITION",False,False,False,True
MFL,ind_prs17022023_1.pdf,Page 3,CORPORATE_ACTION,"Conflict for MFL: first=ADDITION, last=ADDITION",False,False,False,True
MFSL,ind_prs29082017.pdf,Page 1,PROVEN_INITIAL_CONSTITUENT,"Conflict for MFSL: first=DELETION, last=DELETION",True,False,False,False
MGL,ind_prs07032017.pdf,Page 1,PROVEN_MISSING_EVENT,"Conflict for MGL: first=ADDITION, last=DELETION",True,True,False,False
MINDACORP,ind_prs24022022_1.pdf,Page 3,PROVEN_INITIAL_CONSTITUENT,"Conflict for MINDACORP: first=DELETION, last=DELETION",True,False,False,False
MMTC,ind_prs22052024.pdf,Page 3,PROVEN_MISSING_EVENT,"Conflict for MMTC: first=ADDITION, last=DELETION",True,True,False,False
MOTHERSON,ind_prs01092022.pdf,Page 3,PROVEN_MISSING_EVENT,"Conflict for MOTHERSON: first=ADDITION, last=DELETION",True,True,False,False
MRF,ind_prs07122023.pdf,Page 9,PROVEN_INITIAL_CONSTITUENT,"Conflict for MRF: first=DELETION, last=DELETION",True,False,False,False
MRPL,ind_prs11122024.pdf,Page 10,PROVEN_INITIAL_CONSTITUENT,"Conflict for MRPL: first=DELETION, last=DELETION",True,False,False,False
MSUMI,ind_prs01092022.pdf,Page 3,PROVEN_MISSING_EVENT,"Conflict for MSUMI: first=ADDITION, last=DELETION",True,True,False,False
NAUKRI,ind_prs11122024.pdf,Page 11,PROVEN_MISSING_EVENT,"Conflict for NAUKRI: first=ADDITION, last=DELETION",True,True,False,False
NAVINFLUOR,ind_prs08122021.pdf,Page 7,PROVEN_INITIAL_CONSTITUENT,"Conflict for NAVINFLUOR: first=DELETION, last=DELETION",True,False,False,False
NCC,ind_prs08122021.pdf,Page 8,PROVEN_INITIAL_CONSTITUENT,"Conflict for NCC: first=DELETION, last=DELETION",True,False,False,False
NH,ind_prs10102024_1.pdf,Page 1,PROVEN_INITIAL_CONSTITUENT,"Conflict for NH: first=DELETION, last=DELETION",True,False,False,False
NHPC,ind_prs07062024.pdf,Page 9,PROVEN_MISSING_EVENT,"Conflict for NHPC: first=ADDITION, last=DELETION",True,True,False,False
NIACL,ind_prs07062024.pdf,Page 8,PROVEN_INITIAL_CONSTITUENT,"Conflict for NIACL: first=DELETION, last=DELETION",True,False,False,False
NLCINDIA,ind_prs11122020.pdf,Page 4,PROVEN_INITIAL_CONSTITUENT,"Conflict for NLCINDIA: first=DELETION, last=DELETION",True,False,False,False
NSLNISP,ind_prs22112024.pdf,Page 1,PROVEN_MISSING_EVENT,"Conflict for NSLNISP: first=ADDITION, last=DELETION",True,True,False,False
NYKAA,ind_prs24022022_1.pdf,Page 4,PROVEN_MISSING_EVENT,"Conflict for NYKAA: first=ADDITION, last=DELETION",True,True,False,False
PAGEIND,ind_prs11122020.pdf,Page 6,PROVEN_INITIAL_CONSTITUENT,"Conflict for PAGEIND: first=DELETION, last=DELETION",True,False,False,False
PEL,ind_prs11072022.pdf,Page 1,PROVEN_INITIAL_CONSTITUENT,"Conflict for PEL: first=DELETION, last=ADDITION",False,False,False,False
PETRONET,ind_prs08122021.pdf,Page 6,PROVEN_MISSING_EVENT,"Conflict for PETRONET: first=ADDITION, last=DELETION",True,True,False,False
PFC,ind_prs11122024.pdf,Page 10,PROVEN_INITIAL_CONSTITUENT,"Conflict for PFC: first=DELETION, last=DELETION",True,False,False,False
PFOCUS,ind_prs13072026_1.pdf,Page 1,PROVEN_INITIAL_CONSTITUENT,"Conflict for PFOCUS: first=DELETION, last=DELETION",True,False,False,False
PGHL,ind_prs17022023_1.pdf,Page 2,PROVEN_INITIAL_CONSTITUENT,"Conflict for PGHL: first=DELETION, last=ADDITION",False,False,False,False
PIIND,ind_prs22082025_1.pdf,Page 1,PROVEN_INITIAL_CONSTITUENT,"Conflict for PIIND: first=DELETION, last=DELETION",True,False,False,False
PNB,ind_prs11122020.pdf,Page 5,PROVEN_MISSING_EVENT,"Conflict for PNB: first=ADDITION, last=DELETION",True,True,False,False
PNBHOUSING,ind_prs27042017.pdf,Page 2,PROVEN_MISSING_EVENT,"Conflict for PNBHOUSING: first=ADDITION, last=DELETION",True,True,False,False
POLYCAB,ind_prs07062024.pdf,Page 8,PROVEN_INITIAL_CONSTITUENT,"Conflict for POLYCAB: first=DELETION, last=DELETION",True,False,False,False
PRINCEPIPE,ind_prs23082024.pdf,Page 3,PROVEN_INITIAL_CONSTITUENT,"Conflict for PRINCEPIPE: first=DELETION, last=ADDITION",False,False,False,False
PRSMJOHNSN,ind_prs22052024.pdf,Page 3,CORPORATE_ACTION,"Conflict for PRSMJOHNSN: first=ADDITION, last=ADDITION",False,False,False,True
RAINBOW,ind_prs22122022.pdf,Page 1,PROVEN_INITIAL_CONSTITUENT,"Conflict for RAINBOW: first=DELETION, last=DELETION",True,False,False,False
RAJESHEXPO,ind_prs11122020.pdf,Page 5,PROVEN_INITIAL_CONSTITUENT,"Conflict for RAJESHEXPO: first=DELETION, last=ADDITION",False,False,False,False
RECLTD,ind_prs11122024.pdf,Page 10,PROVEN_INITIAL_CONSTITUENT,"Conflict for RECLTD: first=DELETION, last=DELETION",True,False,False,False
RESPONIND,ind_prs18122019.pdf,Page 1,CORPORATE_ACTION,"Conflict for RESPONIND: first=ADDITION, last=ADDITION",False,False,False,True
RITES,ind_prs23092024.pdf,Page 6,PROVEN_INITIAL_CONSTITUENT,"Conflict for RITES: first=DELETION, last=DELETION",True,False,False,False
RKFORGE,ind_prs28022024.pdf,Page 4,PROVEN_MISSING_EVENT,"Conflict for RKFORGE: first=ADDITION, last=DELETION",True,True,False,False
ROSSARI,ind_prs28022024.pdf,Page 3,PROVEN_INITIAL_CONSTITUENT,"Conflict for ROSSARI: first=DELETION, last=ADDITION",False,False,False,False
ROUTE,ind_prs23082022.pdf,Page 1,PROVEN_INITIAL_CONSTITUENT,"Conflict for ROUTE: first=DELETION, last=ADDITION",False,False,False,False
SAFARI,ind_prs17082023.pdf,Page 3,CORPORATE_ACTION,"Conflict for SAFARI: first=ADDITION, last=ADDITION",False,False,False,True
SANOFI,ind_prs13032025.pdf,Page 7,PROVEN_INITIAL_CONSTITUENT,"Conflict for SANOFI: first=DELETION, last=ADDITION",False,False,False,False
SAREGAMA,ind_prs24022022_1.pdf,Page 4,PROVEN_MISSING_EVENT,"Conflict for SAREGAMA: first=ADDITION, last=DELETION",True,True,False,False
SBICARD,ind_prs02072020_1.pdf,Page 2,PROVEN_INITIAL_CONSTITUENT,"Conflict for SBICARD: first=DELETION, last=DELETION",True,False,False,False
SHARDACROP,ind_prs24022022_1.pdf,Page 3,PROVEN_INITIAL_CONSTITUENT,"Conflict for SHARDACROP: first=DELETION, last=ADDITION",False,False,False,False
SHREECEM,ind_prs23082022.pdf,Page 2,PROVEN_MISSING_EVENT,"Conflict for SHREECEM: first=ADDITION, last=DELETION",True,True,False,False
SHRIRAMFIN,ind_prs09062023.pdf,Page 7,PROVEN_INITIAL_CONSTITUENT,"Conflict for SHRIRAMFIN: first=DELETION, last=DELETION",True,False,False,False
SHYAMMETL,ind_prs24022022_1.pdf,Page 4,PROVEN_MISSING_EVENT,"Conflict for SHYAMMETL: first=ADDITION, last=DELETION",True,True,False,False
SIEMENS,ind_prs07062024.pdf,Page 9,PROVEN_MISSING_EVENT,"Conflict for SIEMENS: first=ADDITION, last=DELETION",True,True,False,False
SJVN,ind_prs11122020.pdf,Page 5,PROVEN_INITIAL_CONSTITUENT,"Conflict for SJVN: first=DELETION, last=DELETION",True,False,False,False
SOBHA,ind_prs23082022.pdf,Page 2,PROVEN_MISSING_EVENT,"Conflict for SOBHA: first=ADDITION, last=DELETION",True,True,False,False
SOLARINDS,ind_prs11122024.pdf,Page 10,PROVEN_INITIAL_CONSTITUENT,"Conflict for SOLARINDS: first=DELETION, last=DELETION",True,False,False,False
SONACOMS,ind_prs22082025_1.pdf,Page 1,PROVEN_INITIAL_CONSTITUENT,"Conflict for SONACOMS: first=DELETION, last=DELETION",True,False,False,False
SONATSOFTW,ind_prs07062024.pdf,Page 8,PROVEN_INITIAL_CONSTITUENT,"Conflict for SONATSOFTW: first=DELETION, last=DELETION",True,False,False,False
SPANDANA,ind_prs24022022_1.pdf,Page 3,PROVEN_INITIAL_CONSTITUENT,"Conflict for SPANDANA: first=DELETION, last=ADDITION",False,False,False,False
SRF,ind_prs22052024.pdf,Page 3,PROVEN_MISSING_EVENT,"Conflict for SRF: first=ADDITION, last=DELETION",True,True,False,False
SRTRANSFIN,ind_prs15062022.pdf,Page 6,CORPORATE_ACTION,"Conflict for SRTRANSFIN: first=ADDITION, last=ADDITION",False,False,False,True
SUNCLAYLTD,ind_prs23022021.pdf,Page 3,CORPORATE_ACTION,"Conflict for SUNCLAYLTD: first=ADDITION, last=ADDITION",False,False,False,True
SUPREMEIND,ind_prs07062024.pdf,Page 8,PROVEN_INITIAL_CONSTITUENT,"Conflict for SUPREMEIND: first=DELETION, last=DELETION",True,False,False,False
SUVENPHAR,ind_prs11122024.pdf,Page 11,CORPORATE_ACTION,"Conflict for SUVENPHAR: first=ADDITION, last=ADDITION",False,False,False,True
SWANENERGY,ind_prs01092022.pdf,Page 3,CORPORATE_ACTION,"Conflict for SWANENERGY: first=ADDITION, last=ADDITION",False,False,False,True
SWSOLAR,ind_prs24072023.pdf,Page 1,PROVEN_INITIAL_CONSTITUENT,"Conflict for SWSOLAR: first=DELETION, last=ADDITION",False,False,False,False
TANLA,ind_prs15092025.pdf,Page 6,PROVEN_INITIAL_CONSTITUENT,"Conflict for TANLA: first=DELETION, last=ADDITION",False,False,False,False
TATACOMM,ind_prs22052024.pdf,Page 2,PROVEN_INITIAL_CONSTITUENT,"Conflict for TATACOMM: first=DELETION, last=DELETION",True,False,False,False
TATACONSUM,ind_prs08122021.pdf,Page 8,PROVEN_INITIAL_CONSTITUENT,"Conflict for TATACONSUM: first=DELETION, last=DELETION",True,False,False,False
TATAELXSI,ind_prs10102024_1.pdf,Page 1,PROVEN_INITIAL_CONSTITUENT,"Conflict for TATAELXSI: first=DELETION, last=DELETION",True,False,False,False
TATAINVEST,ind_prs24022022_1.pdf,Page 4,PROVEN_MISSING_EVENT,"Conflict for TATAINVEST: first=ADDITION, last=DELETION",True,True,False,False
TATAPOWER,ind_prs08122021.pdf,Page 6,PROVEN_INITIAL_CONSTITUENT,"Conflict for TATAPOWER: first=DELETION, last=DELETION",True,False,False,False
TATASTEEL,ind_prs26072022.pdf,Page 2,PROVEN_MISSING_EVENT,"Conflict for TATASTEEL: first=ADDITION, last=DELETION",True,True,False,False
THERMAX,ind_prs23082023.pdf,Page 1,PROVEN_MISSING_EVENT,"Conflict for THERMAX: first=ADDITION, last=DELETION",True,True,False,False
TIINDIA,ind_prs22052024.pdf,Page 3,PROVEN_MISSING_EVENT,"Conflict for TIINDIA: first=ADDITION, last=DELETION",True,True,False,False
TITAGARH,ind_prs28022024.pdf,Page 4,PROVEN_MISSING_EVENT,"Conflict for TITAGARH: first=ADDITION, last=DELETION",True,True,False,False
TORNTPHARM,ind_prs22082025_1.pdf,Page 1,PROVEN_MISSING_EVENT,"Conflict for TORNTPHARM: first=ADDITION, last=DELETION",True,True,False,False
TVSMOTOR,ind_prs22052024.pdf,Page 2,PROVEN_INITIAL_CONSTITUENT,"Conflict for TVSMOTOR: first=DELETION, last=DELETION",True,False,False,False
VALIANTORG,ind_prs24022022_1.pdf,Page 3,PROVEN_INITIAL_CONSTITUENT,"Conflict for VALIANTORG: first=DELETION, last=ADDITION",False,False,False,False
VBL,ind_prs27042017.pdf,Page 2,PROVEN_MISSING_EVENT,"Conflict for VBL: first=ADDITION, last=DELETION",True,True,False,False
VTL,ind_prs09062023.pdf,Page 7,PROVEN_INITIAL_CONSTITUENT,"Conflict for VTL: first=DELETION, last=DELETION",True,False,False,False
WAAREEENER,ind_prs13032025.pdf,Page 7,PROVEN_MISSING_EVENT,"Conflict for WAAREEENER: first=ADDITION, last=DELETION",True,True,False,False
WELCORP,ind_prs11122020.pdf,Page 5,PROVEN_MISSING_EVENT,"Conflict for WELCORP: first=ADDITION, last=DELETION",True,True,False,False
WHIRLPOOL,ind_prs11122020.pdf,Page 5,PROVEN_INITIAL_CONSTITUENT,"Conflict for WHIRLPOOL: first=DELETION, last=DELETION",True,False,False,False
WIPRO,ind_prs26072022.pdf,Page 2,PROVEN_MISSING_EVENT,"Conflict for WIPRO: first=ADDITION, last=DELETION",True,True,False,False
ZENSARTECH,ind_prs23082022.pdf,Page 2,PROVEN_MISSING_EVENT,"Conflict for ZENSARTECH: first=ADDITION, last=DELETION",True,True,False,False
ZFCVINDIA,ind_prs23082022.pdf,Page 2,PROVEN_MISSING_EVENT,"Conflict for ZFCVINDIA: first=ADDITION, last=DELETION",True,True,False,False
ZOMATO,ind_prs24022022_1.pdf,Page 4,CORPORATE_ACTION,"Conflict for ZOMATO: first=ADDITION, last=ADDITION",False,False,False,True
ZYDUSLIFE,ind_prs23082022.pdf,Page 2,PROVEN_MISSING_EVENT,"Conflict for ZYDUSLIFE: first=ADDITION, last=DELETION",True,True,False,False
