index_name,symbol,yahoo_symbol,company_name,isin,sector,industry,valid_from,valid_to
Nifty 500,360ONE,360ONE.NS,360 ONE WAM Ltd.,INE466L01038,,Financial Services,,
Nifty 500,3MINDIA,3MINDIA.NS,3M India Ltd.,INE470A01017,,Diversified,,
Nifty 500,ABB,ABB.NS,ABB India Ltd.,INE117A01022,,Capital Goods,,
Nifty 500,ACC,ACC.NS,ACC Ltd.,INE012A01025,,Construction Materials,,
Nifty 500,ACMESOLAR,ACMESOLAR.NS,ACME Solar Holdings Ltd.,INE622W01025,,Power,,
Nifty 500,AIAENG,AIAENG.NS,AIA Engineering Ltd.,INE212H01026,,Capital Goods,,
Nifty 500,APLAPOLLO,APLAPOLLO.NS,APL Apollo Tubes Ltd.,INE702C01027,,Capital Goods,,
Nifty 500,AUBANK,AUBANK.NS,AU Small Finance Bank Ltd.,INE949L01017,,Financial Services,,
Nifty 500,AWL,AWL.NS,AWL Agri Business Ltd.,INE699H01024,,Fast Moving Consumer Goods,,
Nifty 500,AADHARHFC,AADHARHFC.NS,Aadhar Housing Finance Ltd.,INE883F01010,,Financial Services,,
Nifty 500,AARTIIND,AARTIIND.NS,Aarti Industries Ltd.,INE769A01020,,Chemicals,,
Nifty 500,AAVAS,AAVAS.NS,Aavas Financiers Ltd.,INE216P01012,,Financial Services,,
Nifty 500,ABBOTINDIA,ABBOTINDIA.NS,Abbott India Ltd.,INE358A01014,,Healthcare,,
Nifty 500,ACE,ACE.NS,Action Construction Equipment Ltd.,INE731H01025,,Capital Goods,,
Nifty 500,ACUTAAS,ACUTAAS.NS,Acutaas Chemicals Ltd.,INE00FF01025,,Healthcare,,
Nifty 500,ADANIENSOL,ADANIENSOL.NS,Adani Energy Solutions Ltd.,INE931S01010,,Power,,
Nifty 500,ADANIENT,ADANIENT.NS,Adani Enterprises Ltd.,INE423A01024,,Metals & Mining,,
Nifty 500,ADANIGREEN,ADANIGREEN.NS,Adani Green Energy Ltd.,INE364U01010,,Power,,
Nifty 500,ADANIPORTS,ADANIPORTS.NS,Adani Ports and Special Economic Zone Ltd.,INE742F01042,,Services,,
Nifty 500,ADANIPOWER,ADANIPOWER.NS,Adani Power Ltd.,INE814H01029,,Power,,
Nifty 500,ATGL,ATGL.NS,Adani Total Gas Ltd.,INE399L01023,,Oil Gas & Consumable Fuels,,
Nifty 500,ABCAPITAL,ABCAPITAL.NS,Aditya Birla Capital Ltd.,INE674K01013,,Financial Services,,
Nifty 500,ABFRL,ABFRL.NS,Aditya Birla Fashion and Retail Ltd.,INE647O01011,,Consumer Services,,
Nifty 500,ABLBL,ABLBL.NS,Aditya Birla Lifestyle Brands Ltd.,INE14LE01019,,Consumer Services,,
Nifty 500,ABREL,ABREL.NS,Aditya Birla Real Estate Ltd.,INE055A01016,,Realty,,
Nifty 500,ABSLAMC,ABSLAMC.NS,Aditya Birla Sun Life AMC Ltd.,INE404A01024,,Financial Services,,
Nifty 500,CPPLUS,CPPLUS.NS,Aditya Infotech Ltd.,INE819V01029,,Capital Goods,,
Nifty 500,AEGISLOG,AEGISLOG.NS,Aegis Logistics Ltd.,INE208C01025,,Oil Gas & Consumable Fuels,,
Nifty 500,AEGISVOPAK,AEGISVOPAK.NS,Aegis Vopak Terminals Ltd.,INE0INX01018,,Oil Gas & Consumable Fuels,,
Nifty 500,AFCONS,AFCONS.NS,Afcons Infrastructure Ltd.,INE101I01011,,Construction,,
Nifty 500,AFFLE,AFFLE.NS,Affle 3i Ltd.,INE00WC01027,,Information Technology,,
Nifty 500,AJANTPHARM,AJANTPHARM.NS,Ajanta Pharmaceuticals Ltd.,INE031B01049,,Healthcare,,
Nifty 500,ALKEM,ALKEM.NS,Alkem Laboratories Ltd.,INE540L01014,,Healthcare,,
Nifty 500,ABDL,ABDL.NS,Allied Blenders and Distillers Ltd.,INE552Z01027,,Fast Moving Consumer Goods,,
Nifty 500,ARE&M,ARE&M.NS,Amara Raja Energy & Mobility Ltd.,INE885A01032,,Automobile and Auto Components,,
Nifty 500,AMBER,AMBER.NS,Amber Enterprises India Ltd.,INE371P01015,,Consumer Durables,,
Nifty 500,AMBUJACEM,AMBUJACEM.NS,Ambuja Cements Ltd.,INE079A01024,,Construction Materials,,
Nifty 500,ANANDRATHI,ANANDRATHI.NS,Anand Rathi Wealth Ltd.,INE463V01026,,Financial Services,,
Nifty 500,ANANTRAJ,ANANTRAJ.NS,Anant Raj Ltd.,INE242C01024,,Realty,,
Nifty 500,ANGELONE,ANGELONE.NS,Angel One Ltd.,INE732I01021,,Financial Services,,
Nifty 500,ANTHEM,ANTHEM.NS,Anthem Biosciences Ltd.,INE0CZ201020,,Healthcare,,
Nifty 500,ANURAS,ANURAS.NS,Anupam Rasayan India Ltd.,INE930P01018,,Chemicals,,
Nifty 500,APARINDS,APARINDS.NS,Apar Industries Ltd.,INE372A01015,,Capital Goods,,
Nifty 500,APOLLOHOSP,APOLLOHOSP.NS,Apollo Hospitals Enterprise Ltd.,INE437A01024,,Healthcare,,
Nifty 500,APOLLOTYRE,APOLLOTYRE.NS,Apollo Tyres Ltd.,INE438A01022,,Automobile and Auto Components,,
Nifty 500,APTUS,APTUS.NS,Aptus Value Housing Finance India Ltd.,INE852O01025,,Financial Services,,
Nifty 500,ASAHIINDIA,ASAHIINDIA.NS,Asahi India Glass Ltd.,INE439A01020,,Automobile and Auto Components,,
Nifty 500,ASHOKLEY,ASHOKLEY.NS,Ashok Leyland Ltd.,INE208A01029,,Capital Goods,,
Nifty 500,ASIANPAINT,ASIANPAINT.NS,Asian Paints Ltd.,INE021A01026,,Consumer Durables,,
Nifty 500,ASTERDM,ASTERDM.NS,Aster DM Quality Care Ltd.,INE914M01019,,Healthcare,,
Nifty 500,ASTRAL,ASTRAL.NS,Astral Ltd.,INE006I01046,,Capital Goods,,
Nifty 500,ATHERENERG,ATHERENERG.NS,Ather Energy Ltd.,INE0LEZ01016,,Automobile and Auto Components,,
Nifty 500,ATUL,ATUL.NS,Atul Ltd.,INE100A01010,,Chemicals,,
Nifty 500,AUROPHARMA,AUROPHARMA.NS,Aurobindo Pharma Ltd.,INE406A01037,,Healthcare,,
Nifty 500,AIIL,AIIL.NS,Authum Investment & Infrastructure Ltd.,INE206F01022,,Financial Services,,
Nifty 500,DMART,DMART.NS,Avenue Supermarts Ltd.,INE192R01011,,Consumer Services,,
Nifty 500,AXISBANK,AXISBANK.NS,Axis Bank Ltd.,INE238A01034,,Financial Services,,
Nifty 500,BEML,BEML.NS,BEML Ltd.,INE258A01024,,Capital Goods,,
Nifty 500,BLS,BLS.NS,BLS International Services Ltd.,INE153T01027,,Consumer Services,,
Nifty 500,BSE,BSE.NS,BSE Ltd.,INE118H01025,,Financial Services,,
Nifty 500,BAJAJ-AUTO,BAJAJ-AUTO.NS,Bajaj Auto Ltd.,INE917I01010,,Automobile and Auto Components,,
Nifty 500,BAJFINANCE,BAJFINANCE.NS,Bajaj Finance Ltd.,INE296A01032,,Financial Services,,
Nifty 500,BAJAJFINSV,BAJAJFINSV.NS,Bajaj Finserv Ltd.,INE918I01026,,Financial Services,,
Nifty 500,BAJAJHLDNG,BAJAJHLDNG.NS,Bajaj Holdings & Investment Ltd.,INE118A01012,,Financial Services,,
Nifty 500,BAJAJHFL,BAJAJHFL.NS,Bajaj Housing Finance Ltd.,INE377Y01014,,Financial Services,,
Nifty 500,BALKRISIND,BALKRISIND.NS,Balkrishna Industries Ltd.,INE787D01026,,Automobile and Auto Components,,
Nifty 500,BALRAMCHIN,BALRAMCHIN.NS,Balrampur Chini Mills Ltd.,INE119A01028,,Fast Moving Consumer Goods,,
Nifty 500,BANDHANBNK,BANDHANBNK.NS,Bandhan Bank Ltd.,INE545U01014,,Financial Services,,
Nifty 500,BANKBARODA,BANKBARODA.NS,Bank of Baroda,INE028A01039,,Financial Services,,
Nifty 500,BANKINDIA,BANKINDIA.NS,Bank of India,INE084A01016,,Financial Services,,
Nifty 500,MAHABANK,MAHABANK.NS,Bank of Maharashtra,INE457A01014,,Financial Services,,
Nifty 500,BATAINDIA,BATAINDIA.NS,Bata India Ltd.,INE176A01028,,Consumer Durables,,
Nifty 500,BAYERCROP,BAYERCROP.NS,Bayer Cropscience Ltd.,INE462A01022,,Chemicals,,
Nifty 500,BELRISE,BELRISE.NS,Belrise Industries Ltd.,INE894V01022,,Automobile and Auto Components,,
Nifty 500,BERGEPAINT,BERGEPAINT.NS,Berger Paints India Ltd.,INE463A01038,,Consumer Durables,,
Nifty 500,BDL,BDL.NS,Bharat Dynamics Ltd.,INE171Z01026,,Capital Goods,,
Nifty 500,BEL,BEL.NS,Bharat Electronics Ltd.,INE263A01024,,Capital Goods,,
Nifty 500,BHARATFORG,BHARATFORG.NS,Bharat Forge Ltd.,INE465A01025,,Automobile and Auto Components,,
Nifty 500,BHEL,BHEL.NS,Bharat Heavy Electricals Ltd.,INE257A01026,,Capital Goods,,
Nifty 500,BPCL,BPCL.NS,Bharat Petroleum Corporation Ltd.,INE029A01011,,Oil Gas & Consumable Fuels,,
Nifty 500,BHARTIARTL,BHARTIARTL.NS,Bharti Airtel Ltd.,INE397D01024,,Telecommunication,,
Nifty 500,BHARTIHEXA,BHARTIHEXA.NS,Bharti Hexacom Ltd.,INE343G01021,,Telecommunication,,
Nifty 500,BIKAJI,BIKAJI.NS,Bikaji Foods International Ltd.,INE00E101023,,Fast Moving Consumer Goods,,
Nifty 500,GROWW,GROWW.NS,Billionbrains Garage Ventures Ltd.,INE0HOQ01053,,Financial Services,,
Nifty 500,BIOCON,BIOCON.NS,Biocon Ltd.,INE376G01013,,Healthcare,,
Nifty 500,BSOFT,BSOFT.NS,Birlasoft Ltd.,INE836A01035,,Information Technology,,
Nifty 500,BLUEDART,BLUEDART.NS,Blue Dart Express Ltd.,INE233B01017,,Services,,
Nifty 500,BLUEJET,BLUEJET.NS,Blue Jet Healthcare Ltd.,INE0KBH01020,,Healthcare,,
Nifty 500,BLUESTARCO,BLUESTARCO.NS,Blue Star Ltd.,INE472A01039,,Consumer Durables,,
Nifty 500,BBTC,BBTC.NS,Bombay Burmah Trading Corporation Ltd.,INE050A01025,,Fast Moving Consumer Goods,,
Nifty 500,BOSCHLTD,BOSCHLTD.NS,Bosch Ltd.,INE323A01026,,Automobile and Auto Components,,
Nifty 500,FIRSTCRY,FIRSTCRY.NS,Brainbees Solutions Ltd.,INE02RE01045,,Consumer Services,,
Nifty 500,BRIGADE,BRIGADE.NS,Brigade Enterprises Ltd.,INE791I01019,,Realty,,
Nifty 500,BRITANNIA,BRITANNIA.NS,Britannia Industries Ltd.,INE216A01030,,Fast Moving Consumer Goods,,
Nifty 500,MAPMYINDIA,MAPMYINDIA.NS,C.E. Info Systems Ltd.,INE0BV301023,,Information Technology,,
Nifty 500,CCL,CCL.NS,CCL Products (I) Ltd.,INE421D01022,,Fast Moving Consumer Goods,,
Nifty 500,CESC,CESC.NS,CESC Ltd.,INE486A01021,,Power,,
Nifty 500,CGPOWER,CGPOWER.NS,CG Power and Industrial Solutions Ltd.,INE067A01029,,Capital Goods,,
Nifty 500,CIEINDIA,CIEINDIA.NS,CIE Automotive India Ltd.,INE536H01010,,Automobile and Auto Components,,
Nifty 500,CRISIL,CRISIL.NS,CRISIL Ltd.,INE007A01025,,Financial Services,,
Nifty 500,CANFINHOME,CANFINHOME.NS,Can Fin Homes Ltd.,INE477A01020,,Financial Services,,
Nifty 500,CANBK,CANBK.NS,Canara Bank,INE476A01022,,Financial Services,,
Nifty 500,CANHLIFE,CANHLIFE.NS,Canara HSBC Life Insurance Company Ltd.,INE01TY01017,,Financial Services,,
Nifty 500,CAPLIPOINT,CAPLIPOINT.NS,Caplin Point Laboratories Ltd.,INE475E01026,,Healthcare,,
Nifty 500,CGCL,CGCL.NS,Capri Global Capital Ltd.,INE180C01042,,Financial Services,,
Nifty 500,CARBORUNIV,CARBORUNIV.NS,Carborundum Universal Ltd.,INE120A01034,,Capital Goods,,
Nifty 500,CARTRADE,CARTRADE.NS,Cartrade Tech Ltd.,INE290S01011,,Consumer Services,,
Nifty 500,CASTROLIND,CASTROLIND.NS,Castrol India Ltd.,INE172A01027,,Oil Gas & Consumable Fuels,,
Nifty 500,CEATLTD,CEATLTD.NS,Ceat Ltd.,INE482A01020,,Automobile and Auto Components,,
Nifty 500,CEMPRO,CEMPRO.NS,Cemindia Projects Ltd.,INE686A01026,,Construction,,
Nifty 500,CENTRALBK,CENTRALBK.NS,Central Bank of India,INE483A01010,,Financial Services,,
Nifty 500,CDSL,CDSL.NS,Central Depository Services (India) Ltd.,INE736A01011,,Financial Services,,
Nifty 500,CHALET,CHALET.NS,Chalet Hotels Ltd.,INE427F01016,,Consumer Services,,
Nifty 500,CHAMBLFERT,CHAMBLFERT.NS,Chambal Fertilizers & Chemicals Ltd.,INE085A01013,,Chemicals,,
Nifty 500,CHENNPETRO,CHENNPETRO.NS,Chennai Petroleum Corporation Ltd.,INE178A01016,,Oil Gas & Consumable Fuels,,
Nifty 500,CHOICEIN,CHOICEIN.NS,Choice International Ltd.,INE102B01014,,Financial Services,,
Nifty 500,CHOLAHLDNG,CHOLAHLDNG.NS,Cholamandalam Financial Holdings Ltd.,INE149A01033,,Financial Services,,
Nifty 500,CHOLAFIN,CHOLAFIN.NS,Cholamandalam Investment and Finance Company Ltd.,INE121A01024,,Financial Services,,
Nifty 500,CIPLA,CIPLA.NS,Cipla Ltd.,INE059A01026,,Healthcare,,
Nifty 500,CUB,CUB.NS,City Union Bank Ltd.,INE491A01021,,Financial Services,,
Nifty 500,CLEAN,CLEAN.NS,Clean Science and Technology Ltd.,INE227W01023,,Chemicals,,
Nifty 500,COALINDIA,COALINDIA.NS,Coal India Ltd.,INE522F01014,,Oil Gas & Consumable Fuels,,
Nifty 500,COCHINSHIP,COCHINSHIP.NS,Cochin Shipyard Ltd.,INE704P01025,,Capital Goods,,
Nifty 500,COFORGE,COFORGE.NS,Coforge Ltd.,INE591G01025,,Information Technology,,
Nifty 500,COHANCE,COHANCE.NS,Cohance Lifesciences Ltd.,INE03QK01018,,Healthcare,,
Nifty 500,COLPAL,COLPAL.NS,Colgate Palmolive (India) Ltd.,INE259A01022,,Fast Moving Consumer Goods,,
Nifty 500,CAMS,CAMS.NS,Computer Age Management Services Ltd.,INE596I01020,,Financial Services,,
Nifty 500,CONCORDBIO,CONCORDBIO.NS,Concord Biotech Ltd.,INE338H01029,,Healthcare,,
Nifty 500,CONCOR,CONCOR.NS,Container Corporation of India Ltd.,INE111A01025,,Services,,
Nifty 500,COROMANDEL,COROMANDEL.NS,Coromandel International Ltd.,INE169A01031,,Chemicals,,
Nifty 500,CRAFTSMAN,CRAFTSMAN.NS,Craftsman Automation Ltd.,INE00LO01017,,Automobile and Auto Components,,
Nifty 500,CREDITACC,CREDITACC.NS,CreditAccess Grameen Ltd.,INE741K01010,,Financial Services,,
Nifty 500,CROMPTON,CROMPTON.NS,Crompton Greaves Consumer Electricals Ltd.,INE299U01018,,Consumer Durables,,
Nifty 500,CUMMINSIND,CUMMINSIND.NS,Cummins India Ltd.,INE298A01020,,Capital Goods,,
Nifty 500,CYIENT,CYIENT.NS,Cyient Ltd.,INE136B01020,,Information Technology,,
Nifty 500,DCMSHRIRAM,DCMSHRIRAM.NS,DCM Shriram Ltd.,INE499A01024,,Diversified,,
Nifty 500,DLF,DLF.NS,DLF Ltd.,INE271C01023,,Realty,,
Nifty 500,DOMS,DOMS.NS,DOMS Industries Ltd.,INE321T01012,,Fast Moving Consumer Goods,,
Nifty 500,DABUR,DABUR.NS,Dabur India Ltd.,INE016A01026,,Fast Moving Consumer Goods,,
Nifty 500,DALBHARAT,DALBHARAT.NS,Dalmia Bharat Ltd.,INE00R701025,,Construction Materials,,
Nifty 500,DATAPATTNS,DATAPATTNS.NS,Data Patterns (India) Ltd.,INE0IX101010,,Capital Goods,,
Nifty 500,DEEPAKFERT,DEEPAKFERT.NS,Deepak Fertilisers & Petrochemicals Corp. Ltd.,INE501A01019,,Chemicals,,
Nifty 500,DEEPAKNTR,DEEPAKNTR.NS,Deepak Nitrite Ltd.,INE288B01029,,Chemicals,,
Nifty 500,DELHIVERY,DELHIVERY.NS,Delhivery Ltd.,INE148O01028,,Services,,
Nifty 500,DEVYANI,DEVYANI.NS,Devyani International Ltd.,INE872J01023,,Consumer Services,,
Nifty 500,DIVISLAB,DIVISLAB.NS,Divi's Laboratories Ltd.,INE361B01024,,Healthcare,,
Nifty 500,DIXON,DIXON.NS,Dixon Technologies (India) Ltd.,INE935N01020,,Consumer Durables,,
Nifty 500,LALPATHLAB,LALPATHLAB.NS,Dr. Lal Path Labs Ltd.,INE600L01024,,Healthcare,,
Nifty 500,DRREDDY,DRREDDY.NS,Dr. Reddy's Laboratories Ltd.,INE089A01031,,Healthcare,,
Nifty 500,EIDPARRY,EIDPARRY.NS,E.I.D. Parry (India) Ltd.,INE126A01031,,Fast Moving Consumer Goods,,
Nifty 500,EIHOTEL,EIHOTEL.NS,EIH Ltd.,INE230A01023,,Consumer Services,,
Nifty 500,EICHERMOT,EICHERMOT.NS,Eicher Motors Ltd.,INE066A01021,,Automobile and Auto Components,,
Nifty 500,ELECON,ELECON.NS,Elecon Engineering Co. Ltd.,INE205B01031,,Capital Goods,,
Nifty 500,ELGIEQUIP,ELGIEQUIP.NS,Elgi Equipments Ltd.,INE285A01027,,Capital Goods,,
Nifty 500,EMAMILTD,EMAMILTD.NS,Emami Ltd.,INE548C01032,,Fast Moving Consumer Goods,,
Nifty 500,EMCURE,EMCURE.NS,Emcure Pharmaceuticals Ltd.,INE168P01015,,Healthcare,,
Nifty 500,EMMVEE,EMMVEE.NS,Emmvee Photovoltaic Power Ltd.,INE1C6T01020,,Capital Goods,,
Nifty 500,ENDURANCE,ENDURANCE.NS,Endurance Technologies Ltd.,INE913H01037,,Automobile and Auto Components,,
Nifty 500,ENGINERSIN,ENGINERSIN.NS,Engineers India Ltd.,INE510A01028,,Construction,,
Nifty 500,ERIS,ERIS.NS,Eris Lifesciences Ltd.,INE406M01024,,Healthcare,,
Nifty 500,ESCORTS,ESCORTS.NS,Escorts Kubota Ltd.,INE042A01014,,Capital Goods,,
Nifty 500,ETERNAL,ETERNAL.NS,Eternal Ltd.,INE758T01015,,Consumer Services,,
Nifty 500,EXIDEIND,EXIDEIND.NS,Exide Industries Ltd.,INE302A01020,,Automobile and Auto Components,,
Nifty 500,NYKAA,NYKAA.NS,FSN E-Commerce Ventures Ltd.,INE388Y01029,,Consumer Services,,
Nifty 500,FEDERALBNK,FEDERALBNK.NS,Federal Bank Ltd.,INE171A01029,,Financial Services,,
Nifty 500,FACT,FACT.NS,Fertilisers and Chemicals Travancore Ltd.,INE188A01015,,Chemicals,,
Nifty 500,FINCABLES,FINCABLES.NS,Finolex Cables Ltd.,INE235A01022,,Capital Goods,,
Nifty 500,FSL,FSL.NS,Firstsource Solutions Ltd.,INE684F01012,,Services,,
Nifty 500,FIVESTAR,FIVESTAR.NS,Five-Star Business Finance Ltd.,INE128S01021,,Financial Services,,
Nifty 500,FORCEMOT,FORCEMOT.NS,Force Motors Ltd.,INE451A01017,,Automobile and Auto Components,,
Nifty 500,FORTIS,FORTIS.NS,Fortis Healthcare Ltd.,INE061F01013,,Healthcare,,
Nifty 500,GAIL,GAIL.NS,GAIL (India) Ltd.,INE129A01019,,Oil Gas & Consumable Fuels,,
Nifty 500,GVT&D,GVT&D.NS,GE Vernova T&D India Ltd.,INE200A01026,,Capital Goods,,
Nifty 500,GMRAIRPORT,GMRAIRPORT.NS,GMR Airports Ltd.,INE776C01039,,Services,,
Nifty 500,GABRIEL,GABRIEL.NS,Gabriel India Ltd.,INE524A01029,,Automobile and Auto Components,,
Nifty 500,GALLANTT,GALLANTT.NS,Gallantt Ispat Ltd.,INE297H01019,,Capital Goods,,
Nifty 500,GRSE,GRSE.NS,Garden Reach Shipbuilders & Engineers Ltd.,INE382Z01011,,Capital Goods,,
Nifty 500,GICRE,GICRE.NS,General Insurance Corporation of India,INE481Y01014,,Financial Services,,
Nifty 500,GILLETTE,GILLETTE.NS,Gillette India Ltd.,INE322A01010,,Fast Moving Consumer Goods,,
Nifty 500,GLAND,GLAND.NS,Gland Pharma Ltd.,INE068V01023,,Healthcare,,
Nifty 500,GLAXO,GLAXO.NS,Glaxosmithkline Pharmaceuticals Ltd.,INE159A01016,,Healthcare,,
Nifty 500,GLENMARK,GLENMARK.NS,Glenmark Pharmaceuticals Ltd.,INE935A01035,,Healthcare,,
Nifty 500,MEDANTA,MEDANTA.NS,Global Health Ltd.,INE474Q01031,,Healthcare,,
Nifty 500,GODIGIT,GODIGIT.NS,Go Digit General Insurance Ltd.,INE03JT01014,,Financial Services,,
Nifty 500,GPIL,GPIL.NS,Godawari Power & Ispat Ltd.,INE177H01039,,Capital Goods,,
Nifty 500,GODFRYPHLP,GODFRYPHLP.NS,Godfrey Phillips India Ltd.,INE260B01028,,Fast Moving Consumer Goods,,
Nifty 500,GODREJCP,GODREJCP.NS,Godrej Consumer Products Ltd.,INE102D01028,,Fast Moving Consumer Goods,,
Nifty 500,GODREJIND,GODREJIND.NS,Godrej Industries Ltd.,INE233A01035,,Diversified,,
Nifty 500,GODREJPROP,GODREJPROP.NS,Godrej Properties Ltd.,INE484J01027,,Realty,,
Nifty 500,GRANULES,GRANULES.NS,Granules India Ltd.,INE101D01020,,Healthcare,,
Nifty 500,GRAPHITE,GRAPHITE.NS,Graphite India Ltd.,INE371A01025,,Capital Goods,,
Nifty 500,GRASIM,GRASIM.NS,Grasim Industries Ltd.,INE047A01021,,Construction Materials,,
Nifty 500,GRAVITA,GRAVITA.NS,Gravita India Ltd.,INE024L01027,,Metals & Mining,,
Nifty 500,GESHIP,GESHIP.NS,Great Eastern Shipping Co. Ltd.,INE017A01032,,Services,,
Nifty 500,FLUOROCHEM,FLUOROCHEM.NS,Gujarat Fluorochemicals Ltd.,INE09N301011,,Chemicals,,
Nifty 500,GMDCLTD,GMDCLTD.NS,Gujarat Mineral Development Corporation Ltd.,INE131A01031,,Metals & Mining,,
Nifty 500,HEG,HEG.NS,H.E.G. Ltd.,INE545A01024,,Capital Goods,,
Nifty 500,HBLENGINE,HBLENGINE.NS,HBL Engineering Ltd.,INE292B01021,,Capital Goods,,
Nifty 500,HCLTECH,HCLTECH.NS,HCL Technologies Ltd.,INE860A01027,,Information Technology,,
Nifty 500,HDBFS,HDBFS.NS,HDB Financial Services Ltd.,INE756I01012,,Financial Services,,
Nifty 500,HDFCAMC,HDFCAMC.NS,HDFC Asset Management Company Ltd.,INE127D01025,,Financial Services,,
Nifty 500,HDFCBANK,HDFCBANK.NS,HDFC Bank Ltd.,INE040A01034,,Financial Services,,
Nifty 500,HDFCLIFE,HDFCLIFE.NS,HDFC Life Insurance Company Ltd.,INE795G01014,,Financial Services,,
Nifty 500,HFCL,HFCL.NS,HFCL Ltd.,INE548A01028,,Telecommunication,,
Nifty 500,HAVELLS,HAVELLS.NS,Havells India Ltd.,INE176B01034,,Consumer Durables,,
Nifty 500,HEROMOTOCO,HEROMOTOCO.NS,Hero MotoCorp Ltd.,INE158A01026,,Automobile and Auto Components,,
Nifty 500,HEXT,HEXT.NS,Hexaware Technologies Ltd.,INE093A01041,,Information Technology,,
Nifty 500,HSCL,HSCL.NS,Himadri Speciality Chemical Ltd.,INE019C01026,,Chemicals,,
Nifty 500,HINDALCO,HINDALCO.NS,Hindalco Industries Ltd.,INE038A01020,,Metals & Mining,,
Nifty 500,HAL,HAL.NS,Hindustan Aeronautics Ltd.,INE066F01020,,Capital Goods,,
Nifty 500,HINDCOPPER,HINDCOPPER.NS,Hindustan Copper Ltd.,INE531E01026,,Metals & Mining,,
Nifty 500,HINDPETRO,HINDPETRO.NS,Hindustan Petroleum Corporation Ltd.,INE094A01015,,Oil Gas & Consumable Fuels,,
Nifty 500,HINDUNILVR,HINDUNILVR.NS,Hindustan Unilever Ltd.,INE030A01027,,Fast Moving Consumer Goods,,
Nifty 500,HINDZINC,HINDZINC.NS,Hindustan Zinc Ltd.,INE267A01025,,Metals & Mining,,
Nifty 500,POWERINDIA,POWERINDIA.NS,Hitachi Energy India Ltd.,INE07Y701011,,Capital Goods,,
Nifty 500,HOMEFIRST,HOMEFIRST.NS,Home First Finance Company India Ltd.,INE481N01025,,Financial Services,,
Nifty 500,HONASA,HONASA.NS,Honasa Consumer Ltd.,INE0J5401028,,Fast Moving Consumer Goods,,
Nifty 500,HONAUT,HONAUT.NS,Honeywell Automation India Ltd.,INE671A01010,,Capital Goods,,
Nifty 500,HUDCO,HUDCO.NS,Housing & Urban Development Corporation Ltd.,INE031A01017,,Financial Services,,
Nifty 500,HYUNDAI,HYUNDAI.NS,Hyundai Motor India Ltd.,INE0V6F01027,,Automobile and Auto Components,,
Nifty 500,ICICIBANK,ICICIBANK.NS,ICICI Bank Ltd.,INE090A01021,,Financial Services,,
Nifty 500,ICICIGI,ICICIGI.NS,ICICI Lombard General Insurance Company Ltd.,INE765G01017,,Financial Services,,
Nifty 500,ICICIAMC,ICICIAMC.NS,ICICI Prudential Asset Management Company Ltd.,INE346A01027,,Financial Services,,
Nifty 500,ICICIPRULI,ICICIPRULI.NS,ICICI Prudential Life Insurance Company Ltd.,INE726G01019,,Financial Services,,
Nifty 500,IDBI,IDBI.NS,IDBI Bank Ltd.,INE008A01015,,Financial Services,,
Nifty 500,IDFCFIRSTB,IDFCFIRSTB.NS,IDFC First Bank Ltd.,INE092T01019,,Financial Services,,
Nifty 500,IFCI,IFCI.NS,IFCI Ltd.,INE039A01010,,Financial Services,,
Nifty 500,IIFL,IIFL.NS,IIFL Finance Ltd.,INE530B01024,,Financial Services,,
Nifty 500,IRB,IRB.NS,IRB Infrastructure Developers Ltd.,INE821I01022,,Construction,,
Nifty 500,IRCON,IRCON.NS,IRCON International Ltd.,INE962Y01021,,Construction,,
Nifty 500,ITCHOTELS,ITCHOTELS.NS,ITC Hotels Ltd.,INE379A01028,,Consumer Services,,
Nifty 500,ITC,ITC.NS,ITC Ltd.,INE154A01025,,Fast Moving Consumer Goods,,
Nifty 500,ITI,ITI.NS,ITI Ltd.,INE248A01017,,Telecommunication,,
Nifty 500,INDGN,INDGN.NS,Indegene Ltd.,INE065X01017,,Healthcare,,
Nifty 500,INDIACEM,INDIACEM.NS,India Cements Ltd.,INE383A01012,,Construction Materials,,
Nifty 500,INDIAMART,INDIAMART.NS,Indiamart Intermesh Ltd.,INE933S01016,,Consumer Services,,
Nifty 500,INDIANB,INDIANB.NS,Indian Bank,INE562A01011,,Financial Services,,
Nifty 500,IEX,IEX.NS,Indian Energy Exchange Ltd.,INE022Q01020,,Financial Services,,
Nifty 500,INDHOTEL,INDHOTEL.NS,Indian Hotels Co. Ltd.,INE053A01029,,Consumer Services,,
Nifty 500,IOC,IOC.NS,Indian Oil Corporation Ltd.,INE242A01010,,Oil Gas & Consumable Fuels,,
Nifty 500,IOB,IOB.NS,Indian Overseas Bank,INE565A01014,,Financial Services,,
Nifty 500,IRCTC,IRCTC.NS,Indian Railway Catering And Tourism Corporation Ltd.,INE335Y01020,,Consumer Services,,
Nifty 500,IRFC,IRFC.NS,Indian Railway Finance Corporation Ltd.,INE053F01010,,Financial Services,,
Nifty 500,IREDA,IREDA.NS,Indian Renewable Energy Development Agency Ltd.,INE202E01016,,Financial Services,,
Nifty 500,IGL,IGL.NS,Indraprastha Gas Ltd.,INE203G01027,,Oil Gas & Consumable Fuels,,
Nifty 500,INDUSTOWER,INDUSTOWER.NS,Indus Towers Ltd.,INE121J01017,,Telecommunication,,
Nifty 500,INDUSINDBK,INDUSINDBK.NS,IndusInd Bank Ltd.,INE095A01012,,Financial Services,,
Nifty 500,NAUKRI,NAUKRI.NS,Info Edge (India) Ltd.,INE663F01032,,Consumer Services,,
Nifty 500,INFY,INFY.NS,Infosys Ltd.,INE009A01021,,Information Technology,,
Nifty 500,INOXWIND,INOXWIND.NS,Inox Wind Ltd.,INE066P01011,,Capital Goods,,
Nifty 500,INTELLECT,INTELLECT.NS,Intellect Design Arena Ltd.,INE306R01017,,Information Technology,,
Nifty 500,INDIGO,INDIGO.NS,InterGlobe Aviation Ltd.,INE646L01027,,Services,,
Nifty 500,IGIL,IGIL.NS,International Gemological Institute Ltd.,INE0Q9301021,,Services,,
Nifty 500,IKS,IKS.NS,Inventurus Knowledge Solutions Ltd.,INE115Q01022,,Information Technology,,
Nifty 500,IPCALAB,IPCALAB.NS,Ipca Laboratories Ltd.,INE571A01038,,Healthcare,,
Nifty 500,JKCEMENT,JKCEMENT.NS,J.K. Cement Ltd.,INE823G01014,,Construction Materials,,
Nifty 500,JBMA,JBMA.NS,JBM Auto Ltd.,INE927D01051,,Automobile and Auto Components,,
Nifty 500,JKTYRE,JKTYRE.NS,JK Tyre & Industries Ltd.,INE573A01042,,Automobile and Auto Components,,
Nifty 500,JMFINANCIL,JMFINANCIL.NS,JM Financial Ltd.,INE780C01023,,Financial Services,,
Nifty 500,JSWCEMENT,JSWCEMENT.NS,JSW Cement Ltd.,INE718I01012,,Construction Materials,,
Nifty 500,JSWDULUX,JSWDULUX.NS,JSW Dulux Ltd.,INE133A01011,,Consumer Durables,,
Nifty 500,JSWENERGY,JSWENERGY.NS,JSW Energy Ltd.,INE121E01018,,Power,,
Nifty 500,JSWINFRA,JSWINFRA.NS,JSW Infrastructure Ltd.,INE880J01026,,Services,,
Nifty 500,JSWSTEEL,JSWSTEEL.NS,JSW Steel Ltd.,INE019A01038,,Metals & Mining,,
Nifty 500,JAINREC,JAINREC.NS,Jain Resource Recycling Ltd.,INE0YD401026,,Metals & Mining,,
Nifty 500,JPPOWER,JPPOWER.NS,Jaiprakash Power Ventures Ltd.,INE351F01018,,Power,,
Nifty 500,J&KBANK,J&KBANK.NS,Jammu & Kashmir Bank Ltd.,INE168A01041,,Financial Services,,
Nifty 500,JINDALSAW,JINDALSAW.NS,Jindal Saw Ltd.,INE324A01032,,Capital Goods,,
Nifty 500,JSL,JSL.NS,Jindal Stainless Ltd.,INE220G01021,,Metals & Mining,,
Nifty 500,JINDALSTEL,JINDALSTEL.NS,Jindal Steel Ltd.,INE749A01030,,Metals & Mining,,
Nifty 500,JIOFIN,JIOFIN.NS,Jio Financial Services Ltd.,INE758E01017,,Financial Services,,
Nifty 500,JUBLFOOD,JUBLFOOD.NS,Jubilant Foodworks Ltd.,INE797F01020,,Consumer Services,,
Nifty 500,JUBLINGREA,JUBLINGREA.NS,Jubilant Ingrevia Ltd.,INE0BY001018,,Chemicals,,
Nifty 500,JUBLPHARMA,JUBLPHARMA.NS,Jubilant Pharmova Ltd.,INE700A01033,,Healthcare,,
Nifty 500,JWL,JWL.NS,Jupiter Wagons Ltd.,INE209L01016,,Capital Goods,,
Nifty 500,JYOTICNC,JYOTICNC.NS,Jyoti CNC Automation Ltd.,INE980O01024,,Capital Goods,,
Nifty 500,KPRMILL,KPRMILL.NS,K.P.R. Mill Ltd.,INE930H01031,,Textiles,,
Nifty 500,KEI,KEI.NS,KEI Industries Ltd.,INE878B01027,,Capital Goods,,
Nifty 500,KPITTECH,KPITTECH.NS,KPIT Technologies Ltd.,INE04I401011,,Information Technology,,
Nifty 500,KAJARIACER,KAJARIACER.NS,Kajaria Ceramics Ltd.,INE217B01036,,Consumer Durables,,
Nifty 500,KPIL,KPIL.NS,Kalpataru Projects International Ltd.,INE220B01022,,Construction,,
Nifty 500,KALYANKJIL,KALYANKJIL.NS,Kalyan Jewellers India Ltd.,INE303R01014,,Consumer Durables,,
Nifty 500,KARURVYSYA,KARURVYSYA.NS,Karur Vysya Bank Ltd.,INE036D01028,,Financial Services,,
Nifty 500,KAYNES,KAYNES.NS,Kaynes Technology India Ltd.,INE918Z01012,,Capital Goods,,
Nifty 500,KEC,KEC.NS,Kec International Ltd.,INE389H01022,,Construction,,
Nifty 500,KFINTECH,KFINTECH.NS,Kfin Technologies Ltd.,INE138Y01010,,Financial Services,,
Nifty 500,KIRLOSENG,KIRLOSENG.NS,Kirloskar Oil Eng Ltd.,INE146L01010,,Capital Goods,,
Nifty 500,KOTAKBANK,KOTAKBANK.NS,Kotak Mahindra Bank Ltd.,INE237A01036,,Financial Services,,
Nifty 500,KIMS,KIMS.NS,Krishna Institute of Medical Sciences Ltd.,INE967H01025,,Healthcare,,
Nifty 500,LTF,LTF.NS,L&T Finance Ltd.,INE498L01015,,Financial Services,,
Nifty 500,LTTS,LTTS.NS,L&T Technology Services Ltd.,INE010V01017,,Information Technology,,
Nifty 500,LGEINDIA,LGEINDIA.NS,LG Electronics India Ltd.,INE324D01010,,Consumer Durables,,
Nifty 500,LICHSGFIN,LICHSGFIN.NS,LIC Housing Finance Ltd.,INE115A01026,,Financial Services,,
Nifty 500,LTFOODS,LTFOODS.NS,LT Foods Ltd.,INE818H01020,,Fast Moving Consumer Goods,,
Nifty 500,LTM,LTM.NS,LTM Ltd.,INE214T01019,,Information Technology,,
Nifty 500,LT,LT.NS,Larsen & Toubro Ltd.,INE018A01030,,Construction,,
Nifty 500,LATENTVIEW,LATENTVIEW.NS,Latent View Analytics Ltd.,INE0I7C01011,,Information Technology,,
Nifty 500,LAURUSLABS,LAURUSLABS.NS,Laurus Labs Ltd.,INE947Q01028,,Healthcare,,
Nifty 500,THELEELA,THELEELA.NS,Leela Palaces Hotels & Resorts Ltd.,INE0AQ201015,,Consumer Services,,
Nifty 500,LEMONTREE,LEMONTREE.NS,Lemon Tree Hotels Ltd.,INE970X01018,,Consumer Services,,
Nifty 500,LENSKART,LENSKART.NS,Lenskart Solutions Ltd.,INE956O01016,,Consumer Services,,
Nifty 500,LICI,LICI.NS,Life Insurance Corporation of India,INE0J1Y01017,,Financial Services,,
Nifty 500,LINDEINDIA,LINDEINDIA.NS,Linde India Ltd.,INE473A01011,,Chemicals,,
Nifty 500,LLOYDSME,LLOYDSME.NS,Lloyds Metals And Energy Ltd.,INE281B01032,,Metals & Mining,,
Nifty 500,LODHA,LODHA.NS,Lodha Developers Ltd.,INE670K01029,,Realty,,
Nifty 500,LUPIN,LUPIN.NS,Lupin Ltd.,INE326A01037,,Healthcare,,
Nifty 500,MMTC,MMTC.NS,MMTC Ltd.,INE123F01029,,Services,,
Nifty 500,MRF,MRF.NS,MRF Ltd.,INE883A01011,,Automobile and Auto Components,,
Nifty 500,MGL,MGL.NS,Mahanagar Gas Ltd.,INE002S01010,,Oil Gas & Consumable Fuels,,
Nifty 500,M&MFIN,M&MFIN.NS,Mahindra & Mahindra Financial Services Ltd.,INE774D01024,,Financial Services,,
Nifty 500,M&M,M&M.NS,Mahindra & Mahindra Ltd.,INE101A01026,,Automobile and Auto Components,,
Nifty 500,MANAPPURAM,MANAPPURAM.NS,Manappuram Finance Ltd.,INE522D01027,,Financial Services,,
Nifty 500,MRPL,MRPL.NS,Mangalore Refinery & Petrochemicals Ltd.,INE103A01014,,Oil Gas & Consumable Fuels,,
Nifty 500,MANKIND,MANKIND.NS,Mankind Pharma Ltd.,INE634S01028,,Healthcare,,
Nifty 500,MARICO,MARICO.NS,Marico Ltd.,INE196A01026,,Fast Moving Consumer Goods,,
Nifty 500,MARUTI,MARUTI.NS,Maruti Suzuki India Ltd.,INE585B01010,,Automobile and Auto Components,,
Nifty 500,MFSL,MFSL.NS,Max Financial Services Ltd.,INE180A01020,,Financial Services,,
Nifty 500,MAXHEALTH,MAXHEALTH.NS,Max Healthcare Institute Ltd.,INE027H01010,,Healthcare,,
Nifty 500,MAZDOCK,MAZDOCK.NS,Mazagoan Dock Shipbuilders Ltd.,INE249Z01020,,Capital Goods,,
Nifty 500,MEESHO,MEESHO.NS,Meesho Ltd.,INE0VDM01015,,Consumer Services,,
Nifty 500,MINDACORP,MINDACORP.NS,Minda Corporation Ltd.,INE842C01021,,Automobile and Auto Components,,
Nifty 500,MSUMI,MSUMI.NS,Motherson Sumi Wiring India Ltd.,INE0FS801015,,Automobile and Auto Components,,
Nifty 500,MOTILALOFS,MOTILALOFS.NS,Motilal Oswal Financial Services Ltd.,INE338I01027,,Financial Services,,
Nifty 500,MPHASIS,MPHASIS.NS,MphasiS Ltd.,INE356A01018,,Information Technology,,
Nifty 500,MCX,MCX.NS,Multi Commodity Exchange of India Ltd.,INE745G01043,,Financial Services,,
Nifty 500,MUTHOOTFIN,MUTHOOTFIN.NS,Muthoot Finance Ltd.,INE414G01012,,Financial Services,,
Nifty 500,NATCOPHARM,NATCOPHARM.NS,NATCO Pharma Ltd.,INE987B01026,,Healthcare,,
Nifty 500,NBCC,NBCC.NS,NBCC (India) Ltd.,INE095N01031,,Construction,,
Nifty 500,NCC,NCC.NS,NCC Ltd.,INE868B01028,,Construction,,
Nifty 500,NHPC,NHPC.NS,NHPC Ltd.,INE848E01016,,Power,,
Nifty 500,NLCINDIA,NLCINDIA.NS,NLC India Ltd.,INE589A01014,,Power,,
Nifty 500,NMDC,NMDC.NS,NMDC Ltd.,INE584A01023,,Metals & Mining,,
Nifty 500,NSLNISP,NSLNISP.NS,NMDC Steel Ltd.,INE0NNS01018,,Metals & Mining,,
Nifty 500,NTPCGREEN,NTPCGREEN.NS,NTPC Green Energy Ltd.,INE0ONG01011,,Power,,
Nifty 500,NTPC,NTPC.NS,NTPC Ltd.,INE733E01010,,Power,,
Nifty 500,NH,NH.NS,Narayana Hrudayalaya Ltd.,INE410P01011,,Healthcare,,
Nifty 500,NATIONALUM,NATIONALUM.NS,National Aluminium Co. Ltd.,INE139A01034,,Metals & Mining,,
Nifty 500,NAVA,NAVA.NS,Nava Ltd.,INE725A01030,,Power,,
Nifty 500,NAVINFLUOR,NAVINFLUOR.NS,Navin Fluorine International Ltd.,INE048G01026,,Chemicals,,
Nifty 500,NESTLEIND,NESTLEIND.NS,Nestle India Ltd.,INE239A01024,,Fast Moving Consumer Goods,,
Nifty 500,NETWEB,NETWEB.NS,Netweb Technologies India Ltd.,INE0NT901020,,Information Technology,,
Nifty 500,NEULANDLAB,NEULANDLAB.NS,Neuland Laboratories Ltd.,INE794A01010,,Healthcare,,
Nifty 500,NEWGEN,NEWGEN.NS,Newgen Software Technologies Ltd.,INE619B01017,,Information Technology,,
Nifty 500,NAM-INDIA,NAM-INDIA.NS,Nippon Life India Asset Management Ltd.,INE298J01013,,Financial Services,,
Nifty 500,NIVABUPA,NIVABUPA.NS,Niva Bupa Health Insurance Company Ltd.,INE995S01015,,Financial Services,,
Nifty 500,NUVAMA,NUVAMA.NS,Nuvama Wealth Management Ltd.,INE531F01023,,Financial Services,,
Nifty 500,NUVOCO,NUVOCO.NS,Nuvoco Vistas Corporation Ltd.,INE118D01016,,Construction Materials,,
Nifty 500,OBEROIRLTY,OBEROIRLTY.NS,Oberoi Realty Ltd.,INE093I01010,,Realty,,
Nifty 500,ONGC,ONGC.NS,Oil & Natural Gas Corporation Ltd.,INE213A01029,,Oil Gas & Consumable Fuels,,
Nifty 500,OIL,OIL.NS,Oil India Ltd.,INE274J01014,,Oil Gas & Consumable Fuels,,
Nifty 500,OLAELEC,OLAELEC.NS,Ola Electric Mobility Ltd.,INE0LXG01040,,Automobile and Auto Components,,
Nifty 500,OLECTRA,OLECTRA.NS,Olectra Greentech Ltd.,INE260D01016,,Automobile and Auto Components,,
Nifty 500,PAYTM,PAYTM.NS,One 97 Communications Ltd.,INE982J01020,,Financial Services,,
Nifty 500,ONESOURCE,ONESOURCE.NS,Onesource Specialty Pharma Ltd.,INE013P01021,,Healthcare,,
Nifty 500,OFSS,OFSS.NS,Oracle Financial Services Software Ltd.,INE881D01027,,Information Technology,,
Nifty 500,POLICYBZR,POLICYBZR.NS,PB Fintech Ltd.,INE417T01026,,Financial Services,,
Nifty 500,PCBL,PCBL.NS,PCBL Chemical Ltd.,INE602A01031,,Chemicals,,
Nifty 500,PGEL,PGEL.NS,PG Electroplast Ltd.,INE457L01029,,Consumer Durables,,
Nifty 500,PIIND,PIIND.NS,PI Industries Ltd.,INE603J01030,,Chemicals,,
Nifty 500,PNBHOUSING,PNBHOUSING.NS,PNB Housing Finance Ltd.,INE572E01012,,Financial Services,,
Nifty 500,PTCIL,PTCIL.NS,PTC Industries Ltd.,INE596F01018,,Capital Goods,,
Nifty 500,PVRINOX,PVRINOX.NS,PVR INOX Ltd.,INE191H01014,,Media Entertainment & Publication,,
Nifty 500,PAGEIND,PAGEIND.NS,Page Industries Ltd.,INE761H01022,,Textiles,,
Nifty 500,PARADEEP,PARADEEP.NS,Paradeep Phosphates Ltd.,INE088F01024,,Chemicals,,
Nifty 500,PATANJALI,PATANJALI.NS,Patanjali Foods Ltd.,INE619A01035,,Fast Moving Consumer Goods,,
Nifty 500,PERSISTENT,PERSISTENT.NS,Persistent Systems Ltd.,INE262H01021,,Information Technology,,
Nifty 500,PETRONET,PETRONET.NS,Petronet LNG Ltd.,INE347G01014,,Oil Gas & Consumable Fuels,,
Nifty 500,PFIZER,PFIZER.NS,Pfizer Ltd.,INE182A01018,,Healthcare,,
Nifty 500,PHOENIXLTD,PHOENIXLTD.NS,Phoenix Mills Ltd.,INE211B01039,,Realty,,
Nifty 500,PWL,PWL.NS,Physicswallah Ltd.,INE0LP301011,,Consumer Services,,
Nifty 500,PIDILITIND,PIDILITIND.NS,Pidilite Industries Ltd.,INE318A01026,,Chemicals,,
Nifty 500,PINELABS,PINELABS.NS,Pine Labs Ltd.,INE15B701018,,Financial Services,,
Nifty 500,PIRAMALFIN,PIRAMALFIN.NS,Piramal Finance Ltd.,INE202B01038,,Financial Services,,
Nifty 500,PPLPHARMA,PPLPHARMA.NS,Piramal Pharma Ltd.,INE0DK501011,,Healthcare,,
Nifty 500,POLYMED,POLYMED.NS,Poly Medicure Ltd.,INE205C01021,,Healthcare,,
Nifty 500,POLYCAB,POLYCAB.NS,Polycab India Ltd.,INE455K01017,,Capital Goods,,
Nifty 500,POONAWALLA,POONAWALLA.NS,Poonawalla Fincorp Ltd.,INE511C01022,,Financial Services,,
Nifty 500,PFC,PFC.NS,Power Finance Corporation Ltd.,INE134E01011,,Financial Services,,
Nifty 500,POWERGRID,POWERGRID.NS,Power Grid Corporation of India Ltd.,INE752E01010,,Power,,
Nifty 500,PREMIERENE,PREMIERENE.NS,Premier Energies Ltd.,INE0BS701011,,Capital Goods,,
Nifty 500,PRESTIGE,PRESTIGE.NS,Prestige Estates Projects Ltd.,INE811K01011,,Realty,,
Nifty 500,PFOCUS,PFOCUS.NS,Prime Focus Ltd.,INE367G01038,,Media Entertainment & Publication,,
Nifty 500,PNB,PNB.NS,Punjab National Bank,INE160A01022,,Financial Services,,
Nifty 500,RRKABEL,RRKABEL.NS,R R Kabel Ltd.,INE777K01022,,Capital Goods,,
Nifty 500,RBLBANK,RBLBANK.NS,RBL Bank Ltd.,INE976G01028,,Financial Services,,
Nifty 500,RECLTD,RECLTD.NS,REC Ltd.,INE020B01018,,Financial Services,,
Nifty 500,RHIM,RHIM.NS,RHI MAGNESITA INDIA LTD.,INE743M01012,,Capital Goods,,
Nifty 500,RITES,RITES.NS,RITES Ltd.,INE320J01015,,Construction,,
Nifty 500,RADICO,RADICO.NS,Radico Khaitan Ltd,INE944F01028,,Fast Moving Consumer Goods,,
Nifty 500,RVNL,RVNL.NS,Rail Vikas Nigam Ltd.,INE415G01027,,Construction,,
Nifty 500,RAILTEL,RAILTEL.NS,Railtel Corporation Of India Ltd.,INE0DD101019,,Telecommunication,,
Nifty 500,RAINBOW,RAINBOW.NS,Rainbow Childrens Medicare Ltd.,INE961O01016,,Healthcare,,
Nifty 500,RKFORGE,RKFORGE.NS,Ramkrishna Forgings Ltd.,INE399G01023,,Automobile and Auto Components,,
Nifty 500,REDINGTON,REDINGTON.NS,Redington Ltd.,INE891D01026,,Services,,
Nifty 500,RELIANCE,RELIANCE.NS,Reliance Industries Ltd.,INE002A01018,,Oil Gas & Consumable Fuels,,
Nifty 500,RPOWER,RPOWER.NS,Reliance Power Ltd.,INE614G01033,,Power,,
Nifty 500,SBFC,SBFC.NS,SBFC Finance Ltd.,INE423Y01016,,Financial Services,,
Nifty 500,SBICARD,SBICARD.NS,SBI Cards and Payment Services Ltd.,INE018E01016,,Financial Services,,
Nifty 500,SBILIFE,SBILIFE.NS,SBI Life Insurance Company Ltd.,INE123W01016,,Financial Services,,
Nifty 500,SJVN,SJVN.NS,SJVN Ltd.,INE002L01015,,Power,,
Nifty 500,SRF,SRF.NS,SRF Ltd.,INE647A01010,,Chemicals,,
Nifty 500,SAGILITY,SAGILITY.NS,Sagility Ltd.,INE0W2G01015,,Information Technology,,
Nifty 500,SAILIFE,SAILIFE.NS,Sai Life Sciences Ltd.,INE570L01029,,Healthcare,,
Nifty 500,SAMMAANCAP,SAMMAANCAP.NS,Sammaan Capital Ltd.,INE148I01020,,Financial Services,,
Nifty 500,MOTHERSON,MOTHERSON.NS,Samvardhana Motherson International Ltd.,INE775A01035,,Automobile and Auto Components,,
Nifty 500,SAPPHIRE,SAPPHIRE.NS,Sapphire Foods India Ltd.,INE806T01020,,Consumer Services,,
Nifty 500,SARDAEN,SARDAEN.NS,Sarda Energy and Minerals Ltd.,INE385C01021,,Metals & Mining,,
Nifty 500,SAREGAMA,SAREGAMA.NS,Saregama India Ltd,INE979A01025,,Media Entertainment & Publication,,
Nifty 500,SCHAEFFLER,SCHAEFFLER.NS,Schaeffler India Ltd.,INE513A01022,,Automobile and Auto Components,,
Nifty 500,SCHNEIDER,SCHNEIDER.NS,Schneider Electric Infrastructure Ltd.,INE839M01018,,Capital Goods,,
Nifty 500,SCI,SCI.NS,Shipping Corporation of India Ltd.,INE109A01011,,Services,,
Nifty 500,SHREECEM,SHREECEM.NS,Shree Cement Ltd.,INE070A01015,,Construction Materials,,
Nifty 500,SHRIRAMFIN,SHRIRAMFIN.NS,Shriram Finance Ltd.,INE721A01047,,Financial Services,,
Nifty 500,SHYAMMETL,SHYAMMETL.NS,Shyam Metalics and Energy Ltd.,INE810G01011,,Capital Goods,,
Nifty 500,ENRIN,ENRIN.NS,Siemens Energy India Ltd.,INE1NPP01017,,Capital Goods,,
Nifty 500,SIEMENS,SIEMENS.NS,Siemens Ltd.,INE003A01024,,Capital Goods,,
Nifty 500,SIGNATURE,SIGNATURE.NS,Signatureglobal (India) Ltd.,INE903U01023,,Realty,,
Nifty 500,SOBHA,SOBHA.NS,Sobha Ltd.,INE671H01015,,Realty,,
Nifty 500,SOLARINDS,SOLARINDS.NS,Solar Industries India Ltd.,INE343H01029,,Chemicals,,
Nifty 500,SONACOMS,SONACOMS.NS,Sona BLW Precision Forgings Ltd.,INE073K01018,,Automobile and Auto Components,,
Nifty 500,SONATSOFTW,SONATSOFTW.NS,Sonata Software Ltd.,INE269A01021,,Information Technology,,
Nifty 500,STARHEALTH,STARHEALTH.NS,Star Health and Allied Insurance Company Ltd.,INE575P01011,,Financial Services,,
Nifty 500,SBIN,SBIN.NS,State Bank of India,INE062A01020,,Financial Services,,
Nifty 500,SAIL,SAIL.NS,Steel Authority of India Ltd.,INE114A01011,,Metals & Mining,,
Nifty 500,SUMICHEM,SUMICHEM.NS,Sumitomo Chemical India Ltd.,INE258G01013,,Chemicals,,
Nifty 500,SUNPHARMA,SUNPHARMA.NS,Sun Pharmaceutical Industries Ltd.,INE044A01036,,Healthcare,,
Nifty 500,SUNTV,SUNTV.NS,Sun TV Network Ltd.,INE424H01027,,Media Entertainment & Publication,,
Nifty 500,SUNDARMFIN,SUNDARMFIN.NS,Sundaram Finance Ltd.,INE660A01013,,Financial Services,,
Nifty 500,SUPREMEIND,SUPREMEIND.NS,Supreme Industries Ltd.,INE195A01028,,Capital Goods,,
Nifty 500,SPLPETRO,SPLPETRO.NS,Supreme Petrochem Ltd.,INE663A01033,,Chemicals,,
Nifty 500,SUZLON,SUZLON.NS,Suzlon Energy Ltd.,INE040H01021,,Capital Goods,,
Nifty 500,SWANCORP,SWANCORP.NS,Swan Corp Ltd.,INE665A01038,,Chemicals,,
Nifty 500,SWIGGY,SWIGGY.NS,Swiggy Ltd.,INE00H001014,,Consumer Services,,
Nifty 500,SYNGENE,SYNGENE.NS,Syngene International Ltd.,INE398R01022,,Healthcare,,
Nifty 500,SYRMA,SYRMA.NS,Syrma SGS Technology Ltd.,INE0DYJ01015,,Capital Goods,,
Nifty 500,TBOTEK,TBOTEK.NS,TBO Tek Ltd.,INE673O01025,,Consumer Services,,
Nifty 500,TVSMOTOR,TVSMOTOR.NS,TVS Motor Company Ltd.,INE494B01023,,Automobile and Auto Components,,
Nifty 500,TATACAP,TATACAP.NS,Tata Capital Ltd.,INE976I01016,,Financial Services,,
Nifty 500,TATACHEM,TATACHEM.NS,Tata Chemicals Ltd.,INE092A01019,,Chemicals,,
Nifty 500,TATACOMM,TATACOMM.NS,Tata Communications Ltd.,INE151A01013,,Telecommunication,,
Nifty 500,TCS,TCS.NS,Tata Consultancy Services Ltd.,INE467B01029,,Information Technology,,
Nifty 500,TATACONSUM,TATACONSUM.NS,Tata Consumer Products Ltd.,INE192A01025,,Fast Moving Consumer Goods,,
Nifty 500,TATAELXSI,TATAELXSI.NS,Tata Elxsi Ltd.,INE670A01012,,Information Technology,,
Nifty 500,TATAINVEST,TATAINVEST.NS,Tata Investment Corporation Ltd.,INE672A01026,,Financial Services,,
Nifty 500,TMCV,TMCV.NS,Tata Motors Ltd.,INE1TAE01010,,Capital Goods,,
Nifty 500,TMPV,TMPV.NS,Tata Motors Passenger Vehicles Ltd.,INE155A01022,,Automobile and Auto Components,,
Nifty 500,TATAPOWER,TATAPOWER.NS,Tata Power Co. Ltd.,INE245A01021,,Power,,
Nifty 500,TATASTEEL,TATASTEEL.NS,Tata Steel Ltd.,INE081A01020,,Metals & Mining,,
Nifty 500,TATATECH,TATATECH.NS,Tata Technologies Ltd.,INE142M01025,,Information Technology,,
Nifty 500,TTML,TTML.NS,Tata Teleservices (Maharashtra) Ltd.,INE517B01013,,Telecommunication,,
Nifty 500,TECHM,TECHM.NS,Tech Mahindra Ltd.,INE669C01036,,Information Technology,,
Nifty 500,TECHNOE,TECHNOE.NS,Techno Electric & Engineering Company Ltd.,INE285K01026,,Construction,,
Nifty 500,TEGA,TEGA.NS,Tega Industries Ltd.,INE011K01018,,Capital Goods,,
Nifty 500,TEJASNET,TEJASNET.NS,Tejas Networks Ltd.,INE010J01012,,Telecommunication,,
Nifty 500,TENNIND,TENNIND.NS,Tenneco Clean Air India Ltd.,INE19RI01016,,Automobile and Auto Components,,
Nifty 500,NIACL,NIACL.NS,The New India Assurance Company Ltd.,INE470Y01017,,Financial Services,,
Nifty 500,RAMCOCEM,RAMCOCEM.NS,The Ramco Cements Ltd.,INE331A01037,,Construction Materials,,
Nifty 500,THERMAX,THERMAX.NS,Thermax Ltd.,INE152A01029,,Capital Goods,,
Nifty 500,TIMKEN,TIMKEN.NS,Timken India Ltd.,INE325A01013,,Capital Goods,,
Nifty 500,TITAGARH,TITAGARH.NS,Titagarh Rail Systems Ltd.,INE615H01020,,Capital Goods,,
Nifty 500,TITAN,TITAN.NS,Titan Company Ltd.,INE280A01028,,Consumer Durables,,
Nifty 500,TORNTPHARM,TORNTPHARM.NS,Torrent Pharmaceuticals Ltd.,INE685A01028,,Healthcare,,
Nifty 500,TORNTPOWER,TORNTPOWER.NS,Torrent Power Ltd.,INE813H01021,,Power,,
Nifty 500,TARIL,TARIL.NS,Transformers And Rectifiers (India) Ltd.,INE763I01026,,Capital Goods,,
Nifty 500,TRAVELFOOD,TRAVELFOOD.NS,Travel Food Services Ltd.,INE103V01028,,Consumer Services,,
Nifty 500,TRENT,TRENT.NS,Trent Ltd.,INE849A01020,,Consumer Services,,
Nifty 500,TRIDENT,TRIDENT.NS,Trident Ltd.,INE064C01022,,Textiles,,
Nifty 500,TRITURBINE,TRITURBINE.NS,Triveni Turbine Ltd.,INE152M01016,,Capital Goods,,
Nifty 500,TIINDIA,TIINDIA.NS,Tube Investments of India Ltd.,INE974X01010,,Automobile and Auto Components,,
Nifty 500,UCOBANK,UCOBANK.NS,UCO Bank,INE691A01018,,Financial Services,,
Nifty 500,UNOMINDA,UNOMINDA.NS,UNO Minda Ltd.,INE405E01023,,Automobile and Auto Components,,
Nifty 500,UPL,UPL.NS,UPL Ltd.,INE628A01036,,Chemicals,,
Nifty 500,UTIAMC,UTIAMC.NS,UTI Asset Management Company Ltd.,INE094J01016,,Financial Services,,
Nifty 500,ULTRACEMCO,ULTRACEMCO.NS,UltraTech Cement Ltd.,INE481G01011,,Construction Materials,,
Nifty 500,UNIONBANK,UNIONBANK.NS,Union Bank of India,INE692A01016,,Financial Services,,
Nifty 500,UBL,UBL.NS,United Breweries Ltd.,INE686F01025,,Fast Moving Consumer Goods,,
Nifty 500,UNITDSPR,UNITDSPR.NS,United Spirits Ltd.,INE854D01024,,Fast Moving Consumer Goods,,
Nifty 500,URBANCO,URBANCO.NS,Urban Company Ltd.,INE0CAZ01013,,Consumer Services,,
Nifty 500,USHAMART,USHAMART.NS,Usha Martin Ltd.,INE228A01035,,Capital Goods,,
Nifty 500,VTL,VTL.NS,Vardhman Textiles Ltd.,INE825A01020,,Textiles,,
Nifty 500,VBL,VBL.NS,Varun Beverages Ltd.,INE200M01039,,Fast Moving Consumer Goods,,
Nifty 500,VEDL,VEDL.NS,Vedanta Ltd.,INE205A01025,,Metals & Mining,,
Nifty 500,VIJAYA,VIJAYA.NS,Vijaya Diagnostic Centre Ltd.,INE043W01024,,Healthcare,,
Nifty 500,VMM,VMM.NS,Vishal Mega Mart Ltd.,INE01EA01019,,Consumer Services,,
Nifty 500,IDEA,IDEA.NS,Vodafone Idea Ltd.,INE669E01016,,Telecommunication,,
Nifty 500,VOLTAS,VOLTAS.NS,Voltas Ltd.,INE226A01021,,Consumer Durables,,
Nifty 500,WAAREEENER,WAAREEENER.NS,Waaree Energies Ltd.,INE377N01017,,Capital Goods,,
Nifty 500,WELCORP,WELCORP.NS,Welspun Corp Ltd.,INE191B01025,,Capital Goods,,
Nifty 500,WELSPUNLIV,WELSPUNLIV.NS,Welspun Living Ltd.,INE192B01031,,Textiles,,
Nifty 500,WHIRLPOOL,WHIRLPOOL.NS,Whirlpool of India Ltd.,INE716A01013,,Consumer Durables,,
Nifty 500,WIPRO,WIPRO.NS,Wipro Ltd.,INE075A01022,,Information Technology,,
Nifty 500,WOCKPHARMA,WOCKPHARMA.NS,Wockhardt Ltd.,INE049B01025,,Healthcare,,
Nifty 500,YESBANK,YESBANK.NS,Yes Bank Ltd.,INE528G01035,,Financial Services,,
Nifty 500,ZFCVINDIA,ZFCVINDIA.NS,ZF Commercial Vehicle Control Systems India Ltd.,INE342J01019,,Automobile and Auto Components,,
Nifty 500,ZEEL,ZEEL.NS,Zee Entertainment Enterprises Ltd.,INE256A01028,,Media Entertainment & Publication,,
Nifty 500,ZENTEC,ZENTEC.NS,Zen Technologies Ltd.,INE251B01027,,Capital Goods,,
Nifty 500,ZENSARTECH,ZENSARTECH.NS,Zensar Technolgies Ltd.,INE520A01027,,Information Technology,,
Nifty 500,ZYDUSLIFE,ZYDUSLIFE.NS,Zydus Lifesciences Ltd.,INE010B01027,,Healthcare,,
Nifty 500,ZYDUSWELL,ZYDUSWELL.NS,Zydus Wellness Ltd.,INE768C01028,,Fast Moving Consumer Goods,,
Nifty 500,ECLERX,ECLERX.NS,eClerx Services Ltd.,INE738I01010,,Services,,
