symbol,expected_current_membership,actual_current_membership,last_event_date,last_event_type,conflict_reason,symbol_change_note
ABBOTINDIA,False,True,"May 31, 2024",DELETION,"Last event was DELETION on May 31, 2024, but currently_present=True",
ABCAPITAL,False,True,,DELETION,"Last event was DELETION on , but currently_present=True",
ABREL,False,True,"August 29, 2025",DELETION,"Last event was DELETION on August 29, 2025, but currently_present=True",
ABSLAMC,False,True,"June 30,
2025",DELETION,"Last event was DELETION on June 30,
2025, but currently_present=True",
ADANIENT,False,True,"May 31, 2024",DELETION,"Last event was DELETION on May 31, 2024, but currently_present=True",
ADANIGAS,True,False,"January 1, 2021",ADDITION,"Last event was ADDITION on January 1, 2021, but currently_present=False",
ADANIGREEN,False,True,"December 31, 2021",DELETION,"Last event was DELETION on December 31, 2021, but currently_present=True",
ADANIPORTS,False,True,"December 31, 2024",DELETION,"Last event was DELETION on December 31, 2024, but currently_present=True",
ADANIPOWER,False,True,"December 31, 2024",DELETION,"Last event was DELETION on December 31, 2024, but currently_present=True",
AEGISCHEM,True,False,"August 31, 2023",ADDITION,"Last event was ADDITION on August 31, 2023, but currently_present=False",
AEGISLOG,False,True,"August 29, 2025",DELETION,"Last event was DELETION on August 29, 2025, but currently_present=True",
AFFLE,False,True,,DELETION,"Last event was DELETION on , but currently_present=True",
AIAENG,False,True,"May 31, 2024",DELETION,"Last event was DELETION on May 31, 2024, but currently_present=True",
AKZOINDIA,True,False,"September 30, 2025",ADDITION,"Last event was ADDITION on September 30, 2025, but currently_present=False",
ALLCARGO,True,False,,ADDITION,"Last event was ADDITION on , but currently_present=False",
ANGELBRKG,True,False,,ADDITION,"Last event was ADDITION on , but currently_present=False",
APOLLOHOSP,False,True,"September 30, 2025",DELETION,"Last event was DELETION on September 30, 2025, but currently_present=True",
ASHOKLEY,False,True,"January 1, 2021",DELETION,"Last event was DELETION on January 1, 2021, but currently_present=True",
ATGL,False,True,"July 31, 2026",DELETION,"Last event was DELETION on July 31, 2026, but currently_present=True",
AWL,False,True,,DELETION,"Last event was DELETION on , but currently_present=True",
AXISBANK,False,True,,DELETION,"Last event was DELETION on , but currently_present=True",
BAJAJ-AUTO,False,True,"December 31, 2024",DELETION,"Last event was DELETION on December 31, 2024, but currently_present=True",
BALAMINES,True,False,,ADDITION,"Last event was ADDITION on , but currently_present=False",
BALKRISIND,False,True,"July 31, 2023",DELETION,"Last event was DELETION on July 31, 2023, but currently_present=True",
BALRAMCHIN,False,True,"December 31, 2021",DELETION,"Last event was DELETION on December 31, 2021, but currently_present=True",
BANKBARODA,False,True,,DELETION,"Last event was DELETION on , but currently_present=True",
BANKINDIA,False,True,,DELETION,"Last event was DELETION on , but currently_present=True",
BATAINDIA,False,True,,DELETION,"Last event was DELETION on , but currently_present=True",
BCG,True,False,,ADDITION,"Last event was ADDITION on , but currently_present=False",
BDL,False,True,,DELETION,"Last event was DELETION on , but currently_present=True",
BEL,False,True,"December 31, 2024",DELETION,"Last event was DELETION on December 31, 2024, but currently_present=True",
BHARTIARTL,False,True,"January 1, 2021",DELETION,"Last event was DELETION on January 1, 2021, but currently_present=True",
BHEL,False,True,"December 31, 2024",DELETION,"Last event was DELETION on December 31, 2024, but currently_present=True",
BIOCON,False,True,"May 31, 2024",DELETION,"Last event was DELETION on May 31, 2024, but currently_present=True",
BOSCHLTD,False,True,,DELETION,"Last event was DELETION on , but currently_present=True",
BPCL,False,True,,DELETION,"Last event was DELETION on , but currently_present=True",
BRITANNIA,False,True,,DELETION,"Last event was DELETION on , but currently_present=True",
BSE LTD.*,True,False,"March 28, 2024",ADDITION,"Last event was ADDITION on March 28, 2024, but currently_present=False",
CAPLIPOINT,False,True,,DELETION,"Last event was DELETION on , but currently_present=True",
CDSL,False,True,"June 28, 2024",DELETION,"Last event was DELETION on June 28, 2024, but currently_present=True",
CGCL,False,True,"April 12, 2022",DELETION,"Last event was DELETION on April 12, 2022, but currently_present=True",
CGPOWER,False,True,"September 30, 2025",DELETION,"Last event was DELETION on September 30, 2025, but currently_present=True",
CHENNPETRO,False,True,,DELETION,"Last event was DELETION on , but currently_present=True",
CLEAN,False,True,"September 30, 2024",DELETION,"Last event was DELETION on September 30, 2024, but currently_present=True",
COALINDIA,False,True,"September 30, 2025",DELETION,"Last event was DELETION on September 30, 2025, but currently_present=True",
COCHINSHIP,False,True,"December 31, 2024",DELETION,"Last event was DELETION on December 31, 2024, but currently_present=True",
CONCOR,False,True,"May 31, 2024",DELETION,"Last event was DELETION on May 31, 2024, but currently_present=True",
CONCORDBIO,False,True,"October 26, 2023",DELETION,"Last event was DELETION on October 26, 2023, but currently_present=True",
CUMMINSIND,False,True,"December 31, 2024",DELETION,"Last event was DELETION on December 31, 2024, but currently_present=True",
CYIENT,False,True,"June 28, 2024",DELETION,"Last event was DELETION on June 28, 2024, but currently_present=True",
DIXON,False,True,"February 28, 2025",DELETION,"Last event was DELETION on February 28, 2025, but currently_present=True",
EIDPARRY,False,True,,DELETION,"Last event was DELETION on , but currently_present=True",
ELECON,False,True,"July 31, 2026",DELETION,"Last event was DELETION on July 31, 2026, but currently_present=True",
ERIS,False,True,,DELETION,"Last event was DELETION on , but currently_present=True",
ESCORTS,False,True,"December 31, 2021",DELETION,"Last event was DELETION on December 31, 2021, but currently_present=True",
EXIDEIND,False,True,,DELETION,"Last event was DELETION on , but currently_present=True",
FACT,False,True,"June 28, 2024",DELETION,"Last event was DELETION on June 28, 2024, but currently_present=True",
FEDERALBNK,False,True,,DELETION,"Last event was DELETION on , but currently_present=True",
GESHIP,False,True,"June 30, 2022",DELETION,"Last event was DELETION on June 30, 2022, but currently_present=True",
GET&D,True,False,"September 30, 2024",ADDITION,"Last event was ADDITION on September 30, 2024, but currently_present=False",
GICRE,False,True,"June 28, 2024",DELETION,"Last event was DELETION on June 28, 2024, but currently_present=True",
GLAND,False,True,"June 30, 2021",DELETION,"Last event was DELETION on June 30, 2021, but currently_present=True",
GLAXO,False,True,"July 31, 2023",DELETION,"Last event was DELETION on July 31, 2023, but currently_present=True",
GLS,True,False,,ADDITION,"Last event was ADDITION on , but currently_present=False",
GMDCLTD,False,True,,DELETION,"Last event was DELETION on , but currently_present=True",
GODREJCP,False,True,"July 31, 2024",DELETION,"Last event was DELETION on July 31, 2024, but currently_present=True",
GRAPHITE,False,True,"December 31, 2021",DELETION,"Last event was DELETION on December 31, 2021, but currently_present=True",
GRASIM,False,True,"May 31, 2024",DELETION,"Last event was DELETION on May 31, 2024, but currently_present=True",
GSPL,True,False,,ADDITION,"Last event was ADDITION on , but currently_present=False",
HAL,False,True,,DELETION,"Last event was DELETION on , but currently_present=True",
HAPPSTMNDS,True,False,,ADDITION,"Last event was ADDITION on , but currently_present=False",
HEMIPROP,True,False,,ADDITION,"Last event was ADDITION on , but currently_present=False",
HINDPETRO,False,True,"January 1, 2021",DELETION,"Last event was DELETION on January 1, 2021, but currently_present=True",
HINDZINC,False,True,,DELETION,"Last event was DELETION on , but currently_present=True",
HONASA,False,True,"October 31, 2025",DELETION,"Last event was DELETION on October 31, 2025, but currently_present=True",
HONAUT,False,True,"May 31, 2024",DELETION,"Last event was DELETION on May 31, 2024, but currently_present=True",
ICIL,True,False,,ADDITION,"Last event was ADDITION on , but currently_present=False",
IDEA,False,True,"September 30, 2024",DELETION,"Last event was DELETION on September 30, 2024, but currently_present=True",
IDFC,True,False,,ADDITION,"Last event was ADDITION on , but currently_present=False",
IGIL,False,True,"July 31, 2025",DELETION,"Last event was DELETION on July 31, 2025, but currently_present=True",
IIFL,False,True,"April 26, 2024",DELETION,"Last event was DELETION on April 26, 2024, but currently_present=True",
INDIACEM,False,True,"August 29, 2025",DELETION,"Last event was DELETION on August 29, 2025, but currently_present=True",
INDIAMART,False,True,"December 31, 2021",DELETION,"Last event was DELETION on December 31, 2021, but currently_present=True",
"INDIAN RENEWABLE ENERGY DEV.
AGENCY LTD.",True,False,"March 28, 2024",ADDITION,"Last event was ADDITION on March 28, 2024, but currently_present=False",
INGERRAND,True,False,,ADDITION,"Last event was ADDITION on , but currently_present=False",
IOC,False,True,"September 30, 2025",DELETION,"Last event was DELETION on September 30, 2025, but currently_present=True",
IRB,False,True,"June 30, 2022",DELETION,"Last event was DELETION on June 30, 2022, but currently_present=True",
IRCTC,False,True,"October 31, 2024",DELETION,"Last event was DELETION on October 31, 2024, but currently_present=True",
IRFC,False,True,"December 31, 2024",DELETION,"Last event was DELETION on December 31, 2024, but currently_present=True",
ITI,False,True,"June 28, 2024",DELETION,"Last event was DELETION on June 28, 2024, but currently_present=True",
J&KBANK,False,True,,DELETION,"Last event was DELETION on , but currently_present=True",
JSWCEMENT,False,True,"December 31, 2025",DELETION,"Last event was DELETION on December 31, 2025, but currently_present=True",
JUBLFOOD,False,True,"December 31, 2021",DELETION,"Last event was DELETION on December 31, 2021, but currently_present=True",
JWL,False,True,"December 31, 2024",DELETION,"Last event was DELETION on December 31, 2024, but currently_present=True",
KARURVYSYA,False,True,"June 28, 2024",DELETION,"Last event was DELETION on June 28, 2024, but currently_present=True",
KIMS,False,True,"September 30, 2024",DELETION,"Last event was DELETION on September 30, 2024, but currently_present=True",
KIRLFER,True,False,,ADDITION,"Last event was ADDITION on , but currently_present=False",
KOTAKBANK,False,True,"January 1, 2021",DELETION,"Last event was DELETION on January 1, 2021, but currently_present=True",
KPIL,False,True,"December 31, 2024",DELETION,"Last event was DELETION on December 31, 2024, but currently_present=True",
KSB,True,False,,ADDITION,"Last event was ADDITION on , but currently_present=False",
LALPATHLAB,False,True,"July 31, 2024",DELETION,"Last event was DELETION on July 31, 2024, but currently_present=True",
MANKIND,False,True,"September 30, 2025",DELETION,"Last event was DELETION on September 30, 2025, but currently_present=True",
MAPMYINDIA,False,True,"June 28, 2024",DELETION,"Last event was DELETION on June 28, 2024, but currently_present=True",
MAXINDIA,True,False,"March 31, 2017",ADDITION,"Last event was ADDITION on March 31, 2017, but currently_present=False",
MFL,True,False,"March 31, 2023",ADDITION,"Last event was ADDITION on March 31, 2023, but currently_present=False",
MFSL,False,True,"September 29, 2017",DELETION,"Last event was DELETION on September 29, 2017, but currently_present=True",
MGL,False,True,,DELETION,"Last event was DELETION on , but currently_present=True",
MINDACORP,False,True,"September 30, 2025",DELETION,"Last event was DELETION on September 30, 2025, but currently_present=True",
MMTC,False,True,"October 31, 2024",DELETION,"Last event was DELETION on October 31, 2024, but currently_present=True",
MOTHERSON,False,True,"December 31, 2024",DELETION,"Last event was DELETION on December 31, 2024, but currently_present=True",
MRF,False,True,,DELETION,"Last event was DELETION on , but currently_present=True",
MRPL,False,True,"December 31, 2024",DELETION,"Last event was DELETION on December 31, 2024, but currently_present=True",
MSUMI,False,True,"June 30,
2025",DELETION,"Last event was DELETION on June 30,
2025, but currently_present=True",
NAUKRI,False,True,,DELETION,"Last event was DELETION on , but currently_present=True",
NAVINFLUOR,False,True,"December 31, 2021",DELETION,"Last event was DELETION on December 31, 2021, but currently_present=True",
NCC,False,True,"December 31, 2021",DELETION,"Last event was DELETION on December 31, 2021, but currently_present=True",
NH,False,True,"October 31, 2024",DELETION,"Last event was DELETION on October 31, 2024, but currently_present=True",
NHPC,False,True,"December 31, 2024",DELETION,"Last event was DELETION on December 31, 2024, but currently_present=True",
NIACL,False,True,"June 28, 2024",DELETION,"Last event was DELETION on June 28, 2024, but currently_present=True",
NLCINDIA,False,True,"June 28, 2024",DELETION,"Last event was DELETION on June 28, 2024, but currently_present=True",
NSLNISP,False,True,,DELETION,"Last event was DELETION on , but currently_present=True",
NYKAA,False,True,"September 30, 2025",DELETION,"Last event was DELETION on September 30, 2025, but currently_present=True",
PAGEIND,False,True,"January 1, 2021",DELETION,"Last event was DELETION on January 1, 2021, but currently_present=True",
PEL,True,False,,ADDITION,"Last event was ADDITION on , but currently_present=False",
PETRONET,False,True,"June 30,
2025",DELETION,"Last event was DELETION on June 30,
2025, but currently_present=True",
PFC,False,True,,DELETION,"Last event was DELETION on , but currently_present=True",
PFOCUS,False,True,"July
17, 2026",DELETION,"Last event was DELETION on July
17, 2026, but currently_present=True",
PGHL,True,False,,ADDITION,"Last event was ADDITION on , but currently_present=False",
PIIND,False,True,"August 29, 2025",DELETION,"Last event was DELETION on August 29, 2025, but currently_present=True",
PNB,False,True,"December 31, 2024",DELETION,"Last event was DELETION on December 31, 2024, but currently_present=True",
PNBHOUSING,False,True,,DELETION,"Last event was DELETION on , but currently_present=True",
POLYCAB,False,True,"June 28, 2024",DELETION,"Last event was DELETION on June 28, 2024, but currently_present=True",
PRINCEPIPE,True,False,,ADDITION,"Last event was ADDITION on , but currently_present=False",
PRSMJOHNSN,True,False,"May 31, 2024",ADDITION,"Last event was ADDITION on May 31, 2024, but currently_present=False",
RAINBOW,False,True,,DELETION,"Last event was DELETION on , but currently_present=True",
RAJESHEXPO,True,False,,ADDITION,"Last event was ADDITION on , but currently_present=False",
RECLTD,False,True,"December 31, 2024",DELETION,"Last event was DELETION on December 31, 2024, but currently_present=True",
RESPONIND,True,False,,ADDITION,"Last event was ADDITION on , but currently_present=False",
RITES,False,True,"September 30, 2024",DELETION,"Last event was DELETION on September 30, 2024, but currently_present=True",
RKFORGE,False,True,"October 31, 2025",DELETION,"Last event was DELETION on October 31, 2025, but currently_present=True",
ROSSARI,True,False,,ADDITION,"Last event was ADDITION on , but currently_present=False",
ROUTE,True,False,,ADDITION,"Last event was ADDITION on , but currently_present=False",
SAFARI,True,False,,ADDITION,"Last event was ADDITION on , but currently_present=False",
SANOFI,True,False,,ADDITION,"Last event was ADDITION on , but currently_present=False",
SAREGAMA,False,True,,DELETION,"Last event was DELETION on , but currently_present=True",
SBICARD,False,True,,DELETION,"Last event was DELETION on , but currently_present=True",
SHARDACROP,True,False,,ADDITION,"Last event was ADDITION on , but currently_present=False",
SHREECEM,False,True,"August 29, 2025",DELETION,"Last event was DELETION on August 29, 2025, but currently_present=True",
SHRIRAMFIN,False,True,,DELETION,"Last event was DELETION on , but currently_present=True",
SHYAMMETL,False,True,"June 28, 2024",DELETION,"Last event was DELETION on June 28, 2024, but currently_present=True",
SIEMENS,False,True,"February 28, 2025",DELETION,"Last event was DELETION on February 28, 2025, but currently_present=True",
SJVN,False,True,"December 31, 2024",DELETION,"Last event was DELETION on December 31, 2024, but currently_present=True",
SOBHA,False,True,"December 31, 2024",DELETION,"Last event was DELETION on December 31, 2024, but currently_present=True",
SOLARINDS,False,True,"December 31, 2024",DELETION,"Last event was DELETION on December 31, 2024, but currently_present=True",
SONACOMS,False,True,,DELETION,"Last event was DELETION on , but currently_present=True",
SONATSOFTW,False,True,,DELETION,"Last event was DELETION on , but currently_present=True",
SPANDANA,True,False,,ADDITION,"Last event was ADDITION on , but currently_present=False",
SRF,False,True,"September 30, 2025",DELETION,"Last event was DELETION on September 30, 2025, but currently_present=True",
SRTRANSFIN,True,False,"June 30, 2022",ADDITION,"Last event was ADDITION on June 30, 2022, but currently_present=False",
SUNCLAYLTD,True,False,,ADDITION,"Last event was ADDITION on , but currently_present=False",
SUPREMEIND,False,True,"June 28, 2024",DELETION,"Last event was DELETION on June 28, 2024, but currently_present=True",
SUVENPHAR,True,False,"December 31, 2024",ADDITION,"Last event was ADDITION on December 31, 2024, but currently_present=False",
SWANENERGY,True,False,"September 30, 2022",ADDITION,"Last event was ADDITION on September 30, 2022, but currently_present=False",
SWSOLAR,True,False,,ADDITION,"Last event was ADDITION on , but currently_present=False",
TANLA,True,False,,ADDITION,"Last event was ADDITION on , but currently_present=False",
TATACOMM,False,True,"May 31, 2024",DELETION,"Last event was DELETION on May 31, 2024, but currently_present=True",
TATACONSUM,False,True,"December 31, 2021",DELETION,"Last event was DELETION on December 31, 2021, but currently_present=True",
TATAELXSI,False,True,"October 31, 2024",DELETION,"Last event was DELETION on October 31, 2024, but currently_present=True",
TATAINVEST,False,True,"June 28, 2024",DELETION,"Last event was DELETION on June 28, 2024, but currently_present=True",
TATAPOWER,False,True,"December 31, 2024",DELETION,"Last event was DELETION on December 31, 2024, but currently_present=True",
TATASTEEL,False,True,"May 31, 2024",DELETION,"Last event was DELETION on May 31, 2024, but currently_present=True",
THERMAX,False,True,"December 31, 2024",DELETION,"Last event was DELETION on December 31, 2024, but currently_present=True",
TIINDIA,False,True,,DELETION,"Last event was DELETION on , but currently_present=True",
TITAGARH,False,True,"December 31, 2024",DELETION,"Last event was DELETION on December 31, 2024, but currently_present=True",
TORNTPHARM,False,True,"July 31, 2026",DELETION,"Last event was DELETION on July 31, 2026, but currently_present=True",
TVSMOTOR,False,True,"May 31, 2024",DELETION,"Last event was DELETION on May 31, 2024, but currently_present=True",
VALIANTORG,True,False,,ADDITION,"Last event was ADDITION on , but currently_present=False",
VBL,False,True,"November 28, 2025",DELETION,"Last event was DELETION on November 28, 2025, but currently_present=True",
VTL,False,True,,DELETION,"Last event was DELETION on , but currently_present=True",
WAAREEENER,False,True,"October 31, 2025",DELETION,"Last event was DELETION on October 31, 2025, but currently_present=True",
WELCORP,False,True,"June 28, 2024",DELETION,"Last event was DELETION on June 28, 2024, but currently_present=True",
WHIRLPOOL,False,True,"January 1, 2021",DELETION,"Last event was DELETION on January 1, 2021, but currently_present=True",
WIPRO,False,True,"July 31, 2024",DELETION,"Last event was DELETION on July 31, 2024, but currently_present=True",
ZENSARTECH,False,True,"September 30, 2024",DELETION,"Last event was DELETION on September 30, 2024, but currently_present=True",
ZFCVINDIA,False,True,"September 30, 2025",DELETION,"Last event was DELETION on September 30, 2025, but currently_present=True",
ZOMATO,True,False,,ADDITION,"Last event was ADDITION on , but currently_present=False",
ZYDUSLIFE,False,True,"December 31, 2024",DELETION,"Last event was DELETION on December 31, 2024, but currently_present=True",
