event_id,effective_date,event_type,symbol,isin,identity_type,state_before,expected_delta,actual_delta,state_after,anomaly_flag
PEVT_00610,"July 31, 2026",ADDITION,TMCV,,SYMBOL,500,-1,-1,499,NORMAL
PEVT_00609,"July 31, 2026",ADDITION,LAURUSLABS,,SYMBOL,499,-1,-1,498,NORMAL
PEVT_00608,"July 31, 2026",ADDITION,HINDZINC,,SYMBOL,498,-1,-1,497,NORMAL
PEVT_00607,"July 31, 2026",ADDITION,AMBUJACEM,,SYMBOL,497,-1,-1,496,NORMAL
PEVT_00606,"July 31, 2026",ADDITION,ACC,,SYMBOL,496,-1,-1,495,NORMAL
PEVT_00605,"July 31, 2026",DELETION,TORNTPHARM,,SYMBOL,495,1,0,495,ALREADY_PRESENT
PEVT_00604,"July 31, 2026",DELETION,ELECON,,SYMBOL,495,1,0,495,ALREADY_PRESENT
PEVT_00603,"July 31, 2026",DELETION,ATGL,,SYMBOL,495,1,0,495,ALREADY_PRESENT
PEVT_00482,"July
17, 2026",DELETION,PFOCUS,,SYMBOL,495,1,0,495,ALREADY_PRESENT
PEVT_00481,"July
17, 2026",DELETION,JBCHEPHARM,,SYMBOL,495,1,1,496,NORMAL
PEVT_00692,"May 29, 2026",ADDITION,CIEINDIA,,SYMBOL,496,-1,-1,495,NORMAL
PEVT_00044,"May 12, 2026",DELETION,CIEINDIA,,SYMBOL,495,1,1,496,NORMAL
PEVT_00043,"May 12, 2026",DELETION,GSPL,,SYMBOL,496,1,1,497,NORMAL
PEVT_00997,"March 30, 2026",ADDITION,ZYDUSWELL,,SYMBOL,497,-1,-1,496,NORMAL
PEVT_00996,"March 30, 2026",ADDITION,URBANCO,,SYMBOL,496,-1,-1,495,NORMAL
PEVT_00995,"March 30, 2026",ADDITION,TRAVELFOOD,,SYMBOL,495,-1,-1,494,NORMAL
PEVT_00994,"March 30, 2026",ADDITION,TENNIND,,SYMBOL,494,-1,-1,493,NORMAL
PEVT_00993,"March 30, 2026",ADDITION,TEGA,,SYMBOL,493,-1,-1,492,NORMAL
PEVT_00992,"March 30, 2026",ADDITION,TMCV,,SYMBOL,492,-1,0,492,ALREADY_ABSENT
PEVT_00991,"March 30, 2026",ADDITION,TATACAP,,SYMBOL,492,-1,-1,491,NORMAL
PEVT_00990,"March 30, 2026",ADDITION,SPLPETRO,,SYMBOL,491,-1,-1,490,NORMAL
PEVT_00989,"March 30, 2026",ADDITION,PIRAMALFIN,,SYMBOL,490,-1,-1,489,NORMAL
PEVT_00988,"March 30, 2026",ADDITION,PINELABS,,SYMBOL,489,-1,-1,488,NORMAL
PEVT_00987,"March 30, 2026",ADDITION,PWL,,SYMBOL,488,-1,-1,487,NORMAL
PEVT_00986,"March 30, 2026",ADDITION,PARADEEP,,SYMBOL,487,-1,-1,486,NORMAL
PEVT_00985,"March 30, 2026",ADDITION,MEESHO,,SYMBOL,486,-1,-1,485,NORMAL
PEVT_00984,"March 30, 2026",ADDITION,LGEINDIA,,SYMBOL,485,-1,-1,484,NORMAL
PEVT_00983,"March 30, 2026",ADDITION,LENSKART,,SYMBOL,484,-1,-1,483,NORMAL
PEVT_00982,"March 30, 2026",ADDITION,JAINREC,,SYMBOL,483,-1,-1,482,NORMAL
PEVT_00981,"March 30, 2026",ADDITION,ICICIAMC,,SYMBOL,482,-1,-1,481,NORMAL
PEVT_00980,"March 30, 2026",ADDITION,HDBFS,,SYMBOL,481,-1,-1,480,NORMAL
PEVT_00979,"March 30, 2026",ADDITION,GALLANTT,,SYMBOL,480,-1,-1,479,NORMAL
PEVT_00978,"March 30, 2026",ADDITION,GABRIEL,,SYMBOL,479,-1,-1,478,NORMAL
PEVT_00977,"March 30, 2026",ADDITION,EMMVEE,,SYMBOL,478,-1,-1,477,NORMAL
PEVT_00976,"March 30, 2026",ADDITION,CEMPRO,,SYMBOL,477,-1,-1,476,NORMAL
PEVT_00975,"March 30, 2026",ADDITION,CARTRADE,,SYMBOL,476,-1,-1,475,NORMAL
PEVT_00974,"March 30, 2026",ADDITION,CANHLIFE,,SYMBOL,475,-1,-1,474,NORMAL
PEVT_00973,"March 30, 2026",ADDITION,GROWW,,SYMBOL,474,-1,-1,473,NORMAL
PEVT_00972,"March 30, 2026",ADDITION,BELRISE,,SYMBOL,473,-1,-1,472,NORMAL
PEVT_00971,"March 30, 2026",ADDITION,ANURAS,,SYMBOL,472,-1,-1,471,NORMAL
PEVT_00970,"March 30, 2026",ADDITION,ANTHEM,,SYMBOL,471,-1,-1,470,NORMAL
PEVT_00969,"March 30, 2026",ADDITION,ABDL,,SYMBOL,470,-1,-1,469,NORMAL
PEVT_00968,"March 30, 2026",ADDITION,CPPLUS,,SYMBOL,469,-1,-1,468,NORMAL
PEVT_00967,"March 30, 2026",ADDITION,ACUTAAS,,SYMBOL,468,-1,-1,467,NORMAL
PEVT_00966,"March 30, 2026",DELETION,VGUARD,,SYMBOL,467,1,1,468,NORMAL
PEVT_00965,"March 30, 2026",DELETION,VENTIVE,,SYMBOL,468,1,1,469,NORMAL
PEVT_00964,"March 30, 2026",DELETION,MANYAVAR,,SYMBOL,469,1,1,470,NORMAL
PEVT_00963,"March 30, 2026",DELETION,DBREALTY,,SYMBOL,470,1,1,471,NORMAL
PEVT_00962,"March 30, 2026",DELETION,TRIVENI,,SYMBOL,471,1,1,472,NORMAL
PEVT_00961,"March 30, 2026",DELETION,SUNDRMFAST,,SYMBOL,472,1,1,473,NORMAL
PEVT_00960,"March 30, 2026",DELETION,RELINFRA,,SYMBOL,473,1,1,474,NORMAL
PEVT_00959,"March 30, 2026",DELETION,RCF,,SYMBOL,474,1,1,475,NORMAL
PEVT_00958,"March 30, 2026",DELETION,PGHH,,SYMBOL,475,1,1,476,NORMAL
PEVT_00957,"March 30, 2026",DELETION,PRAJIND,,SYMBOL,476,1,1,477,NORMAL
PEVT_00956,"March 30, 2026",DELETION,METROPOLIS,,SYMBOL,477,1,1,478,NORMAL
PEVT_00955,"March 30, 2026",DELETION,MAHSEAMLES,,SYMBOL,478,1,1,479,NORMAL
PEVT_00954,"March 30, 2026",DELETION,MAHSCOOTER,,SYMBOL,479,1,1,480,NORMAL
PEVT_00953,"March 30, 2026",DELETION,KSB,,SYMBOL,480,1,1,481,NORMAL
PEVT_00952,"March 30, 2026",DELETION,KIRLOSBROS,,SYMBOL,481,1,1,482,NORMAL
PEVT_00951,"March 30, 2026",DELETION,JYOTHYLAB,,SYMBOL,482,1,1,483,NORMAL
PEVT_00950,"March 30, 2026",DELETION,INOXINDIA,,SYMBOL,483,1,1,484,NORMAL
PEVT_00949,"March 30, 2026",DELETION,HAPPSTMNDS,,SYMBOL,484,1,1,485,NORMAL
PEVT_00948,"March 30, 2026",DELETION,GUJGASLTD,,SYMBOL,485,1,1,486,NORMAL
PEVT_00947,"March 30, 2026",DELETION,GODREJAGRO,,SYMBOL,486,1,1,487,NORMAL
PEVT_00946,"March 30, 2026",DELETION,FINPIPE,,SYMBOL,487,1,1,488,NORMAL
PEVT_00945,"March 30, 2026",DELETION,AGARWALEYE,,SYMBOL,488,1,1,489,NORMAL
PEVT_00944,"March 30, 2026",DELETION,CERA,,SYMBOL,489,1,1,490,NORMAL
PEVT_00943,"March 30, 2026",DELETION,CENTURYPLY,,SYMBOL,490,1,1,491,NORMAL
PEVT_00942,"March 30, 2026",DELETION,CAMPUS,,SYMBOL,491,1,1,492,NORMAL
PEVT_00941,"March 30, 2026",DELETION,BASF,,SYMBOL,492,1,1,493,NORMAL
PEVT_00940,"March 30, 2026",DELETION,ASTRAZEN,,SYMBOL,493,1,1,494,NORMAL
PEVT_00939,"March 30, 2026",DELETION,ALOKINDS,,SYMBOL,494,1,1,495,NORMAL
PEVT_00938,"March 30, 2026",DELETION,ALKYLAMINE,,SYMBOL,495,1,1,496,NORMAL
PEVT_00937,"March 30, 2026",DELETION,APLLTD,,SYMBOL,496,1,1,497,NORMAL
PEVT_00936,"March 30, 2026",DELETION,AKUMS,,SYMBOL,497,1,1,498,NORMAL
PEVT_00450,"March 30, 2026",ADDITION,ZYDUSWELL,,SYMBOL,498,-1,0,498,ALREADY_ABSENT
PEVT_00449,"March 30, 2026",ADDITION,TENNIND,,SYMBOL,498,-1,0,498,ALREADY_ABSENT
PEVT_00448,"March 30, 2026",ADDITION,TEGA,,SYMBOL,498,-1,0,498,ALREADY_ABSENT
PEVT_00447,"March 30, 2026",ADDITION,SPLPETRO,,SYMBOL,498,-1,0,498,ALREADY_ABSENT
PEVT_00446,"March 30, 2026",ADDITION,GALLANTT,,SYMBOL,498,-1,0,498,ALREADY_ABSENT
PEVT_00445,"March 30, 2026",ADDITION,GABRIEL,,SYMBOL,498,-1,0,498,ALREADY_ABSENT
PEVT_00444,"March 30, 2026",ADDITION,CEMPRO,,SYMBOL,498,-1,0,498,ALREADY_ABSENT
PEVT_00443,"March 30, 2026",ADDITION,CPPLUS,,SYMBOL,498,-1,0,498,ALREADY_ABSENT
PEVT_00442,"March 30, 2026",DELETION,VGUARD,,SYMBOL,498,1,0,498,ALREADY_PRESENT
PEVT_00441,"March 30, 2026",DELETION,SUNDRMFAST,,SYMBOL,498,1,0,498,ALREADY_PRESENT
PEVT_00440,"March 30, 2026",DELETION,RELINFRA,,SYMBOL,498,1,0,498,ALREADY_PRESENT
PEVT_00439,"March 30, 2026",DELETION,RCF,,SYMBOL,498,1,0,498,ALREADY_PRESENT
PEVT_00438,"March 30, 2026",DELETION,PGHH,,SYMBOL,498,1,0,498,ALREADY_PRESENT
PEVT_00437,"March 30, 2026",DELETION,METROPOLIS,,SYMBOL,498,1,0,498,ALREADY_PRESENT
PEVT_00436,"March 30, 2026",DELETION,KSB,,SYMBOL,498,1,0,498,ALREADY_PRESENT
PEVT_00435,"March 30, 2026",DELETION,KIRLOSBROS,,SYMBOL,498,1,0,498,ALREADY_PRESENT
PEVT_00434,"March 30, 2026",DELETION,JYOTHYLAB,,SYMBOL,498,1,0,498,ALREADY_PRESENT
PEVT_00433,"March 30, 2026",DELETION,INOXINDIA,,SYMBOL,498,1,0,498,ALREADY_PRESENT
PEVT_00432,"March 30, 2026",DELETION,GUJGASLTD,,SYMBOL,498,1,0,498,ALREADY_PRESENT
PEVT_00431,"March 30, 2026",DELETION,CAMPUS,,SYMBOL,498,1,0,498,ALREADY_PRESENT
PEVT_00430,"March 30, 2026",DELETION,BASF,,SYMBOL,498,1,0,498,ALREADY_PRESENT
PEVT_00429,"March 30, 2026",DELETION,ASTRAZEN,,SYMBOL,498,1,0,498,ALREADY_PRESENT
PEVT_00428,"March 30, 2026",DELETION,ALKYLAMINE,,SYMBOL,498,1,0,498,ALREADY_PRESENT
PEVT_00427,"March 30, 2026",DELETION,APLLTD,,SYMBOL,498,1,0,498,ALREADY_PRESENT
PEVT_00426,"March 30, 2026",DELETION,AKUMS,,SYMBOL,498,1,0,498,ALREADY_PRESENT
PEVT_00691,"February 27, 2026",ADDITION,ENRIN,,SYMBOL,498,-1,-1,497,NORMAL
PEVT_00423,"December 31, 2025",DELETION,JSWCEMENT,,SYMBOL,497,1,0,497,ALREADY_PRESENT
PEVT_00422,"December 31, 2025",DELETION,SKFINDIA,,SYMBOL,497,1,1,498,NORMAL
PEVT_00666,"November 28, 2025",DELETION,RCF,,SYMBOL,498,1,0,498,ALREADY_PRESENT
PEVT_00665,"November 28, 2025",DELETION,VBL,,SYMBOL,498,1,0,498,ALREADY_PRESENT
PEVT_00664,"October 31, 2025",ADDITION,SWANCORP,,SYMBOL,498,-1,-1,497,NORMAL
PEVT_00663,"October 31, 2025",ADDITION,RELINFRA,,SYMBOL,497,-1,-1,496,NORMAL
PEVT_00662,"October 31, 2025",ADDITION,NBCC,,SYMBOL,496,-1,-1,495,NORMAL
PEVT_00661,"October 31, 2025",ADDITION,INOXWIND,,SYMBOL,495,-1,-1,494,NORMAL
PEVT_00660,"October 31, 2025",ADDITION,COHANCE,,SYMBOL,494,-1,-1,493,NORMAL
PEVT_00659,"October 31, 2025",ADDITION,ABLBL,,SYMBOL,493,-1,-1,492,NORMAL
PEVT_00658,"October 31, 2025",ADDITION,ABFRL,,SYMBOL,492,-1,-1,491,NORMAL
PEVT_00657,"October 31, 2025",DELETION,WAAREEENER,,SYMBOL,491,1,0,491,ALREADY_PRESENT
PEVT_00656,"October 31, 2025",DELETION,RKFORGE,,SYMBOL,491,1,0,491,ALREADY_PRESENT
PEVT_00655,"October 31, 2025",DELETION,POLYMED,,SYMBOL,491,1,0,491,ALREADY_PRESENT
PEVT_00654,"October 31, 2025",DELETION,OIL,,SYMBOL,491,1,0,491,ALREADY_PRESENT
PEVT_00653,"October 31, 2025",DELETION,NATCOPHARM,,SYMBOL,491,1,0,491,ALREADY_PRESENT
PEVT_00652,"October 31, 2025",DELETION,HONASA,,SYMBOL,491,1,0,491,ALREADY_PRESENT
PEVT_00651,"October 31, 2025",DELETION,CENTURYPLY,,SYMBOL,491,1,0,491,ALREADY_PRESENT
PEVT_00870,"September 30, 2025",ADDITION,VENTIVE,,SYMBOL,491,-1,-1,490,NORMAL
PEVT_00869,"September 30, 2025",ADDITION,ENRIN,,SYMBOL,490,-1,0,490,ALREADY_ABSENT
PEVT_00868,"September 30, 2025",ADDITION,THELEELA,,SYMBOL,490,-1,-1,489,NORMAL
PEVT_00867,"September 30, 2025",ADDITION,PGHH,,SYMBOL,489,-1,-1,488,NORMAL
PEVT_00866,"September 30, 2025",ADDITION,ONESOURCE,,SYMBOL,488,-1,-1,487,NORMAL
PEVT_00865,"September 30, 2025",ADDITION,NUVOCO,,SYMBOL,487,-1,-1,486,NORMAL
PEVT_00864,"September 30, 2025",ADDITION,MAHSCOOTER,,SYMBOL,486,-1,-1,485,NORMAL
PEVT_00863,"September 30, 2025",ADDITION,KSB,,SYMBOL,485,-1,-1,484,NORMAL
PEVT_00862,"September 30, 2025",ADDITION,ITCHOTELS,,SYMBOL,484,-1,-1,483,NORMAL
PEVT_00861,"September 30, 2025",ADDITION,HEXT,,SYMBOL,483,-1,-1,482,NORMAL
PEVT_00860,"September 30, 2025",ADDITION,FORCEMOT,,SYMBOL,482,-1,-1,481,NORMAL
PEVT_00859,"September 30, 2025",ADDITION,AGARWALEYE,,SYMBOL,481,-1,-1,480,NORMAL
PEVT_00858,"September 30, 2025",ADDITION,CHOICEIN,,SYMBOL,480,-1,-1,479,NORMAL
PEVT_00857,"September 30, 2025",ADDITION,BLUEJET,,SYMBOL,479,-1,-1,478,NORMAL
PEVT_00856,"September 30, 2025",ADDITION,ATHERENERG,,SYMBOL,478,-1,-1,477,NORMAL
PEVT_00855,"September 30, 2025",ADDITION,AKZOINDIA,,SYMBOL,477,-1,0,477,ALREADY_ABSENT
PEVT_00854,"September 30, 2025",ADDITION,AEGISVOPAK,,SYMBOL,477,-1,-1,476,NORMAL
PEVT_00853,"September 30, 2025",ADDITION,ABLBL,,SYMBOL,476,-1,0,476,ALREADY_ABSENT
PEVT_00852,"September 30, 2025",DELETION,WESTLIFE,,SYMBOL,476,1,1,477,NORMAL
PEVT_00851,"September 30, 2025",DELETION,TANLA,,SYMBOL,477,1,1,478,NORMAL
PEVT_00850,"September 30, 2025",DELETION,SWSOLAR,,SYMBOL,478,1,1,479,NORMAL
PEVT_00849,"September 30, 2025",DELETION,RENUKA,,SYMBOL,479,1,1,480,NORMAL
PEVT_00848,"September 30, 2025",DELETION,ROUTE,,SYMBOL,480,1,1,481,NORMAL
PEVT_00847,"September 30, 2025",DELETION,RAYMOND,,SYMBOL,481,1,1,482,NORMAL
PEVT_00846,"September 30, 2025",DELETION,RAYMONDLSL,,SYMBOL,482,1,1,483,NORMAL
PEVT_00845,"September 30, 2025",DELETION,RTNINDIA,,SYMBOL,483,1,1,484,NORMAL
PEVT_00844,"September 30, 2025",DELETION,PNCINFRA,,SYMBOL,484,1,1,485,NORMAL
PEVT_00843,"September 30, 2025",DELETION,NETWORK18,,SYMBOL,485,1,1,486,NORMAL
PEVT_00842,"September 30, 2025",DELETION,MASTEK,,SYMBOL,486,1,1,487,NORMAL
PEVT_00841,"September 30, 2025",DELETION,KNRCON,,SYMBOL,487,1,1,488,NORMAL
PEVT_00840,"September 30, 2025",DELETION,KANSAINER,,SYMBOL,488,1,1,489,NORMAL
PEVT_00839,"September 30, 2025",DELETION,JUSTDIAL,,SYMBOL,489,1,1,490,NORMAL
PEVT_00838,"September 30, 2025",DELETION,JSWHL,,SYMBOL,490,1,1,491,NORMAL
PEVT_00837,"September 30, 2025",DELETION,GPPL,,SYMBOL,491,1,1,492,NORMAL
PEVT_00836,"September 30, 2025",DELETION,GNFC,,SYMBOL,492,1,1,493,NORMAL
PEVT_00835,"September 30, 2025",DELETION,ALIVUS,,SYMBOL,493,1,1,494,NORMAL
PEVT_00556,"September 30, 2025",DELETION,SRF,,SYMBOL,494,1,0,494,ALREADY_PRESENT
PEVT_00555,"September 30, 2025",DELETION,CGPOWER,,SYMBOL,494,1,0,494,ALREADY_PRESENT
PEVT_00554,"September 30, 2025",ADDITION,WELSPUNLIV,,SYMBOL,494,-1,-1,493,NORMAL
PEVT_00553,"September 30, 2025",ADDITION,TRIDENT,,SYMBOL,493,-1,-1,492,NORMAL
PEVT_00552,"September 30, 2025",ADDITION,SWIGGY,,SYMBOL,492,-1,-1,491,NORMAL
PEVT_00551,"September 30, 2025",ADDITION,SAILIFE,,SYMBOL,491,-1,-1,490,NORMAL
PEVT_00550,"September 30, 2025",ADDITION,PGHH,,SYMBOL,490,-1,0,490,ALREADY_ABSENT
PEVT_00549,"September 30, 2025",ADDITION,NUVOCO,,SYMBOL,490,-1,0,490,ALREADY_ABSENT
PEVT_00548,"September 30, 2025",ADDITION,KSB,,SYMBOL,490,-1,0,490,ALREADY_ABSENT
PEVT_00547,"September 30, 2025",ADDITION,JUBLPHARMA,,SYMBOL,490,-1,-1,489,NORMAL
PEVT_00546,"September 30, 2025",ADDITION,INDUSTOWER,,SYMBOL,489,-1,-1,488,NORMAL
PEVT_00545,"September 30, 2025",ADDITION,HINDALCO,,SYMBOL,488,-1,-1,487,NORMAL
PEVT_00544,"September 30, 2025",ADDITION,HEXT,,SYMBOL,487,-1,0,487,ALREADY_ABSENT
PEVT_00543,"September 30, 2025",ADDITION,GRAVITA,,SYMBOL,487,-1,-1,486,NORMAL
PEVT_00542,"September 30, 2025",ADDITION,FORCEMOT,,SYMBOL,486,-1,0,486,ALREADY_ABSENT
PEVT_00541,"September 30, 2025",ADDITION,EMCURE,,SYMBOL,486,-1,-1,485,NORMAL
PEVT_00540,"September 30, 2025",ADDITION,BLUEJET,,SYMBOL,485,-1,0,485,ALREADY_ABSENT
PEVT_00539,"September 30, 2025",ADDITION,AKZOINDIA,,SYMBOL,485,-1,0,485,ALREADY_ABSENT
PEVT_00538,"September 30, 2025",DELETION,ZFCVINDIA,,SYMBOL,485,1,0,485,ALREADY_PRESENT
PEVT_00537,"September 30, 2025",DELETION,TANLA,,SYMBOL,485,1,0,485,ALREADY_PRESENT
PEVT_00536,"September 30, 2025",DELETION,SWSOLAR,,SYMBOL,485,1,0,485,ALREADY_PRESENT
PEVT_00535,"September 30, 2025",DELETION,ROUTE,,SYMBOL,485,1,0,485,ALREADY_PRESENT
PEVT_00534,"September 30, 2025",DELETION,RAYMOND,,SYMBOL,485,1,0,485,ALREADY_PRESENT
PEVT_00533,"September 30, 2025",DELETION,MINDACORP,,SYMBOL,485,1,0,485,ALREADY_PRESENT
PEVT_00532,"September 30, 2025",DELETION,MASTEK,,SYMBOL,485,1,0,485,ALREADY_PRESENT
PEVT_00531,"September 30, 2025",DELETION,MANKIND,,SYMBOL,485,1,0,485,ALREADY_PRESENT
PEVT_00530,"September 30, 2025",DELETION,MAHSEAMLES,,SYMBOL,485,1,0,485,ALREADY_PRESENT
PEVT_00529,"September 30, 2025",DELETION,KANSAINER,,SYMBOL,485,1,0,485,ALREADY_PRESENT
PEVT_00528,"September 30, 2025",DELETION,IOC,,SYMBOL,485,1,0,485,ALREADY_PRESENT
PEVT_00527,"September 30, 2025",DELETION,NYKAA,,SYMBOL,485,1,0,485,ALREADY_PRESENT
PEVT_00526,"September 30, 2025",DELETION,FINPIPE,,SYMBOL,485,1,0,485,ALREADY_PRESENT
PEVT_00525,"September 30, 2025",DELETION,COALINDIA,,SYMBOL,485,1,0,485,ALREADY_PRESENT
PEVT_00524,"September 30, 2025",DELETION,APOLLOHOSP,,SYMBOL,485,1,0,485,ALREADY_PRESENT
PEVT_00523,"September 30, 2025",DELETION,ALIVUS,,SYMBOL,485,1,0,485,ALREADY_PRESENT
PEVT_00558,"September 23, 2025",DELETION,RELINFRA,,SYMBOL,485,1,1,486,NORMAL
PEVT_00557,"September 23, 2025",DELETION,PEL,,SYMBOL,486,1,1,487,NORMAL
PEVT_00881,"August 29, 2025",ADDITION,WOCKPHARMA,,SYMBOL,487,-1,-1,486,NORMAL
PEVT_00880,"August 29, 2025",ADDITION,TORNTPOWER,,SYMBOL,486,-1,-1,485,NORMAL
PEVT_00879,"August 29, 2025",ADDITION,TORNTPHARM,,SYMBOL,485,-1,-1,484,NORMAL
PEVT_00878,"August 29, 2025",ADDITION,RAYMOND,,SYMBOL,484,-1,-1,483,NORMAL
PEVT_00877,"August 29, 2025",ADDITION,MAXHEALTH,,SYMBOL,483,-1,-1,482,NORMAL
PEVT_00876,"August 29, 2025",DELETION,SONACOMS,,SYMBOL,482,1,0,482,ALREADY_PRESENT
PEVT_00875,"August 29, 2025",DELETION,SHREECEM,,SYMBOL,482,1,0,482,ALREADY_PRESENT
PEVT_00874,"August 29, 2025",DELETION,PIIND,,SYMBOL,482,1,0,482,ALREADY_PRESENT
PEVT_00873,"August 29, 2025",DELETION,INDIACEM,,SYMBOL,482,1,0,482,ALREADY_PRESENT
PEVT_00872,"August 29, 2025",DELETION,AEGISLOG,,SYMBOL,482,1,0,482,ALREADY_PRESENT
PEVT_00871,"August 29, 2025",DELETION,ABREL,,SYMBOL,482,1,0,482,ALREADY_PRESENT
PEVT_01211,"July 31, 2025",DELETION,JSLL,,SYMBOL,482,1,1,483,NORMAL
PEVT_01210,"July 31, 2025",DELETION,TATAMOTORS,,SYMBOL,483,1,1,484,NORMAL
PEVT_01209,"July 31, 2025",DELETION,JINDALSAW,,SYMBOL,484,1,0,484,ALREADY_PRESENT
PEVT_01208,"July 31, 2025",DELETION,INFY,,SYMBOL,484,1,0,484,ALREADY_PRESENT
PEVT_01207,"July 31, 2025",DELETION,IGIL,,SYMBOL,484,1,0,484,ALREADY_PRESENT
PEVT_01206,"July 31, 2025",DELETION,ACC,,SYMBOL,484,1,1,485,NORMAL
PEVT_00083,"June 30,
2025",ADDITION,ZENTEC,,SYMBOL,485,-1,-1,484,NORMAL
PEVT_00082,"June 30,
2025",ADDITION,SUZLON,,SYMBOL,484,-1,-1,483,NORMAL
PEVT_00081,"June 30,
2025",ADDITION,CRISIL,,SYMBOL,483,-1,-1,482,NORMAL
PEVT_00080,"June 30,
2025",ADDITION,BRITANNIA,,SYMBOL,482,-1,-1,481,NORMAL
PEVT_00079,"June 30,
2025",ADDITION,ANANDRATHI,,SYMBOL,481,-1,-1,480,NORMAL
PEVT_00078,"June 30,
2025",ADDITION,ABB,,SYMBOL,480,-1,-1,479,NORMAL
PEVT_00077,"June 30,
2025",DELETION,VBL,,SYMBOL,479,1,0,479,ALREADY_PRESENT
PEVT_00076,"June 30,
2025",DELETION,TATAMOTORS,,SYMBOL,479,1,0,479,ALREADY_PRESENT
PEVT_00075,"June 30,
2025",DELETION,RTNINDIA,,SYMBOL,479,1,0,479,ALREADY_PRESENT
PEVT_00074,"June 30,
2025",DELETION,PETRONET,,SYMBOL,479,1,0,479,ALREADY_PRESENT
PEVT_00073,"June 30,
2025",DELETION,MSUMI,,SYMBOL,479,1,0,479,ALREADY_PRESENT
PEVT_00072,"June 30,
2025",DELETION,ABSLAMC,,SYMBOL,479,1,0,479,ALREADY_PRESENT
PEVT_00775,"April 30, 2025",ADDITION,VBL,,SYMBOL,479,-1,-1,478,NORMAL
PEVT_00774,"April 30, 2025",ADDITION,SUNDRMFAST,,SYMBOL,478,-1,-1,477,NORMAL
PEVT_00773,"April 30, 2025",ADDITION,SAGILITY,,SYMBOL,477,-1,-1,476,NORMAL
PEVT_00042,"April 11, 2025",DELETION,SUNDRMFAST,,SYMBOL,476,1,1,477,NORMAL
PEVT_00041,"April 11, 2025",DELETION,QUESS,,SYMBOL,477,1,1,478,NORMAL
PEVT_00772,"March 28, 2025",ADDITION,ZENTEC,,SYMBOL,478,-1,0,478,ALREADY_ABSENT
PEVT_00771,"March 28, 2025",ADDITION,WOCKPHARMA,,SYMBOL,478,-1,0,478,ALREADY_ABSENT
PEVT_00770,"March 28, 2025",ADDITION,WAAREEENER,,SYMBOL,478,-1,-1,477,NORMAL
PEVT_00769,"March 28, 2025",ADDITION,VMM,,SYMBOL,477,-1,-1,476,NORMAL
PEVT_00768,"March 28, 2025",ADDITION,TARIL,,SYMBOL,476,-1,-1,475,NORMAL
PEVT_00767,"March 28, 2025",ADDITION,SWIGGY,,SYMBOL,475,-1,0,475,ALREADY_ABSENT
PEVT_00766,"March 28, 2025",ADDITION,SARDAEN,,SYMBOL,475,-1,-1,474,NORMAL
PEVT_00765,"March 28, 2025",ADDITION,SAILIFE,,SYMBOL,474,-1,0,474,ALREADY_ABSENT
PEVT_00764,"March 28, 2025",ADDITION,SAGILITY,,SYMBOL,474,-1,0,474,ALREADY_ABSENT
PEVT_00763,"March 28, 2025",ADDITION,RPOWER,,SYMBOL,474,-1,-1,473,NORMAL
PEVT_00762,"March 28, 2025",ADDITION,PREMIERENE,,SYMBOL,473,-1,-1,472,NORMAL
PEVT_00761,"March 28, 2025",ADDITION,PGEL,,SYMBOL,472,-1,-1,471,NORMAL
PEVT_00760,"March 28, 2025",ADDITION,OLAELEC,,SYMBOL,471,-1,-1,470,NORMAL
PEVT_00759,"March 28, 2025",ADDITION,NTPCGREEN,,SYMBOL,470,-1,-1,469,NORMAL
PEVT_00758,"March 28, 2025",ADDITION,NIVABUPA,,SYMBOL,469,-1,-1,468,NORMAL
PEVT_00757,"March 28, 2025",ADDITION,NEULANDLAB,,SYMBOL,468,-1,-1,467,NORMAL
PEVT_00756,"March 28, 2025",ADDITION,NAVA,,SYMBOL,467,-1,-1,466,NORMAL
PEVT_00755,"March 28, 2025",ADDITION,LTFOODS,,SYMBOL,466,-1,-1,465,NORMAL
PEVT_00754,"March 28, 2025",ADDITION,JSWHL,,SYMBOL,465,-1,-1,464,NORMAL
PEVT_00753,"March 28, 2025",ADDITION,IKS,,SYMBOL,464,-1,-1,463,NORMAL
PEVT_00752,"March 28, 2025",ADDITION,IGIL,,SYMBOL,463,-1,-1,462,NORMAL
PEVT_00751,"March 28, 2025",ADDITION,HYUNDAI,,SYMBOL,462,-1,-1,461,NORMAL
PEVT_00750,"March 28, 2025",ADDITION,GRAVITA,,SYMBOL,461,-1,0,461,ALREADY_ABSENT
PEVT_00749,"March 28, 2025",ADDITION,DCMSHRIRAM,,SYMBOL,461,-1,-1,460,NORMAL
PEVT_00748,"March 28, 2025",ADDITION,FIRSTCRY,,SYMBOL,460,-1,-1,459,NORMAL
PEVT_00747,"March 28, 2025",ADDITION,BAJAJHFL,,SYMBOL,459,-1,-1,458,NORMAL
PEVT_00746,"March 28, 2025",ADDITION,AIIL,,SYMBOL,458,-1,-1,457,NORMAL
PEVT_00745,"March 28, 2025",ADDITION,ALIVUS,,SYMBOL,457,-1,-1,456,NORMAL
PEVT_00744,"March 28, 2025",ADDITION,AFCONS,,SYMBOL,456,-1,-1,455,NORMAL
PEVT_00743,"March 28, 2025",ADDITION,ACMESOLAR,,SYMBOL,455,-1,-1,454,NORMAL
PEVT_00742,"March 28, 2025",DELETION,VINATIORGA,,SYMBOL,454,1,1,455,NORMAL
PEVT_00741,"March 28, 2025",DELETION,VARROC,,SYMBOL,455,1,1,456,NORMAL
PEVT_00740,"March 28, 2025",DELETION,VIPIND,,SYMBOL,456,1,1,457,NORMAL
PEVT_00739,"March 28, 2025",DELETION,UJJIVANSFB,,SYMBOL,457,1,1,458,NORMAL
PEVT_00738,"March 28, 2025",DELETION,TVSSCS,,SYMBOL,458,1,1,459,NORMAL
PEVT_00737,"March 28, 2025",DELETION,SUNDRMFAST,,SYMBOL,459,1,0,459,ALREADY_PRESENT
PEVT_00736,"March 28, 2025",DELETION,SPARC,,SYMBOL,459,1,1,460,NORMAL
PEVT_00735,"March 28, 2025",DELETION,SANOFI,,SYMBOL,460,1,1,461,NORMAL
PEVT_00734,"March 28, 2025",DELETION,RATNAMANI,,SYMBOL,461,1,1,462,NORMAL
PEVT_00733,"March 28, 2025",DELETION,RAJESHEXPO,,SYMBOL,462,1,1,463,NORMAL
PEVT_00732,"March 28, 2025",DELETION,PGHH,,SYMBOL,463,1,1,464,NORMAL
PEVT_00731,"March 28, 2025",DELETION,NUVOCO,,SYMBOL,464,1,1,465,NORMAL
PEVT_00730,"March 28, 2025",DELETION,METROBRAND,,SYMBOL,465,1,1,466,NORMAL
PEVT_00729,"March 28, 2025",DELETION,MAHLIFE,,SYMBOL,466,1,1,467,NORMAL
PEVT_00728,"March 28, 2025",DELETION,KSB,,SYMBOL,467,1,1,468,NORMAL
PEVT_00727,"March 28, 2025",DELETION,JKLAKSHMI,,SYMBOL,468,1,1,469,NORMAL
PEVT_00726,"March 28, 2025",DELETION,GSFC,,SYMBOL,469,1,1,470,NORMAL
PEVT_00725,"March 28, 2025",DELETION,GAEL,,SYMBOL,470,1,1,471,NORMAL
PEVT_00724,"March 28, 2025",DELETION,GRINDWELL,,SYMBOL,471,1,1,472,NORMAL
PEVT_00723,"March 28, 2025",DELETION,GRINFRA,,SYMBOL,472,1,1,473,NORMAL
PEVT_00722,"March 28, 2025",DELETION,FINEORG,,SYMBOL,473,1,1,474,NORMAL
PEVT_00721,"March 28, 2025",DELETION,EQUITASBNK,,SYMBOL,474,1,1,475,NORMAL
PEVT_00720,"March 28, 2025",DELETION,EASEMYTRIP,,SYMBOL,475,1,1,476,NORMAL
PEVT_00719,"March 28, 2025",DELETION,CIEINDIA,,SYMBOL,476,1,0,476,ALREADY_PRESENT
PEVT_00718,"March 28, 2025",DELETION,CHEMPLASTS,,SYMBOL,476,1,1,477,NORMAL
PEVT_00717,"March 28, 2025",DELETION,CELLO,,SYMBOL,477,1,1,478,NORMAL
PEVT_00716,"March 28, 2025",DELETION,BIRLACORPN,,SYMBOL,478,1,1,479,NORMAL
PEVT_00715,"March 28, 2025",DELETION,BALAMINES,,SYMBOL,479,1,1,480,NORMAL
PEVT_00714,"March 28, 2025",DELETION,AVANTIFEED,,SYMBOL,480,1,1,481,NORMAL
PEVT_00713,"March 28, 2025",DELETION,ACI,,SYMBOL,481,1,1,482,NORMAL
PEVT_00480,"March 28, 2025",ADDITION,WAAREEENER,,SYMBOL,482,-1,0,482,ALREADY_ABSENT
PEVT_00479,"March 28, 2025",ADDITION,VMM,,SYMBOL,482,-1,0,482,ALREADY_ABSENT
PEVT_00478,"March 28, 2025",ADDITION,TARIL,,SYMBOL,482,-1,0,482,ALREADY_ABSENT
PEVT_00477,"March 28, 2025",ADDITION,PGEL,,SYMBOL,482,-1,0,482,ALREADY_ABSENT
PEVT_00476,"March 28, 2025",ADDITION,NEULANDLAB,,SYMBOL,482,-1,0,482,ALREADY_ABSENT
PEVT_00475,"March 28, 2025",ADDITION,NAVA,,SYMBOL,482,-1,0,482,ALREADY_ABSENT
PEVT_00474,"March 28, 2025",ADDITION,LTFOODS,,SYMBOL,482,-1,0,482,ALREADY_ABSENT
PEVT_00473,"March 28, 2025",ADDITION,IGIL,,SYMBOL,482,-1,0,482,ALREADY_ABSENT
PEVT_00472,"March 28, 2025",ADDITION,HYUNDAI,,SYMBOL,482,-1,0,482,ALREADY_ABSENT
PEVT_00471,"March 28, 2025",ADDITION,FIRSTCRY,,SYMBOL,482,-1,0,482,ALREADY_ABSENT
PEVT_00470,"March 28, 2025",ADDITION,ALIVUS,,SYMBOL,482,-1,0,482,ALREADY_ABSENT
PEVT_00469,"March 28, 2025",ADDITION,AFCONS,,SYMBOL,482,-1,0,482,ALREADY_ABSENT
PEVT_00468,"March 28, 2025",DELETION,VINATIORGA,,SYMBOL,482,1,0,482,ALREADY_PRESENT
PEVT_00467,"March 28, 2025",DELETION,TVSSCS,,SYMBOL,482,1,0,482,ALREADY_PRESENT
PEVT_00466,"March 28, 2025",DELETION,SUNDRMFAST,,SYMBOL,482,1,0,482,ALREADY_PRESENT
PEVT_00465,"March 28, 2025",DELETION,SANOFI,,SYMBOL,482,1,0,482,ALREADY_PRESENT
PEVT_00464,"March 28, 2025",DELETION,RATNAMANI,,SYMBOL,482,1,0,482,ALREADY_PRESENT
PEVT_00463,"March 28, 2025",DELETION,PGHH,,SYMBOL,482,1,0,482,ALREADY_PRESENT
PEVT_00462,"March 28, 2025",DELETION,NUVOCO,,SYMBOL,482,1,0,482,ALREADY_PRESENT
PEVT_00461,"March 28, 2025",DELETION,METROBRAND,,SYMBOL,482,1,0,482,ALREADY_PRESENT
PEVT_00460,"March 28, 2025",DELETION,KSB,,SYMBOL,482,1,0,482,ALREADY_PRESENT
PEVT_00459,"March 28, 2025",DELETION,GSFC,,SYMBOL,482,1,0,482,ALREADY_PRESENT
PEVT_00458,"March 28, 2025",DELETION,GAEL,,SYMBOL,482,1,0,482,ALREADY_PRESENT
PEVT_00457,"March 28, 2025",DELETION,GRINDWELL,,SYMBOL,482,1,0,482,ALREADY_PRESENT
PEVT_00456,"March 28, 2025",DELETION,FINEORG,,SYMBOL,482,1,0,482,ALREADY_PRESENT
PEVT_00455,"March 28, 2025",DELETION,CIEINDIA,,SYMBOL,482,1,0,482,ALREADY_PRESENT
PEVT_00454,"March 28, 2025",DELETION,CELLO,,SYMBOL,482,1,0,482,ALREADY_PRESENT
PEVT_00453,"March 28, 2025",DELETION,BALAMINES,,SYMBOL,482,1,0,482,ALREADY_PRESENT
PEVT_00452,"March 28, 2025",DELETION,AVANTIFEED,,SYMBOL,482,1,0,482,ALREADY_PRESENT
PEVT_00451,"March 28, 2025",DELETION,ACI,,SYMBOL,482,1,0,482,ALREADY_PRESENT
PEVT_00602,"March 21, 2025",DELETION,RAYMONDLSL,,SYMBOL,482,1,0,482,ALREADY_PRESENT
PEVT_00601,"March 21, 2025",DELETION,ISEC,,SYMBOL,482,1,1,483,NORMAL
PEVT_00670,"February 28, 2025",DELETION,DIXON,,SYMBOL,483,1,0,483,ALREADY_PRESENT
PEVT_00669,"February 28, 2025",DELETION,MANKIND,,SYMBOL,483,1,0,483,ALREADY_PRESENT
PEVT_00668,"February 28, 2025",DELETION,SIEMENS,,SYMBOL,483,1,0,483,ALREADY_PRESENT
PEVT_00667,"February 28, 2025",DELETION,RAJESHEXPO,,SYMBOL,483,1,0,483,ALREADY_PRESENT
PEVT_00421,"December 31, 2024",ADDITION,ZOMATO,,SYMBOL,483,-1,0,483,ALREADY_ABSENT
PEVT_00420,"December 31, 2024",ADDITION,VOLTAS,,SYMBOL,483,-1,-1,482,NORMAL
PEVT_00419,"December 31, 2024",ADDITION,UNITDSPR,,SYMBOL,482,-1,-1,481,NORMAL
PEVT_00418,"December 31, 2024",ADDITION,TECHM,,SYMBOL,481,-1,-1,480,NORMAL
PEVT_00417,"December 31, 2024",ADDITION,SUVENPHAR,,SYMBOL,480,-1,0,480,ALREADY_ABSENT
PEVT_00416,"December 31, 2024",ADDITION,RADICO,,SYMBOL,480,-1,-1,479,NORMAL
PEVT_00415,"December 31, 2024",ADDITION,POLYMED,,SYMBOL,479,-1,-1,478,NORMAL
PEVT_00414,"December 31, 2024",ADDITION,PPLPHARMA,,SYMBOL,478,-1,-1,477,NORMAL
PEVT_00413,"December 31, 2024",ADDITION,PERSISTENT,,SYMBOL,477,-1,-1,476,NORMAL
PEVT_00412,"December 31, 2024",ADDITION,PCBL,,SYMBOL,476,-1,-1,475,NORMAL
PEVT_00411,"December 31, 2024",ADDITION,POLICYBZR,,SYMBOL,475,-1,-1,474,NORMAL
PEVT_00410,"December 31, 2024",ADDITION,OFSS,,SYMBOL,474,-1,-1,473,NORMAL
PEVT_00409,"December 31, 2024",ADDITION,NETWEB,,SYMBOL,473,-1,-1,472,NORMAL
PEVT_00408,"December 31, 2024",ADDITION,NATCOPHARM,,SYMBOL,472,-1,-1,471,NORMAL
PEVT_00407,"December 31, 2024",ADDITION,MCX,,SYMBOL,471,-1,-1,470,NORMAL
PEVT_00406,"December 31, 2024",ADDITION,LUPIN,,SYMBOL,470,-1,-1,469,NORMAL
PEVT_00405,"December 31, 2024",ADDITION,LLOYDSME,,SYMBOL,469,-1,-1,468,NORMAL
PEVT_00404,"December 31, 2024",ADDITION,KFINTECH,,SYMBOL,468,-1,-1,467,NORMAL
PEVT_00403,"December 31, 2024",ADDITION,KEC,,SYMBOL,467,-1,-1,466,NORMAL
PEVT_00402,"December 31, 2024",ADDITION,KAYNES,,SYMBOL,466,-1,-1,465,NORMAL
PEVT_00401,"December 31, 2024",ADDITION,JUBLPHARMA,,SYMBOL,465,-1,0,465,ALREADY_ABSENT
PEVT_00400,"December 31, 2024",ADDITION,NAUKRI,,SYMBOL,465,-1,-1,464,NORMAL
PEVT_00399,"December 31, 2024",ADDITION,INDHOTEL,,SYMBOL,464,-1,-1,463,NORMAL
PEVT_00398,"December 31, 2024",ADDITION,INDIACEM,,SYMBOL,463,-1,-1,462,NORMAL
PEVT_00397,"December 31, 2024",ADDITION,HSCL,,SYMBOL,462,-1,-1,461,NORMAL
PEVT_00396,"December 31, 2024",ADDITION,GODFRYPHLP,,SYMBOL,461,-1,-1,460,NORMAL
PEVT_00395,"December 31, 2024",ADDITION,GLENMARK,,SYMBOL,460,-1,-1,459,NORMAL
PEVT_00394,"December 31, 2024",ADDITION,FORTIS,,SYMBOL,459,-1,-1,458,NORMAL
PEVT_00393,"December 31, 2024",ADDITION,FSL,,SYMBOL,458,-1,-1,457,NORMAL
PEVT_00392,"December 31, 2024",ADDITION,DIVISLAB,,SYMBOL,457,-1,-1,456,NORMAL
PEVT_00391,"December 31, 2024",ADDITION,DEEPAKFERT,,SYMBOL,456,-1,-1,455,NORMAL
PEVT_00390,"December 31, 2024",ADDITION,COROMANDEL,,SYMBOL,455,-1,-1,454,NORMAL
PEVT_00389,"December 31, 2024",ADDITION,COFORGE,,SYMBOL,454,-1,-1,453,NORMAL
PEVT_00388,"December 31, 2024",ADDITION,CHOLAHLDNG,,SYMBOL,453,-1,-1,452,NORMAL
PEVT_00387,"December 31, 2024",ADDITION,CAPLIPOINT,,SYMBOL,452,-1,-1,451,NORMAL
PEVT_00386,"December 31, 2024",ADDITION,ANANTRAJ,,SYMBOL,451,-1,-1,450,NORMAL
PEVT_00385,"December 31, 2024",ADDITION,AMBER,,SYMBOL,450,-1,-1,449,NORMAL
PEVT_00384,"December 31, 2024",ADDITION,ABSLAMC,,SYMBOL,449,-1,-1,448,NORMAL
PEVT_00383,"December 31, 2024",ADDITION,360ONE,,SYMBOL,448,-1,-1,447,NORMAL
PEVT_00382,"December 31, 2024",DELETION,ZYDUSLIFE,,SYMBOL,447,1,0,447,ALREADY_PRESENT
PEVT_00381,"December 31, 2024",DELETION,TORNTPOWER,,SYMBOL,447,1,1,448,NORMAL
PEVT_00380,"December 31, 2024",DELETION,TITAGARH,,SYMBOL,448,1,0,448,ALREADY_PRESENT
PEVT_00379,"December 31, 2024",DELETION,THERMAX,,SYMBOL,448,1,0,448,ALREADY_PRESENT
PEVT_00378,"December 31, 2024",DELETION,TATAPOWER,,SYMBOL,448,1,0,448,ALREADY_PRESENT
PEVT_00377,"December 31, 2024",DELETION,SUZLON,,SYMBOL,448,1,1,449,NORMAL
PEVT_00376,"December 31, 2024",DELETION,SOLARINDS,,SYMBOL,449,1,0,449,ALREADY_PRESENT
PEVT_00375,"December 31, 2024",DELETION,SOBHA,,SYMBOL,449,1,0,449,ALREADY_PRESENT
PEVT_00374,"December 31, 2024",DELETION,SJVN,,SYMBOL,449,1,0,449,ALREADY_PRESENT
PEVT_00373,"December 31, 2024",DELETION,MOTHERSON,,SYMBOL,449,1,0,449,ALREADY_PRESENT
PEVT_00372,"December 31, 2024",DELETION,RECLTD,,SYMBOL,449,1,0,449,ALREADY_PRESENT
PEVT_00371,"December 31, 2024",DELETION,RVNL,,SYMBOL,449,1,0,449,ALREADY_PRESENT
PEVT_00370,"December 31, 2024",DELETION,PNB,,SYMBOL,449,1,0,449,ALREADY_PRESENT
PEVT_00369,"December 31, 2024",DELETION,PRESTIGE,,SYMBOL,449,1,0,449,ALREADY_PRESENT
PEVT_00368,"December 31, 2024",DELETION,PFC,,SYMBOL,449,1,0,449,ALREADY_PRESENT
PEVT_00367,"December 31, 2024",DELETION,NHPC,,SYMBOL,449,1,0,449,ALREADY_PRESENT
PEVT_00366,"December 31, 2024",DELETION,NBCC,,SYMBOL,449,1,1,450,NORMAL
PEVT_00365,"December 31, 2024",DELETION,MRPL,,SYMBOL,450,1,0,450,ALREADY_PRESENT
PEVT_00364,"December 31, 2024",DELETION,KPIL,,SYMBOL,450,1,0,450,ALREADY_PRESENT
PEVT_00363,"December 31, 2024",DELETION,JWL,,SYMBOL,450,1,0,450,ALREADY_PRESENT
PEVT_00362,"December 31, 2024",DELETION,JSL,,SYMBOL,450,1,0,450,ALREADY_PRESENT
PEVT_00361,"December 31, 2024",DELETION,IRFC,,SYMBOL,450,1,0,450,ALREADY_PRESENT
PEVT_00360,"December 31, 2024",DELETION,HUDCO,,SYMBOL,450,1,0,450,ALREADY_PRESENT
PEVT_00359,"December 31, 2024",DELETION,HINDCOPPER,,SYMBOL,450,1,0,450,ALREADY_PRESENT
PEVT_00358,"December 31, 2024",DELETION,HAL,,SYMBOL,450,1,0,450,ALREADY_PRESENT
PEVT_00357,"December 31, 2024",DELETION,HBLPOWER,,SYMBOL,450,1,1,451,NORMAL
PEVT_00356,"December 31, 2024",DELETION,GPIL,,SYMBOL,451,1,0,451,ALREADY_PRESENT
PEVT_00355,"December 31, 2024",DELETION,EXIDEIND,,SYMBOL,451,1,0,451,ALREADY_PRESENT
PEVT_00354,"December 31, 2024",DELETION,CUMMINSIND,,SYMBOL,451,1,0,451,ALREADY_PRESENT
PEVT_00353,"December 31, 2024",DELETION,COCHINSHIP,,SYMBOL,451,1,0,451,ALREADY_PRESENT
PEVT_00352,"December 31, 2024",DELETION,BHEL,,SYMBOL,451,1,0,451,ALREADY_PRESENT
PEVT_00351,"December 31, 2024",DELETION,BEL,,SYMBOL,451,1,0,451,ALREADY_PRESENT
PEVT_00350,"December 31, 2024",DELETION,BDL,,SYMBOL,451,1,0,451,ALREADY_PRESENT
PEVT_00349,"December 31, 2024",DELETION,BAJAJ-AUTO,,SYMBOL,451,1,0,451,ALREADY_PRESENT
PEVT_00348,"December 31, 2024",DELETION,APARINDS,,SYMBOL,451,1,0,451,ALREADY_PRESENT
PEVT_00347,"December 31, 2024",DELETION,ANANDRATHI,,SYMBOL,451,1,1,452,NORMAL
PEVT_00346,"December 31, 2024",DELETION,ADANIPOWER,,SYMBOL,452,1,0,452,ALREADY_PRESENT
PEVT_00345,"December 31, 2024",DELETION,ADANIPORTS,,SYMBOL,452,1,0,452,ALREADY_PRESENT
PEVT_00344,"December 31, 2024",DELETION,ABB,,SYMBOL,452,1,1,453,NORMAL
PEVT_00885,"November 29, 2024",ADDITION,SAIL,,SYMBOL,453,-1,-1,452,NORMAL
PEVT_00884,"November 29, 2024",ADDITION,NSLNISP,,SYMBOL,452,-1,-1,451,NORMAL
PEVT_00301,"October 31, 2024",ADDITION,TBOTEK,,SYMBOL,451,-1,-1,450,NORMAL
PEVT_00300,"October 31, 2024",ADDITION,RVNL,,SYMBOL,450,-1,-1,449,NORMAL
PEVT_00299,"October 31, 2024",ADDITION,JYOTICNC,,SYMBOL,449,-1,-1,448,NORMAL
PEVT_00298,"October 31, 2024",ADDITION,INDIACEM,,SYMBOL,448,-1,0,448,ALREADY_ABSENT
PEVT_00297,"October 31, 2024",ADDITION,AKUMS,,SYMBOL,448,-1,-1,447,NORMAL
PEVT_00296,"October 31, 2024",DELETION,TATAELXSI,,SYMBOL,447,1,0,447,ALREADY_PRESENT
PEVT_00295,"October 31, 2024",DELETION,SAIL,,SYMBOL,447,1,1,448,NORMAL
PEVT_00294,"October 31, 2024",DELETION,RCF,,SYMBOL,448,1,0,448,ALREADY_PRESENT
PEVT_00293,"October 31, 2024",DELETION,NH,,SYMBOL,448,1,0,448,ALREADY_PRESENT
PEVT_00292,"October 31, 2024",DELETION,MMTC,,SYMBOL,448,1,0,448,ALREADY_PRESENT
PEVT_00291,"October 31, 2024",DELETION,MAXHEALTH,,SYMBOL,448,1,1,449,NORMAL
PEVT_00290,"October 31, 2024",DELETION,KNRCON,,SYMBOL,449,1,0,449,ALREADY_PRESENT
PEVT_00289,"October 31, 2024",DELETION,IRCTC,,SYMBOL,449,1,0,449,ALREADY_PRESENT
PEVT_00288,"October 31, 2024",DELETION,HBLPOWER,,SYMBOL,449,1,0,449,ALREADY_PRESENT
PEVT_00287,"October 31, 2024",DELETION,GNFC,,SYMBOL,449,1,0,449,ALREADY_PRESENT
PEVT_00286,"October 31, 2024",DELETION,ERIS,,SYMBOL,449,1,0,449,ALREADY_PRESENT
PEVT_00285,"October 31, 2024",DELETION,CAPLIPOINT,,SYMBOL,449,1,1,450,NORMAL
PEVT_00284,"October 31, 2024",DELETION,BEML,,SYMBOL,450,1,0,450,ALREADY_PRESENT
PEVT_00283,"October 31, 2024",DELETION,AFFLE,,SYMBOL,450,1,0,450,ALREADY_PRESENT
PEVT_00282,"October 31, 2024",DELETION,ABFRL,,SYMBOL,450,1,1,451,NORMAL
PEVT_00281,"October
16, 2024",DELETION,AKUMS,,SYMBOL,451,1,1,452,NORMAL
PEVT_00280,"October
16, 2024",DELETION,TV18BRDCST,,SYMBOL,452,1,1,453,NORMAL
PEVT_00048,"October 10, 2024",DELETION,EMCURE,,SYMBOL,453,1,1,454,NORMAL
PEVT_00047,"October 10, 2024",DELETION,IDFC,,SYMBOL,454,1,1,455,NORMAL
PEVT_01122,"September 30, 2024",DELETION,CUMMINSIND,,SYMBOL,455,1,0,455,ALREADY_PRESENT
PEVT_01121,"September 30, 2024",ADDITION,VINATIORGA,,SYMBOL,455,-1,-1,454,NORMAL
PEVT_01120,"September 30, 2024",ADDITION,SUZLON,,SYMBOL,454,-1,-1,453,NORMAL
PEVT_01119,"September 30, 2024",ADDITION,SWSOLAR,,SYMBOL,453,-1,-1,452,NORMAL
PEVT_01118,"September 30, 2024",ADDITION,SCI,,SYMBOL,452,-1,-1,451,NORMAL
PEVT_01117,"September 30, 2024",ADDITION,RKFORGE,,SYMBOL,451,-1,-1,450,NORMAL
PEVT_01116,"September 30, 2024",ADDITION,NETWEB,,SYMBOL,450,-1,0,450,ALREADY_ABSENT
PEVT_01115,"September 30, 2024",ADDITION,KIRLOSBROS,,SYMBOL,450,-1,-1,449,NORMAL
PEVT_01114,"September 30, 2024",ADDITION,INOXINDIA,,SYMBOL,449,-1,-1,448,NORMAL
PEVT_01113,"September 30, 2024",ADDITION,IOC,,SYMBOL,448,-1,-1,447,NORMAL
PEVT_01112,"September 30, 2024",ADDITION,GET&D,,SYMBOL,447,-1,0,447,ALREADY_ABSENT
PEVT_01111,"September 30, 2024",ADDITION,BBTC,,SYMBOL,447,-1,-1,446,NORMAL
PEVT_01110,"September 30, 2024",ADDITION,BPCL,,SYMBOL,446,-1,-1,445,NORMAL
PEVT_01109,"September 30, 2024",ADDITION,BASF,,SYMBOL,445,-1,-1,444,NORMAL
PEVT_01108,"September 30, 2024",ADDITION,ANANTRAJ,,SYMBOL,444,-1,0,444,ALREADY_ABSENT
PEVT_01107,"September 30, 2024",DELETION,ZENSARTECH,,SYMBOL,444,1,0,444,ALREADY_PRESENT
PEVT_01106,"September 30, 2024",DELETION,MANYAVAR,,SYMBOL,444,1,0,444,ALREADY_PRESENT
PEVT_01105,"September 30, 2024",DELETION,VAIBHAVGBL,,SYMBOL,444,1,1,445,NORMAL
PEVT_01104,"September 30, 2024",DELETION,SAFARI,,SYMBOL,445,1,1,446,NORMAL
PEVT_01103,"September 30, 2024",DELETION,RITES,,SYMBOL,446,1,0,446,ALREADY_PRESENT
PEVT_01102,"September 30, 2024",DELETION,PRINCEPIPE,,SYMBOL,446,1,1,447,NORMAL
PEVT_01101,"September 30, 2024",DELETION,PCBL,,SYMBOL,447,1,1,448,NORMAL
PEVT_01100,"September 30, 2024",DELETION,MEDPLUS,,SYMBOL,448,1,1,449,NORMAL
PEVT_01099,"September 30, 2024",DELETION,LXCHEM,,SYMBOL,449,1,1,450,NORMAL
PEVT_01098,"September 30, 2024",DELETION,KIMS,,SYMBOL,450,1,0,450,ALREADY_PRESENT
PEVT_01097,"September 30, 2024",DELETION,KRBL,,SYMBOL,450,1,1,451,NORMAL
PEVT_01096,"September 30, 2024",DELETION,KFINTECH,,SYMBOL,451,1,1,452,NORMAL
PEVT_01095,"September 30, 2024",DELETION,KAYNES,,SYMBOL,452,1,1,453,NORMAL
PEVT_01094,"September 30, 2024",DELETION,JAIBALAJI,,SYMBOL,453,1,1,454,NORMAL
PEVT_01093,"September 30, 2024",DELETION,INDUSTOWER,,SYMBOL,454,1,1,455,NORMAL
PEVT_01092,"September 30, 2024",DELETION,INDIGOPNTS,,SYMBOL,455,1,1,456,NORMAL
PEVT_01091,"September 30, 2024",DELETION,HAPPYFORGE,,SYMBOL,456,1,1,457,NORMAL
PEVT_01090,"September 30, 2024",DELETION,GMMPFAUDLR,,SYMBOL,457,1,1,458,NORMAL
PEVT_01089,"September 30, 2024",DELETION,GLS,,SYMBOL,458,1,1,459,NORMAL
PEVT_01088,"September 30, 2024",DELETION,FDC,,SYMBOL,459,1,1,460,NORMAL
PEVT_01087,"September 30, 2024",DELETION,EPL,,SYMBOL,460,1,1,461,NORMAL
PEVT_01086,"September 30, 2024",DELETION,ENGINERSIN,,SYMBOL,461,1,0,461,ALREADY_PRESENT
PEVT_01085,"September 30, 2024",DELETION,CLEAN,,SYMBOL,461,1,0,461,ALREADY_PRESENT
PEVT_01084,"September 30, 2024",DELETION,BEL,,SYMBOL,461,1,0,461,ALREADY_PRESENT
PEVT_01083,"September 30, 2024",DELETION,ANURAS,,SYMBOL,461,1,1,462,NORMAL
PEVT_01082,"September 30, 2024",DELETION,ALLCARGO,,SYMBOL,462,1,1,463,NORMAL
PEVT_01081,"September 30, 2024",DELETION,AETHER,,SYMBOL,463,1,1,464,NORMAL
PEVT_01080,"September 30, 2024",ADDITION,VINATIORGA,,SYMBOL,464,-1,0,464,ALREADY_ABSENT
PEVT_01079,"September 30, 2024",ADDITION,DBREALTY,,SYMBOL,464,-1,-1,463,NORMAL
PEVT_01078,"September 30, 2024",ADDITION,TECHNOE,,SYMBOL,463,-1,-1,462,NORMAL
PEVT_01077,"September 30, 2024",ADDITION,TBOTEK,,SYMBOL,462,-1,0,462,ALREADY_ABSENT
PEVT_01076,"September 30, 2024",ADDITION,SCI,,SYMBOL,462,-1,0,462,ALREADY_ABSENT
PEVT_01075,"September 30, 2024",ADDITION,PTCIL,,SYMBOL,462,-1,-1,461,NORMAL
PEVT_01074,"September 30, 2024",ADDITION,PFIZER,,SYMBOL,461,-1,-1,460,NORMAL
PEVT_01073,"September 30, 2024",ADDITION,NEWGEN,,SYMBOL,460,-1,-1,459,NORMAL
PEVT_01072,"September 30, 2024",ADDITION,NETWEB,,SYMBOL,459,-1,0,459,ALREADY_ABSENT
PEVT_01071,"September 30, 2024",ADDITION,KIRLOSENG,,SYMBOL,459,-1,-1,458,NORMAL
PEVT_01070,"September 30, 2024",ADDITION,KIRLOSBROS,,SYMBOL,458,-1,0,458,ALREADY_ABSENT
PEVT_01069,"September 30, 2024",ADDITION,JYOTICNC,,SYMBOL,458,-1,0,458,ALREADY_ABSENT
PEVT_01068,"September 30, 2024",ADDITION,JKTYRE,,SYMBOL,458,-1,-1,457,NORMAL
PEVT_01067,"September 30, 2024",ADDITION,JPPOWER,,SYMBOL,457,-1,-1,456,NORMAL
PEVT_01066,"September 30, 2024",ADDITION,INOXINDIA,,SYMBOL,456,-1,0,456,ALREADY_ABSENT
PEVT_01065,"September 30, 2024",ADDITION,IREDA,,SYMBOL,456,-1,-1,455,NORMAL
PEVT_01064,"September 30, 2024",ADDITION,INDGN,,SYMBOL,455,-1,-1,454,NORMAL
PEVT_01063,"September 30, 2024",ADDITION,IFCI,,SYMBOL,454,-1,-1,453,NORMAL
PEVT_01062,"September 30, 2024",ADDITION,GODREJAGRO,,SYMBOL,453,-1,-1,452,NORMAL
PEVT_01061,"September 30, 2024",ADDITION,GODIGIT,,SYMBOL,452,-1,-1,451,NORMAL
PEVT_01060,"September 30, 2024",ADDITION,GET&D,,SYMBOL,451,-1,0,451,ALREADY_ABSENT
PEVT_01059,"September 30, 2024",ADDITION,GRINFRA,,SYMBOL,451,-1,-1,450,NORMAL
PEVT_01058,"September 30, 2024",ADDITION,BHARTIHEXA,,SYMBOL,450,-1,-1,449,NORMAL
PEVT_01057,"September 30, 2024",ADDITION,BASF,,SYMBOL,449,-1,0,449,ALREADY_ABSENT
PEVT_01056,"September 30, 2024",ADDITION,ANANTRAJ,,SYMBOL,449,-1,0,449,ALREADY_ABSENT
PEVT_01055,"September 30, 2024",ADDITION,ABSLAMC,,SYMBOL,449,-1,0,449,ALREADY_ABSENT
PEVT_01054,"September 30, 2024",ADDITION,AADHARHFC,,SYMBOL,449,-1,-1,448,NORMAL
PEVT_01053,"September 30, 2024",DELETION,IDEA,,SYMBOL,448,1,0,448,ALREADY_PRESENT
PEVT_01052,"September 30, 2024",DELETION,VAIBHAVGBL,,SYMBOL,448,1,0,448,ALREADY_PRESENT
PEVT_01051,"September 30, 2024",DELETION,TMB,,SYMBOL,448,1,1,449,NORMAL
PEVT_01050,"September 30, 2024",DELETION,SUNTECK,,SYMBOL,449,1,1,450,NORMAL
PEVT_01049,"September 30, 2024",DELETION,STLTECH,,SYMBOL,450,1,1,451,NORMAL
PEVT_01048,"September 30, 2024",DELETION,SAFARI,,SYMBOL,451,1,0,451,ALREADY_PRESENT
PEVT_01047,"September 30, 2024",DELETION,RBA,,SYMBOL,451,1,1,452,NORMAL
PEVT_01046,"September 30, 2024",DELETION,PRINCEPIPE,,SYMBOL,452,1,0,452,ALREADY_PRESENT
PEVT_01045,"September 30, 2024",DELETION,MTARTECH,,SYMBOL,452,1,1,453,NORMAL
PEVT_01044,"September 30, 2024",DELETION,MEDPLUS,,SYMBOL,453,1,0,453,ALREADY_PRESENT
PEVT_01043,"September 30, 2024",DELETION,MHRIL,,SYMBOL,453,1,1,454,NORMAL
PEVT_01042,"September 30, 2024",DELETION,LXCHEM,,SYMBOL,454,1,0,454,ALREADY_PRESENT
PEVT_01041,"September 30, 2024",DELETION,KRBL,,SYMBOL,454,1,0,454,ALREADY_PRESENT
PEVT_01040,"September 30, 2024",DELETION,JKPAPER,,SYMBOL,454,1,1,455,NORMAL
PEVT_01039,"September 30, 2024",DELETION,JAIBALAJI,,SYMBOL,455,1,0,455,ALREADY_PRESENT
PEVT_01038,"September 30, 2024",DELETION,INDIGOPNTS,,SYMBOL,455,1,0,455,ALREADY_PRESENT
PEVT_01037,"September 30, 2024",DELETION,HAPPYFORGE,,SYMBOL,455,1,0,455,ALREADY_PRESENT
PEVT_01036,"September 30, 2024",DELETION,GMMPFAUDLR,,SYMBOL,455,1,0,455,ALREADY_PRESENT
PEVT_01035,"September 30, 2024",DELETION,GLS,,SYMBOL,455,1,0,455,ALREADY_PRESENT
PEVT_01034,"September 30, 2024",DELETION,FDC,,SYMBOL,455,1,0,455,ALREADY_PRESENT
PEVT_01033,"September 30, 2024",DELETION,EPL,,SYMBOL,455,1,0,455,ALREADY_PRESENT
PEVT_01032,"September 30, 2024",DELETION,DCMSHRIRAM,,SYMBOL,455,1,1,456,NORMAL
PEVT_01031,"September 30, 2024",DELETION,CSBBANK,,SYMBOL,456,1,1,457,NORMAL
PEVT_01030,"September 30, 2024",DELETION,BORORENEW,,SYMBOL,457,1,1,458,NORMAL
PEVT_01029,"September 30, 2024",DELETION,ANURAS,,SYMBOL,458,1,0,458,ALREADY_PRESENT
PEVT_01028,"September 30, 2024",DELETION,ALLCARGO,,SYMBOL,458,1,0,458,ALREADY_PRESENT
PEVT_01027,"September 30, 2024",DELETION,AETHER,,SYMBOL,458,1,0,458,ALREADY_PRESENT
PEVT_01205,"July 31, 2024",DELETION,PERSISTENT,,SYMBOL,458,1,1,459,NORMAL
PEVT_01204,"July 31, 2024",DELETION,GODREJCP,,SYMBOL,459,1,0,459,ALREADY_PRESENT
PEVT_01203,"July 31, 2024",ADDITION,DALBHARAT,,SYMBOL,459,-1,-1,458,NORMAL
PEVT_01202,"July 31, 2024",DELETION,WIPRO,,SYMBOL,458,1,0,458,ALREADY_PRESENT
PEVT_01201,"July 31, 2024",DELETION,INFY,,SYMBOL,458,1,0,458,ALREADY_PRESENT
PEVT_01200,"July 31, 2024",DELETION,LALPATHLAB,,SYMBOL,458,1,0,458,ALREADY_PRESENT
PEVT_01199,"July 31, 2024",DELETION,CERA,,SYMBOL,458,1,0,458,ALREADY_PRESENT
PEVT_01198,"July 31, 2024",DELETION,AMBUJACEM,,SYMBOL,458,1,1,459,NORMAL
PEVT_00776,"June 28, 2024",DELETION,ABB,,SYMBOL,459,1,0,459,ALREADY_PRESENT
PEVT_00157,"June 28, 2024",ADDITION,ZYDUSLIFE,,SYMBOL,459,-1,-1,458,NORMAL
PEVT_00156,"June 28, 2024",ADDITION,TITAGARH,,SYMBOL,458,-1,-1,457,NORMAL
PEVT_00155,"June 28, 2024",ADDITION,THERMAX,,SYMBOL,457,-1,-1,456,NORMAL
PEVT_00154,"June 28, 2024",ADDITION,TATAPOWER,,SYMBOL,456,-1,-1,455,NORMAL
PEVT_00153,"June 28, 2024",ADDITION,SOBHA,,SYMBOL,455,-1,-1,454,NORMAL
PEVT_00152,"June 28, 2024",ADDITION,SIEMENS,,SYMBOL,454,-1,-1,453,NORMAL
PEVT_00151,"June 28, 2024",ADDITION,MOTHERSON,,SYMBOL,453,-1,-1,452,NORMAL
PEVT_00150,"June 28, 2024",ADDITION,RVNL,,SYMBOL,452,-1,0,452,ALREADY_ABSENT
PEVT_00149,"June 28, 2024",ADDITION,PNB,,SYMBOL,452,-1,-1,451,NORMAL
PEVT_00148,"June 28, 2024",ADDITION,OIL,,SYMBOL,451,-1,-1,450,NORMAL
PEVT_00147,"June 28, 2024",ADDITION,NHPC,,SYMBOL,450,-1,-1,449,NORMAL
PEVT_00146,"June 28, 2024",ADDITION,NBCC,,SYMBOL,449,-1,-1,448,NORMAL
PEVT_00145,"June 28, 2024",ADDITION,NATIONALUM,,SYMBOL,448,-1,-1,447,NORMAL
PEVT_00144,"June 28, 2024",ADDITION,M&M,,SYMBOL,447,-1,-1,446,NORMAL
PEVT_00143,"June 28, 2024",ADDITION,KPIL,,SYMBOL,446,-1,-1,445,NORMAL
PEVT_00142,"June 28, 2024",ADDITION,JWL,,SYMBOL,445,-1,-1,444,NORMAL
PEVT_00141,"June 28, 2024",ADDITION,JSL,,SYMBOL,444,-1,-1,443,NORMAL
PEVT_00140,"June 28, 2024",ADDITION,HUDCO,,SYMBOL,443,-1,-1,442,NORMAL
PEVT_00139,"June 28, 2024",ADDITION,POWERINDIA,,SYMBOL,442,-1,-1,441,NORMAL
PEVT_00138,"June 28, 2024",ADDITION,HINDCOPPER,,SYMBOL,441,-1,-1,440,NORMAL
PEVT_00137,"June 28, 2024",ADDITION,HBLPOWER,,SYMBOL,440,-1,-1,439,NORMAL
PEVT_00136,"June 28, 2024",ADDITION,EXIDEIND,,SYMBOL,439,-1,-1,438,NORMAL
PEVT_00135,"June 28, 2024",ADDITION,DIXON,,SYMBOL,438,-1,-1,437,NORMAL
PEVT_00134,"June 28, 2024",ADDITION,CUMMINSIND,,SYMBOL,437,-1,-1,436,NORMAL
PEVT_00133,"June 28, 2024",ADDITION,BEL,,SYMBOL,436,-1,-1,435,NORMAL
PEVT_00132,"June 28, 2024",ADDITION,BDL,,SYMBOL,435,-1,-1,434,NORMAL
PEVT_00131,"June 28, 2024",ADDITION,BAJAJ-AUTO,,SYMBOL,434,-1,-1,433,NORMAL
PEVT_00130,"June 28, 2024",ADDITION,ANANDRATHI,,SYMBOL,433,-1,-1,432,NORMAL
PEVT_00129,"June 28, 2024",ADDITION,ADANIPOWER,,SYMBOL,432,-1,-1,431,NORMAL
PEVT_00128,"June 28, 2024",ADDITION,ADANIPORTS,,SYMBOL,431,-1,-1,430,NORMAL
PEVT_00127,"June 28, 2024",ADDITION,ABB,,SYMBOL,430,-1,-1,429,NORMAL
PEVT_00126,"June 28, 2024",DELETION,ZENSARTECH,,SYMBOL,429,1,0,429,ALREADY_PRESENT
PEVT_00125,"June 28, 2024",DELETION,WELCORP,,SYMBOL,429,1,0,429,ALREADY_PRESENT
PEVT_00124,"June 28, 2024",DELETION,NIACL,,SYMBOL,429,1,0,429,ALREADY_PRESENT
PEVT_00123,"June 28, 2024",DELETION,TATAINVEST,,SYMBOL,429,1,0,429,ALREADY_PRESENT
PEVT_00122,"June 28, 2024",DELETION,SUPREMEIND,,SYMBOL,429,1,0,429,ALREADY_PRESENT
PEVT_00121,"June 28, 2024",DELETION,SONATSOFTW,,SYMBOL,429,1,0,429,ALREADY_PRESENT
PEVT_00120,"June 28, 2024",DELETION,SHYAMMETL,,SYMBOL,429,1,0,429,ALREADY_PRESENT
PEVT_00119,"June 28, 2024",DELETION,SAFARI,,SYMBOL,429,1,0,429,ALREADY_PRESENT
PEVT_00118,"June 28, 2024",DELETION,POLYCAB,,SYMBOL,429,1,0,429,ALREADY_PRESENT
PEVT_00117,"June 28, 2024",DELETION,PNBHOUSING,,SYMBOL,429,1,0,429,ALREADY_PRESENT
PEVT_00116,"June 28, 2024",DELETION,PCBL,,SYMBOL,429,1,0,429,ALREADY_PRESENT
PEVT_00115,"June 28, 2024",DELETION,NLCINDIA,,SYMBOL,429,1,0,429,ALREADY_PRESENT
PEVT_00114,"June 28, 2024",DELETION,MCX,,SYMBOL,429,1,1,430,NORMAL
PEVT_00113,"June 28, 2024",DELETION,LUPIN,,SYMBOL,430,1,1,431,NORMAL
PEVT_00112,"June 28, 2024",DELETION,KPITTECH,,SYMBOL,431,1,0,431,ALREADY_PRESENT
PEVT_00111,"June 28, 2024",DELETION,KAYNES,,SYMBOL,431,1,0,431,ALREADY_PRESENT
PEVT_00110,"June 28, 2024",DELETION,KARURVYSYA,,SYMBOL,431,1,0,431,ALREADY_PRESENT
PEVT_00109,"June 28, 2024",DELETION,JYOTHYLAB,,SYMBOL,431,1,0,431,ALREADY_PRESENT
PEVT_00108,"June 28, 2024",DELETION,JINDALSAW,,SYMBOL,431,1,0,431,ALREADY_PRESENT
PEVT_00107,"June 28, 2024",DELETION,ITI,,SYMBOL,431,1,0,431,ALREADY_PRESENT
PEVT_00106,"June 28, 2024",DELETION,IRCON,,SYMBOL,431,1,0,431,ALREADY_PRESENT
PEVT_00105,"June 28, 2024",DELETION,MEDANTA,,SYMBOL,431,1,0,431,ALREADY_PRESENT
PEVT_00104,"June 28, 2024",DELETION,GICRE,,SYMBOL,431,1,0,431,ALREADY_PRESENT
PEVT_00103,"June 28, 2024",DELETION,FACT,,SYMBOL,431,1,0,431,ALREADY_PRESENT
PEVT_00102,"June 28, 2024",DELETION,ECLERX,,SYMBOL,431,1,0,431,ALREADY_PRESENT
PEVT_00101,"June 28, 2024",DELETION,CYIENT,,SYMBOL,431,1,0,431,ALREADY_PRESENT
PEVT_00100,"June 28, 2024",DELETION,CDSL,,SYMBOL,431,1,0,431,ALREADY_PRESENT
PEVT_00099,"June 28, 2024",DELETION,MAPMYINDIA,,SYMBOL,431,1,0,431,ALREADY_PRESENT
PEVT_00098,"June 28, 2024",DELETION,BSOFT,,SYMBOL,431,1,0,431,ALREADY_PRESENT
PEVT_00097,"June 28, 2024",DELETION,AUROPHARMA,,SYMBOL,431,1,0,431,ALREADY_PRESENT
PEVT_00096,"June 28, 2024",DELETION,ANGELONE,,SYMBOL,431,1,0,431,ALREADY_PRESENT
PEVT_00834,"May 31, 2024",ADDITION,TIINDIA,,SYMBOL,431,-1,-1,430,NORMAL
PEVT_00833,"May 31, 2024",ADDITION,SRF,,SYMBOL,430,-1,-1,429,NORMAL
PEVT_00832,"May 31, 2024",ADDITION,LUPIN,,SYMBOL,429,-1,-1,428,NORMAL
PEVT_00831,"May 31, 2024",ADDITION,COFORGE,,SYMBOL,428,-1,0,428,ALREADY_ABSENT
PEVT_00830,"May 31, 2024",ADDITION,ZYDUSLIFE,,SYMBOL,428,-1,0,428,ALREADY_ABSENT
PEVT_00829,"May 31, 2024",ADDITION,ZENSARTECH,,SYMBOL,428,-1,-1,427,NORMAL
PEVT_00828,"May 31, 2024",ADDITION,TRENT,,SYMBOL,427,-1,-1,426,NORMAL
PEVT_00827,"May 31, 2024",ADDITION,SUNPHARMA,,SYMBOL,426,-1,-1,425,NORMAL
PEVT_00826,"May 31, 2024",ADDITION,ROUTE,,SYMBOL,425,-1,-1,424,NORMAL
PEVT_00825,"May 31, 2024",ADDITION,PRSMJOHNSN,,SYMBOL,424,-1,0,424,ALREADY_ABSENT
PEVT_00824,"May 31, 2024",ADDITION,PRAJIND,,SYMBOL,424,-1,-1,423,NORMAL
PEVT_00823,"May 31, 2024",ADDITION,MMTC,,SYMBOL,423,-1,-1,422,NORMAL
PEVT_00822,"May 31, 2024",ADDITION,MINDACORP,,SYMBOL,422,-1,-1,421,NORMAL
PEVT_00821,"May 31, 2024",ADDITION,METROBRAND,,SYMBOL,421,-1,-1,420,NORMAL
PEVT_00820,"May 31, 2024",ADDITION,MEDPLUS,,SYMBOL,420,-1,-1,419,NORMAL
PEVT_00819,"May 31, 2024",ADDITION,MAXHEALTH,,SYMBOL,419,-1,-1,418,NORMAL
PEVT_00818,"May 31, 2024",ADDITION,LODHA,,SYMBOL,418,-1,-1,417,NORMAL
PEVT_00817,"May 31, 2024",ADDITION,INDUSTOWER,,SYMBOL,417,-1,-1,416,NORMAL
PEVT_00816,"May 31, 2024",ADDITION,NYKAA,,SYMBOL,416,-1,-1,415,NORMAL
PEVT_00815,"May 31, 2024",ADDITION,FORTIS,,SYMBOL,415,-1,0,415,ALREADY_ABSENT
PEVT_00814,"May 31, 2024",ADDITION,FINPIPE,,SYMBOL,415,-1,-1,414,NORMAL
PEVT_00813,"May 31, 2024",ADDITION,FINCABLES,,SYMBOL,414,-1,-1,413,NORMAL
PEVT_00812,"May 31, 2024",ADDITION,FDC,,SYMBOL,413,-1,-1,412,NORMAL
PEVT_00811,"May 31, 2024",ADDITION,CAPLIPOINT,,SYMBOL,412,-1,-1,411,NORMAL
PEVT_00810,"May 31, 2024",ADDITION,BATAINDIA,,SYMBOL,411,-1,-1,410,NORMAL
PEVT_00809,"May 31, 2024",ADDITION,ASTERDM,,SYMBOL,410,-1,-1,409,NORMAL
PEVT_00808,"May 31, 2024",ADDITION,AFFLE,,SYMBOL,409,-1,-1,408,NORMAL
PEVT_00807,"May 31, 2024",ADDITION,ABFRL,,SYMBOL,408,-1,-1,407,NORMAL
PEVT_00806,"May 31, 2024",ADDITION,ATGL,,SYMBOL,407,-1,-1,406,NORMAL
PEVT_00805,"May 31, 2024",DELETION,WELSPUNLIV,,SYMBOL,406,1,1,407,NORMAL
PEVT_00804,"May 31, 2024",DELETION,UPL,,SYMBOL,407,1,0,407,ALREADY_PRESENT
PEVT_00803,"May 31, 2024",DELETION,TVSMOTOR,,SYMBOL,407,1,0,407,ALREADY_PRESENT
PEVT_00802,"May 31, 2024",DELETION,TATASTEEL,,SYMBOL,407,1,0,407,ALREADY_PRESENT
PEVT_00801,"May 31, 2024",DELETION,TATACOMM,,SYMBOL,407,1,0,407,ALREADY_PRESENT
PEVT_00800,"May 31, 2024",DELETION,SUZLON,,SYMBOL,407,1,1,408,NORMAL
PEVT_00799,"May 31, 2024",DELETION,PRESTIGE,,SYMBOL,408,1,0,408,ALREADY_PRESENT
PEVT_00798,"May 31, 2024",DELETION,PNCINFRA,,SYMBOL,408,1,0,408,ALREADY_PRESENT
PEVT_00797,"May 31, 2024",DELETION,PPLPHARMA,,SYMBOL,408,1,1,409,NORMAL
PEVT_00796,"May 31, 2024",DELETION,NMDC,,SYMBOL,409,1,0,409,ALREADY_PRESENT
PEVT_00795,"May 31, 2024",DELETION,LAURUSLABS,,SYMBOL,409,1,1,410,NORMAL
PEVT_00794,"May 31, 2024",DELETION,JUBLPHARMA,,SYMBOL,410,1,1,411,NORMAL
PEVT_00793,"May 31, 2024",DELETION,JKLAKSHMI,,SYMBOL,411,1,0,411,ALREADY_PRESENT
PEVT_00792,"May 31, 2024",DELETION,JINDALSAW,,SYMBOL,411,1,0,411,ALREADY_PRESENT
PEVT_00791,"May 31, 2024",DELETION,IRCON,,SYMBOL,411,1,0,411,ALREADY_PRESENT
PEVT_00790,"May 31, 2024",DELETION,HONAUT,,SYMBOL,411,1,0,411,ALREADY_PRESENT
PEVT_00789,"May 31, 2024",DELETION,GRASIM,,SYMBOL,411,1,0,411,ALREADY_PRESENT
PEVT_00788,"May 31, 2024",DELETION,DIVISLAB,,SYMBOL,411,1,1,412,NORMAL
PEVT_00787,"May 31, 2024",DELETION,CONCOR,,SYMBOL,412,1,0,412,ALREADY_PRESENT
PEVT_00786,"May 31, 2024",DELETION,CAMS,,SYMBOL,412,1,0,412,ALREADY_PRESENT
PEVT_00785,"May 31, 2024",DELETION,BIRLACORPN,,SYMBOL,412,1,0,412,ALREADY_PRESENT
PEVT_00784,"May 31, 2024",DELETION,BIOCON,,SYMBOL,412,1,0,412,ALREADY_PRESENT
PEVT_00783,"May 31, 2024",DELETION,AIAENG,,SYMBOL,412,1,0,412,ALREADY_PRESENT
PEVT_00782,"May 31, 2024",DELETION,ADANIENT,,SYMBOL,412,1,0,412,ALREADY_PRESENT
PEVT_00781,"May 31, 2024",DELETION,ABBOTINDIA,,SYMBOL,412,1,0,412,ALREADY_PRESENT
PEVT_01188,"April 26, 2024",DELETION,IIFL,,SYMBOL,412,1,0,412,ALREADY_PRESENT
PEVT_01187,"April 26, 2024",DELETION,BCG,,SYMBOL,412,1,1,413,NORMAL
PEVT_01301,"March 28, 2024",ADDITION,TVSSCS,,SYMBOL,413,-1,-1,412,NORMAL
PEVT_01300,"March 28, 2024",ADDITION,TITAGARH,,SYMBOL,412,-1,0,412,ALREADY_ABSENT
PEVT_01299,"March 28, 2024",ADDITION,TATATECH,,SYMBOL,412,-1,-1,411,NORMAL
PEVT_01298,"March 28, 2024",ADDITION,TMB,,SYMBOL,411,-1,-1,410,NORMAL
PEVT_01297,"March 28, 2024",ADDITION,SIGNATURE,,SYMBOL,410,-1,-1,409,NORMAL
PEVT_01296,"March 28, 2024",ADDITION,SCHNEIDER,,SYMBOL,409,-1,-1,408,NORMAL
PEVT_01295,"March 28, 2024",ADDITION,SBFC,,SYMBOL,408,-1,-1,407,NORMAL
PEVT_01294,"March 28, 2024",ADDITION,RKFORGE,,SYMBOL,407,-1,0,407,ALREADY_ABSENT
PEVT_01293,"March 28, 2024",ADDITION,RAILTEL,,SYMBOL,407,-1,-1,406,NORMAL
PEVT_01292,"March 28, 2024",ADDITION,RRKABEL,,SYMBOL,406,-1,-1,405,NORMAL
PEVT_01291,"March 28, 2024",ADDITION,NUVAMA,,SYMBOL,405,-1,-1,404,NORMAL
PEVT_01290,"March 28, 2024",ADDITION,MAHSEAMLES,,SYMBOL,404,-1,-1,403,NORMAL
PEVT_01289,"March 28, 2024",ADDITION,LLOYDSME,,SYMBOL,403,-1,0,403,ALREADY_ABSENT
PEVT_01288,"March 28, 2024",ADDITION,JWL,,SYMBOL,403,-1,0,403,ALREADY_ABSENT
PEVT_01287,"March 28, 2024",ADDITION,JSWINFRA,,SYMBOL,403,-1,-1,402,NORMAL
PEVT_01286,"March 28, 2024",ADDITION,JIOFIN,,SYMBOL,402,-1,-1,401,NORMAL
PEVT_01285,"March 28, 2024",ADDITION,J&KBANK,,SYMBOL,401,-1,-1,400,NORMAL
PEVT_01284,"March 28, 2024",ADDITION,JAIBALAJI,,SYMBOL,400,-1,-1,399,NORMAL
PEVT_01283,"March 28, 2024",ADDITION,INOXWIND,,SYMBOL,399,-1,0,399,ALREADY_ABSENT
PEVT_01282,"March 28, 2024",ADDITION,IREDA,,SYMBOL,399,-1,0,399,ALREADY_ABSENT
PEVT_01281,"March 28, 2024",ADDITION,HONASA,,SYMBOL,399,-1,-1,398,NORMAL
PEVT_01280,"March 28, 2024",ADDITION,HSCL,,SYMBOL,398,-1,0,398,ALREADY_ABSENT
PEVT_01279,"March 28, 2024",ADDITION,HBLPOWER,,SYMBOL,398,-1,0,398,ALREADY_ABSENT
PEVT_01278,"March 28, 2024",ADDITION,HAPPYFORGE,,SYMBOL,398,-1,-1,397,NORMAL
PEVT_01277,"March 28, 2024",ADDITION,GMDCLTD,,SYMBOL,397,-1,-1,396,NORMAL
PEVT_01276,"March 28, 2024",ADDITION,GRSE,,SYMBOL,396,-1,-1,395,NORMAL
PEVT_01275,"March 28, 2024",ADDITION,ELECON,,SYMBOL,395,-1,-1,394,NORMAL
PEVT_01274,"March 28, 2024",ADDITION,DOMS,,SYMBOL,394,-1,-1,393,NORMAL
PEVT_01273,"March 28, 2024",ADDITION,CHENNPETRO,,SYMBOL,393,-1,-1,392,NORMAL
PEVT_01272,"March 28, 2024",ADDITION,CELLO,,SYMBOL,392,-1,-1,391,NORMAL
PEVT_01271,"March 28, 2024",ADDITION,CAPLIPOINT,,SYMBOL,391,-1,0,391,ALREADY_ABSENT
PEVT_01270,"March 28, 2024",ADDITION,ASTRAZEN,,SYMBOL,391,-1,-1,390,NORMAL
PEVT_01269,"March 28, 2024",ADDITION,ANANDRATHI,,SYMBOL,390,-1,0,390,ALREADY_ABSENT
PEVT_01268,"March 28, 2024",ADDITION,ACE,,SYMBOL,390,-1,-1,389,NORMAL
PEVT_01267,"March 28, 2024",DELETION,ZYDUSWELL,,SYMBOL,389,1,1,390,NORMAL
PEVT_01266,"March 28, 2024",DELETION,VMART,,SYMBOL,390,1,1,391,NORMAL
PEVT_01265,"March 28, 2024",DELETION,VINATIORGA,,SYMBOL,391,1,1,392,NORMAL
PEVT_01264,"March 28, 2024",DELETION,VGUARD,,SYMBOL,392,1,0,392,ALREADY_PRESENT
PEVT_01263,"March 28, 2024",DELETION,TTKPRESTIG,,SYMBOL,392,1,1,393,NORMAL
PEVT_01262,"March 28, 2024",DELETION,TEAMLEASE,,SYMBOL,393,1,1,394,NORMAL
PEVT_01261,"March 28, 2024",DELETION,SYMPHONY,,SYMBOL,394,1,1,395,NORMAL
PEVT_01260,"March 28, 2024",DELETION,SUPRAJIT,,SYMBOL,395,1,1,396,NORMAL
PEVT_01259,"March 28, 2024",DELETION,SHOPERSTOP,,SYMBOL,396,1,1,397,NORMAL
PEVT_01258,"March 28, 2024",DELETION,SFL,,SYMBOL,397,1,1,398,NORMAL
PEVT_01257,"March 28, 2024",DELETION,SHARDACROP,,SYMBOL,398,1,1,399,NORMAL
PEVT_01256,"March 28, 2024",DELETION,ROSSARI,,SYMBOL,399,1,1,400,NORMAL
PEVT_01255,"March 28, 2024",DELETION,RELAXO,,SYMBOL,400,1,1,401,NORMAL
PEVT_01254,"March 28, 2024",DELETION,RALLIS,,SYMBOL,401,1,1,402,NORMAL
PEVT_01253,"March 28, 2024",DELETION,RAIN,,SYMBOL,402,1,1,403,NORMAL
PEVT_01252,"March 28, 2024",DELETION,PGHL,,SYMBOL,403,1,1,404,NORMAL
PEVT_01251,"March 28, 2024",DELETION,POLYPLEX,,SYMBOL,404,1,1,405,NORMAL
PEVT_01250,"March 28, 2024",DELETION,PFIZER,,SYMBOL,405,1,1,406,NORMAL
PEVT_01249,"March 28, 2024",DELETION,ORIENTELEC,,SYMBOL,406,1,1,407,NORMAL
PEVT_01248,"March 28, 2024",DELETION,NAZARA,,SYMBOL,407,1,1,408,NORMAL
PEVT_01247,"March 28, 2024",DELETION,LUXIND,,SYMBOL,408,1,1,409,NORMAL
PEVT_01246,"March 28, 2024",DELETION,LAXMIMACH,,SYMBOL,409,1,1,410,NORMAL
PEVT_01245,"March 28, 2024",DELETION,JAMNAAUTO,,SYMBOL,410,1,1,411,NORMAL
PEVT_01244,"March 28, 2024",DELETION,INGERRAND,,SYMBOL,411,1,1,412,NORMAL
PEVT_01243,"March 28, 2024",DELETION,INFIBEAM,,SYMBOL,412,1,1,413,NORMAL
PEVT_01242,"March 28, 2024",DELETION,HLEGLAS,,SYMBOL,413,1,1,414,NORMAL
PEVT_01241,"March 28, 2024",DELETION,GUJALKALI,,SYMBOL,414,1,1,415,NORMAL
PEVT_01240,"March 28, 2024",DELETION,GOCOLORS,,SYMBOL,415,1,1,416,NORMAL
PEVT_01239,"March 28, 2024",DELETION,GALAXYSURF,,SYMBOL,416,1,1,417,NORMAL
PEVT_01238,"March 28, 2024",DELETION,GRINFRA,,SYMBOL,417,1,1,418,NORMAL
PEVT_01237,"March 28, 2024",DELETION,EPIGRAL,,SYMBOL,418,1,1,419,NORMAL
PEVT_01236,"March 28, 2024",DELETION,DELTACORP,,SYMBOL,419,1,1,420,NORMAL
PEVT_01235,"March 28, 2024",DELETION,BCG,,SYMBOL,420,1,0,420,ALREADY_PRESENT
PEVT_01234,"March 28, 2024",DELETION,AARTIDRUGS,,SYMBOL,420,1,1,421,NORMAL
PEVT_00682,"March 28, 2024",ADDITION,BSE LTD.*,,SYMBOL,421,-1,0,421,ALREADY_ABSENT
PEVT_00681,"March 28, 2024",ADDITION,"INDIAN RENEWABLE ENERGY DEV.
AGENCY LTD.",,SYMBOL,421,-1,0,421,ALREADY_ABSENT
PEVT_00680,"January 31, 2024",ADDITION,RCF,,SYMBOL,421,-1,-1,420,NORMAL
PEVT_00679,"January 31, 2024",ADDITION,JUBLPHARMA,,SYMBOL,420,-1,-1,419,NORMAL
PEVT_00650,"October 26, 2023",DELETION,CONCORDBIO,,SYMBOL,419,1,0,419,ALREADY_PRESENT
PEVT_00649,"October 26, 2023",DELETION,KIRLFER,,SYMBOL,419,1,1,420,NORMAL
PEVT_00646,"September 29, 2023",ADDITION,USHAMART,,SYMBOL,420,-1,-1,419,NORMAL
PEVT_00645,"September 29, 2023",ADDITION,UJJIVANSFB,,SYMBOL,419,-1,-1,418,NORMAL
PEVT_00644,"September 29, 2023",ADDITION,SYRMA,,SYMBOL,418,-1,-1,417,NORMAL
PEVT_00643,"September 29, 2023",ADDITION,SYMPHONY,,SYMBOL,417,-1,-1,416,NORMAL
PEVT_00642,"September 29, 2023",ADDITION,SFL,,SYMBOL,416,-1,-1,415,NORMAL
PEVT_00641,"September 29, 2023",ADDITION,SAREGAMA,,SYMBOL,415,-1,-1,414,NORMAL
PEVT_00640,"September 29, 2023",ADDITION,SAFARI,,SYMBOL,414,-1,-1,413,NORMAL
PEVT_00639,"September 29, 2023",ADDITION,PGHL,,SYMBOL,413,-1,-1,412,NORMAL
PEVT_00638,"September 29, 2023",ADDITION,MINDACORP,,SYMBOL,412,-1,0,412,ALREADY_ABSENT
PEVT_00637,"September 29, 2023",ADDITION,KIRLFER,,SYMBOL,412,-1,-1,411,NORMAL
PEVT_00636,"September 29, 2023",ADDITION,KAYNES,,SYMBOL,411,-1,-1,410,NORMAL
PEVT_00635,"September 29, 2023",ADDITION,JINDALSAW,,SYMBOL,410,-1,-1,409,NORMAL
PEVT_00634,"September 29, 2023",ADDITION,IRCON,,SYMBOL,409,-1,-1,408,NORMAL
PEVT_00633,"September 29, 2023",ADDITION,GPIL,,SYMBOL,408,-1,-1,407,NORMAL
PEVT_00632,"September 29, 2023",ADDITION,GLS,,SYMBOL,407,-1,-1,406,NORMAL
PEVT_00631,"September 29, 2023",ADDITION,GILLETTE,,SYMBOL,406,-1,-1,405,NORMAL
PEVT_00630,"September 29, 2023",ADDITION,ALOKINDS,,SYMBOL,405,-1,-1,404,NORMAL
PEVT_00629,"September 29, 2023",ADDITION,ALLCARGO,,SYMBOL,404,-1,-1,403,NORMAL
PEVT_00628,"September 29, 2023",DELETION,UFLEX,,SYMBOL,403,1,1,404,NORMAL
PEVT_00627,"September 29, 2023",DELETION,TCI,,SYMBOL,404,1,1,405,NORMAL
PEVT_00626,"September 29, 2023",DELETION,TCNSBRANDS,,SYMBOL,405,1,1,406,NORMAL
PEVT_00625,"September 29, 2023",DELETION,TCIEXP,,SYMBOL,406,1,1,407,NORMAL
PEVT_00624,"September 29, 2023",DELETION,TMB,,SYMBOL,407,1,1,408,NORMAL
PEVT_00623,"September 29, 2023",DELETION,NOCIL,,SYMBOL,408,1,1,409,NORMAL
PEVT_00622,"September 29, 2023",DELETION,MAHLOG,,SYMBOL,409,1,1,410,NORMAL
PEVT_00621,"September 29, 2023",DELETION,RUSTOMJEE,,SYMBOL,410,1,1,411,NORMAL
PEVT_00620,"September 29, 2023",DELETION,KENNAMET,,SYMBOL,411,1,1,412,NORMAL
PEVT_00619,"September 29, 2023",DELETION,JINDWORLD,,SYMBOL,412,1,1,413,NORMAL
PEVT_00618,"September 29, 2023",DELETION,IBREALEST,,SYMBOL,413,1,1,414,NORMAL
PEVT_00617,"September 29, 2023",DELETION,IFBIND,,SYMBOL,414,1,1,415,NORMAL
PEVT_00616,"September 29, 2023",DELETION,HGS,,SYMBOL,415,1,1,416,NORMAL
PEVT_00615,"September 29, 2023",DELETION,HIKAL,,SYMBOL,416,1,1,417,NORMAL
PEVT_00614,"September 29, 2023",DELETION,GREENPANEL,,SYMBOL,417,1,1,418,NORMAL
PEVT_00613,"September 29, 2023",DELETION,GODREJAGRO,,SYMBOL,418,1,1,419,NORMAL
PEVT_00612,"September 29, 2023",DELETION,GARFIBRES,,SYMBOL,419,1,1,420,NORMAL
PEVT_00611,"September 29, 2023",DELETION,BASF,,SYMBOL,420,1,1,421,NORMAL
PEVT_01026,"August 31, 2023",ADDITION,THERMAX,,SYMBOL,421,-1,0,421,ALREADY_ABSENT
PEVT_01025,"August 31, 2023",ADDITION,METROPOLIS,,SYMBOL,421,-1,-1,420,NORMAL
PEVT_01024,"August 31, 2023",ADDITION,BIOCON,,SYMBOL,420,-1,-1,419,NORMAL
PEVT_01023,"August 31, 2023",ADDITION,ACI,,SYMBOL,419,-1,-1,418,NORMAL
PEVT_01022,"August 31, 2023",ADDITION,AEGISCHEM,,SYMBOL,418,-1,0,418,ALREADY_ABSENT
PEVT_01021,"August 31, 2023",DELETION,ZYDUSLIFE,,SYMBOL,418,1,1,419,NORMAL
PEVT_01020,"August 31, 2023",DELETION,ZENSARTECH,,SYMBOL,419,1,1,420,NORMAL
PEVT_01019,"August 31, 2023",DELETION,PFIZER,,SYMBOL,420,1,0,420,ALREADY_PRESENT
PEVT_01018,"August 31, 2023",DELETION,MAHLOG,,SYMBOL,420,1,0,420,ALREADY_PRESENT
PEVT_01017,"August 31, 2023",DELETION,MAHLIFE,,SYMBOL,420,1,0,420,ALREADY_PRESENT
PEVT_01016,"August 31, 2023",DELETION,GPPL,,SYMBOL,420,1,0,420,ALREADY_PRESENT
PEVT_01197,"July 31, 2023",ADDITION,TATACHEM,,SYMBOL,420,-1,-1,419,NORMAL
PEVT_01196,"July 31, 2023",ADDITION,CROMPTON,,SYMBOL,419,-1,-1,418,NORMAL
PEVT_01195,"July 31, 2023",DELETION,SWSOLAR,,SYMBOL,418,1,1,419,NORMAL
PEVT_01194,"July 31, 2023",DELETION,GLAXO,,SYMBOL,419,1,0,419,ALREADY_PRESENT
PEVT_01193,"July 31, 2023",DELETION,BALKRISIND,,SYMBOL,419,1,0,419,ALREADY_PRESENT
PEVT_01192,"July 31, 2023",DELETION,AWL,,SYMBOL,419,1,0,419,ALREADY_PRESENT
PEVT_01191,"July 31, 2023",DELETION,ATGL,,SYMBOL,419,1,1,420,NORMAL
PEVT_00046,"July 13, 2023",DELETION,MANKIND,,SYMBOL,420,1,0,420,ALREADY_PRESENT
PEVT_00045,"July 13, 2023",DELETION,HDFC,,SYMBOL,420,1,1,421,NORMAL
PEVT_00600,"March 31, 2023",ADDITION,TMB,,SYMBOL,421,-1,-1,420,NORMAL
PEVT_00599,"March 31, 2023",ADDITION,PEL,,SYMBOL,420,-1,-1,419,NORMAL
PEVT_00598,"March 31, 2023",ADDITION,NMDC,,SYMBOL,419,-1,-1,418,NORMAL
PEVT_00597,"March 31, 2023",ADDITION,MFL,,SYMBOL,418,-1,0,418,ALREADY_ABSENT
PEVT_00596,"March 31, 2023",ADDITION,KSB,,SYMBOL,418,-1,-1,417,NORMAL
PEVT_00595,"March 31, 2023",ADDITION,KFINTECH,,SYMBOL,417,-1,-1,416,NORMAL
PEVT_00594,"March 31, 2023",ADDITION,RUSTOMJEE,,SYMBOL,416,-1,-1,415,NORMAL
PEVT_00593,"March 31, 2023",ADDITION,KENNAMET,,SYMBOL,415,-1,-1,414,NORMAL
PEVT_00592,"March 31, 2023",ADDITION,JINDWORLD,,SYMBOL,414,-1,-1,413,NORMAL
PEVT_00591,"March 31, 2023",ADDITION,INGERRAND,,SYMBOL,413,-1,-1,412,NORMAL
PEVT_00590,"March 31, 2023",ADDITION,MEDANTA,,SYMBOL,412,-1,-1,411,NORMAL
PEVT_00589,"March 31, 2023",ADDITION,FIVESTAR,,SYMBOL,411,-1,-1,410,NORMAL
PEVT_00588,"March 31, 2023",ADDITION,DATAPATTNS,,SYMBOL,410,-1,-1,409,NORMAL
PEVT_00587,"March 31, 2023",ADDITION,CRAFTSMAN,,SYMBOL,409,-1,-1,408,NORMAL
PEVT_00586,"March 31, 2023",ADDITION,BLS,,SYMBOL,408,-1,-1,407,NORMAL
PEVT_00585,"March 31, 2023",ADDITION,BIKAJI,,SYMBOL,407,-1,-1,406,NORMAL
PEVT_00584,"March 31, 2023",ADDITION,ACI,,SYMBOL,406,-1,0,406,ALREADY_ABSENT
PEVT_00583,"March 31, 2023",ADDITION,APARINDS,,SYMBOL,406,-1,-1,405,NORMAL
PEVT_00582,"March 31, 2023",ADDITION,ADANIPOWER,,SYMBOL,405,-1,0,405,ALREADY_ABSENT
PEVT_00581,"March 31, 2023",ADDITION,AARTIIND,,SYMBOL,405,-1,-1,404,NORMAL
PEVT_00580,"March 31, 2023",DELETION,WOCKPHARMA,,SYMBOL,404,1,1,405,NORMAL
PEVT_00579,"March 31, 2023",DELETION,THYROCARE,,SYMBOL,405,1,1,406,NORMAL
PEVT_00578,"March 31, 2023",DELETION,TATACOFFEE,,SYMBOL,406,1,1,407,NORMAL
PEVT_00577,"March 31, 2023",DELETION,SYMPHONY,,SYMBOL,407,1,1,408,NORMAL
PEVT_00576,"March 31, 2023",DELETION,SUDARSCHEM,,SYMBOL,408,1,1,409,NORMAL
PEVT_00575,"March 31, 2023",DELETION,SIS,,SYMBOL,409,1,1,410,NORMAL
PEVT_00574,"March 31, 2023",DELETION,SHILPAMED,,SYMBOL,410,1,1,411,NORMAL
PEVT_00573,"March 31, 2023",DELETION,SFL,,SYMBOL,411,1,1,412,NORMAL
PEVT_00572,"March 31, 2023",DELETION,PGHL,,SYMBOL,412,1,1,413,NORMAL
PEVT_00571,"March 31, 2023",DELETION,PRIVISCL,,SYMBOL,413,1,1,414,NORMAL
PEVT_00570,"March 31, 2023",DELETION,MOIL,,SYMBOL,414,1,1,415,NORMAL
PEVT_00569,"March 31, 2023",DELETION,INDOCO,,SYMBOL,415,1,1,416,NORMAL
PEVT_00568,"March 31, 2023",DELETION,HATSUN,,SYMBOL,416,1,1,417,NORMAL
PEVT_00567,"March 31, 2023",DELETION,DBL,,SYMBOL,417,1,1,418,NORMAL
PEVT_00566,"March 31, 2023",DELETION,DHANI,,SYMBOL,418,1,1,419,NORMAL
PEVT_00565,"March 31, 2023",DELETION,CAPLIPOINT,,SYMBOL,419,1,1,420,NORMAL
PEVT_00564,"March 31, 2023",DELETION,BHARATRAS,,SYMBOL,420,1,1,421,NORMAL
PEVT_00563,"March 31, 2023",DELETION,ASTRAZEN,,SYMBOL,421,1,1,422,NORMAL
PEVT_00562,"March 31, 2023",DELETION,ALOKINDS,,SYMBOL,422,1,1,423,NORMAL
PEVT_00561,"March 31, 2023",DELETION,ABSLAMC,,SYMBOL,423,1,1,424,NORMAL
PEVT_00261,"February 17, 2023",DELETION,PPLPHARMA,,SYMBOL,424,1,0,424,ALREADY_PRESENT
PEVT_00260,"February 17, 2023",DELETION,INOXLEISUR,,SYMBOL,424,1,1,425,NORMAL
PEVT_00038,"September 30, 2022",ADDITION,MANYAVAR,,SYMBOL,425,-1,-1,424,NORMAL
PEVT_00037,"September 30, 2022",ADDITION,TCI,,SYMBOL,424,-1,-1,423,NORMAL
PEVT_00036,"September 30, 2022",ADDITION,TEJASNET,,SYMBOL,423,-1,-1,422,NORMAL
PEVT_00035,"September 30, 2022",ADDITION,SWANENERGY,,SYMBOL,422,-1,0,422,ALREADY_ABSENT
PEVT_00034,"September 30, 2022",ADDITION,SHARDACROP,,SYMBOL,422,-1,-1,421,NORMAL
PEVT_00033,"September 30, 2022",ADDITION,MOTHERSON,,SYMBOL,421,-1,0,421,ALREADY_ABSENT
PEVT_00032,"September 30, 2022",ADDITION,RAYMOND,,SYMBOL,421,-1,0,421,ALREADY_ABSENT
PEVT_00031,"September 30, 2022",ADDITION,PATANJALI,,SYMBOL,421,-1,-1,420,NORMAL
PEVT_00030,"September 30, 2022",ADDITION,OLECTRA,,SYMBOL,420,-1,-1,419,NORMAL
PEVT_00029,"September 30, 2022",ADDITION,NIITLTD,,SYMBOL,419,-1,0,419,ALREADY_ABSENT
PEVT_00028,"September 30, 2022",ADDITION,MSUMI,,SYMBOL,419,-1,-1,418,NORMAL
PEVT_00027,"September 30, 2022",ADDITION,MAHLIFE,,SYMBOL,418,-1,-1,417,NORMAL
PEVT_00026,"September 30, 2022",ADDITION,JBMA,,SYMBOL,417,-1,-1,416,NORMAL
PEVT_00025,"September 30, 2022",ADDITION,GREENPANEL,,SYMBOL,416,-1,-1,415,NORMAL
PEVT_00024,"September 30, 2022",ADDITION,DEEPAKFERT,,SYMBOL,415,-1,0,415,ALREADY_ABSENT
PEVT_00023,"September 30, 2022",ADDITION,BHARATRAS,,SYMBOL,415,-1,-1,414,NORMAL
PEVT_00022,"September 30, 2022",ADDITION,AETHER,,SYMBOL,414,-1,-1,413,NORMAL
PEVT_00021,"September 30, 2022",ADDITION,AWL,,SYMBOL,413,-1,-1,412,NORMAL
PEVT_00020,"September 30, 2022",DELETION,VENKEYS,,SYMBOL,412,1,1,413,NORMAL
PEVT_00019,"September 30, 2022",DELETION,VAKRANGEE,,SYMBOL,413,1,1,414,NORMAL
PEVT_00018,"September 30, 2022",DELETION,UCOBANK,,SYMBOL,414,1,0,414,ALREADY_PRESENT
PEVT_00017,"September 30, 2022",DELETION,TATASTLLP,,SYMBOL,414,1,1,415,NORMAL
PEVT_00016,"September 30, 2022",DELETION,STAR,,SYMBOL,415,1,1,416,NORMAL
PEVT_00015,"September 30, 2022",DELETION,SPICEJET,,SYMBOL,416,1,1,417,NORMAL
PEVT_00014,"September 30, 2022",DELETION,SOLARA,,SYMBOL,417,1,1,418,NORMAL
PEVT_00013,"September 30, 2022",DELETION,SEQUENT,,SYMBOL,418,1,1,419,NORMAL
PEVT_00012,"September 30, 2022",DELETION,RAILTEL,,SYMBOL,419,1,1,420,NORMAL
PEVT_00011,"September 30, 2022",DELETION,NESCO,,SYMBOL,420,1,1,421,NORMAL
PEVT_00010,"September 30, 2022",DELETION,MINDTREE,,SYMBOL,421,1,1,422,NORMAL
PEVT_00009,"September 30, 2022",DELETION,IRCON,,SYMBOL,422,1,1,423,NORMAL
PEVT_00008,"September 30, 2022",DELETION,ICIL,,SYMBOL,423,1,1,424,NORMAL
PEVT_00007,"September 30, 2022",DELETION,HEMIPROP,,SYMBOL,424,1,1,425,NORMAL
PEVT_00006,"September 30, 2022",DELETION,HATHWAY,,SYMBOL,425,1,1,426,NORMAL
PEVT_00005,"September 30, 2022",DELETION,GLS,,SYMBOL,426,1,1,427,NORMAL
PEVT_00004,"September 30, 2022",DELETION,ERIS,,SYMBOL,427,1,0,427,ALREADY_PRESENT
PEVT_00003,"September 30, 2022",DELETION,ADVENZYMES,,SYMBOL,427,1,1,428,NORMAL
PEVT_01015,"August 30, 2022",ADDITION,ZYDUSLIFE,,SYMBOL,428,-1,-1,427,NORMAL
PEVT_01014,"August 30, 2022",ADDITION,ZFCVINDIA,,SYMBOL,427,-1,-1,426,NORMAL
PEVT_01013,"August 30, 2022",ADDITION,ZENSARTECH,,SYMBOL,426,-1,-1,425,NORMAL
PEVT_01012,"August 30, 2022",ADDITION,VIPIND,,SYMBOL,425,-1,-1,424,NORMAL
PEVT_01011,"August 30, 2022",ADDITION,SOBHA,,SYMBOL,424,-1,0,424,ALREADY_ABSENT
PEVT_01010,"August 30, 2022",ADDITION,SHREECEM,,SYMBOL,424,-1,-1,423,NORMAL
PEVT_01009,"August 30, 2022",ADDITION,NUVOCO,,SYMBOL,423,-1,-1,422,NORMAL
PEVT_01008,"August 30, 2022",ADDITION,GPPL,,SYMBOL,422,-1,-1,421,NORMAL
PEVT_01007,"August 30, 2022",ADDITION,CLEAN,,SYMBOL,421,-1,-1,420,NORMAL
PEVT_01006,"August 30, 2022",ADDITION,BORORENEW,,SYMBOL,420,-1,-1,419,NORMAL
PEVT_01005,"August 30, 2022",DELETION,WELCORP,,SYMBOL,419,1,0,419,ALREADY_PRESENT
PEVT_01004,"August 30, 2022",DELETION,SUDARSCHEM,,SYMBOL,419,1,0,419,ALREADY_PRESENT
PEVT_01003,"August 30, 2022",DELETION,ROUTE,,SYMBOL,419,1,1,420,NORMAL
PEVT_01002,"August 30, 2022",DELETION,GODREJAGRO,,SYMBOL,420,1,0,420,ALREADY_PRESENT
PEVT_01001,"August 30, 2022",DELETION,CROMPTON,,SYMBOL,420,1,1,421,NORMAL
PEVT_01000,"August 30, 2022",DELETION,AARTIDRUGS,,SYMBOL,421,1,0,421,ALREADY_PRESENT
PEVT_01225,"August 08, 2022",DELETION,VOLTAS,,SYMBOL,421,1,1,422,NORMAL
PEVT_01224,"August 08, 2022",ADDITION,WIPRO,,SYMBOL,422,-1,-1,421,NORMAL
PEVT_01223,"August 08, 2022",ADDITION,TRIDENT,,SYMBOL,421,-1,0,421,ALREADY_ABSENT
PEVT_01222,"August 08, 2022",ADDITION,TATASTEEL,,SYMBOL,421,-1,-1,420,NORMAL
PEVT_01221,"August 08, 2022",ADDITION,SYNGENE,,SYMBOL,420,-1,-1,419,NORMAL
PEVT_01220,"August 08, 2022",ADDITION,PERSISTENT,,SYMBOL,419,-1,-1,418,NORMAL
PEVT_01219,"August 08, 2022",ADDITION,LAXMIMACH,,SYMBOL,418,-1,-1,417,NORMAL
PEVT_01218,"August 08, 2022",ADDITION,INFIBEAM,,SYMBOL,417,-1,-1,416,NORMAL
PEVT_01217,"August 08, 2022",ADDITION,LALPATHLAB,,SYMBOL,416,-1,-1,415,NORMAL
PEVT_01216,"August 08, 2022",ADDITION,CHEMPLASTS,,SYMBOL,415,-1,-1,414,NORMAL
PEVT_01215,"August 08, 2022",ADDITION,BALAMINES,,SYMBOL,414,-1,-1,413,NORMAL
PEVT_01214,"August 08, 2022",DELETION,TATASTLLP,,SYMBOL,413,1,0,413,ALREADY_PRESENT
PEVT_01213,"August 08, 2022",DELETION,NMDC,,SYMBOL,413,1,1,414,NORMAL
PEVT_01212,"August 08, 2022",DELETION,BRITANNIA,,SYMBOL,414,1,1,415,NORMAL
PEVT_00307,"August 08, 2022",ADDITION,LICI,,SYMBOL,415,-1,-1,414,NORMAL
PEVT_00306,"August 08, 2022",ADDITION,DELHIVERY,,SYMBOL,414,-1,-1,413,NORMAL
PEVT_00305,"August 08, 2022",ADDITION,CAMPUS,,SYMBOL,413,-1,-1,412,NORMAL
PEVT_00304,"August 08, 2022",DELETION,SHRIRAMCIT,,SYMBOL,412,1,1,413,NORMAL
PEVT_00303,"August 08, 2022",DELETION,PEL,,SYMBOL,413,1,1,414,NORMAL
PEVT_00302,"August 08, 2022",DELETION,NMDC,,SYMBOL,414,1,0,414,ALREADY_PRESENT
PEVT_00496,"June 30, 2022",ADDITION,SRTRANSFIN,,SYMBOL,414,-1,0,414,ALREADY_ABSENT
PEVT_00495,"June 30, 2022",ADDITION,RBLBANK,,SYMBOL,414,-1,-1,413,NORMAL
PEVT_00494,"June 30, 2022",ADDITION,PFIZER,,SYMBOL,413,-1,-1,412,NORMAL
PEVT_00493,"June 30, 2022",ADDITION,MANAPPURAM,,SYMBOL,412,-1,-1,411,NORMAL
PEVT_00492,"June 30, 2022",ADDITION,MGL,,SYMBOL,411,-1,-1,410,NORMAL
PEVT_00491,"June 30, 2022",ADDITION,AUROPHARMA,,SYMBOL,410,-1,-1,409,NORMAL
PEVT_00490,"June 30, 2022",DELETION,UJJIVAN,,SYMBOL,409,1,1,410,NORMAL
PEVT_00489,"June 30, 2022",DELETION,JMFINANCIL,,SYMBOL,410,1,0,410,ALREADY_PRESENT
PEVT_00488,"June 30, 2022",DELETION,IRB,,SYMBOL,410,1,0,410,ALREADY_PRESENT
PEVT_00487,"June 30, 2022",DELETION,GNFC,,SYMBOL,410,1,0,410,ALREADY_PRESENT
PEVT_00486,"June 30, 2022",DELETION,GESHIP,,SYMBOL,410,1,0,410,ALREADY_PRESENT
PEVT_00485,"June 30, 2022",DELETION,EQUITAS,,SYMBOL,410,1,1,411,NORMAL
PEVT_01190,"May 31, 2022",DELETION,TRIVENI,,SYMBOL,411,1,0,411,ALREADY_PRESENT
PEVT_01189,"May 31, 2022",DELETION,JSLHISAR,,SYMBOL,411,1,1,412,NORMAL
PEVT_00050,"May 04, 2022",DELETION,GMRINFRA,,SYMBOL,412,1,1,413,NORMAL
PEVT_00049,"May 04, 2022",DELETION,AARTIIND,,SYMBOL,413,1,1,414,NORMAL
PEVT_00052,"April 12, 2022",DELETION,CGCL,,SYMBOL,414,1,0,414,ALREADY_PRESENT
PEVT_00051,"April 12, 2022",DELETION,BEML,,SYMBOL,414,1,0,414,ALREADY_PRESENT
PEVT_00071,"April 07, 2022",DELETION,MTARTECH,,SYMBOL,414,1,0,414,ALREADY_PRESENT
PEVT_00070,"April 07, 2022",DELETION,SUPPETRO,,SYMBOL,414,1,1,415,NORMAL
PEVT_01186,"March
31, 2022",ADDITION,ZOMATO,,SYMBOL,415,-1,0,415,ALREADY_ABSENT
PEVT_01185,"March
31, 2022",ADDITION,VIJAYA,,SYMBOL,415,-1,-1,414,NORMAL
PEVT_01184,"March
31, 2022",ADDITION,TATAINVEST,,SYMBOL,414,-1,-1,413,NORMAL
PEVT_01183,"March
31, 2022",ADDITION,STARHEALTH,,SYMBOL,413,-1,-1,412,NORMAL
PEVT_01182,"March
31, 2022",ADDITION,SHYAMMETL,,SYMBOL,412,-1,-1,411,NORMAL
PEVT_01181,"March
31, 2022",ADDITION,RENUKA,,SYMBOL,411,-1,-1,410,NORMAL
PEVT_01180,"March
31, 2022",ADDITION,SAREGAMA,,SYMBOL,410,-1,0,410,ALREADY_ABSENT
PEVT_01179,"March
31, 2022",ADDITION,SAPPHIRE,,SYMBOL,410,-1,-1,409,NORMAL
PEVT_01178,"March
31, 2022",ADDITION,RTNINDIA,,SYMBOL,409,-1,-1,408,NORMAL
PEVT_01177,"March
31, 2022",ADDITION,PRIVISCL,,SYMBOL,408,-1,-1,407,NORMAL
PEVT_01176,"March
31, 2022",ADDITION,POLICYBZR,,SYMBOL,407,-1,0,407,ALREADY_ABSENT
PEVT_01175,"March
31, 2022",ADDITION,PAYTM,,SYMBOL,407,-1,-1,406,NORMAL
PEVT_01174,"March
31, 2022",ADDITION,NUVOCO,,SYMBOL,406,-1,0,406,ALREADY_ABSENT
PEVT_01173,"March
31, 2022",ADDITION,METROBRAND,,SYMBOL,406,-1,0,406,ALREADY_ABSENT
PEVT_01172,"March
31, 2022",ADDITION,MEDPLUS,,SYMBOL,406,-1,0,406,ALREADY_ABSENT
PEVT_01171,"March
31, 2022",ADDITION,LATENTVIEW,,SYMBOL,406,-1,-1,405,NORMAL
PEVT_01170,"March
31, 2022",ADDITION,KIMS,,SYMBOL,405,-1,-1,404,NORMAL
PEVT_01169,"March
31, 2022",ADDITION,HLEGLAS,,SYMBOL,404,-1,-1,403,NORMAL
PEVT_01168,"March
31, 2022",ADDITION,GOCOLORS,,SYMBOL,403,-1,-1,402,NORMAL
PEVT_01167,"March
31, 2022",ADDITION,GLS,,SYMBOL,402,-1,-1,401,NORMAL
PEVT_01166,"March
31, 2022",ADDITION,GRINFRA,,SYMBOL,401,-1,-1,400,NORMAL
PEVT_01165,"March
31, 2022",ADDITION,NYKAA,,SYMBOL,400,-1,0,400,ALREADY_ABSENT
PEVT_01164,"March
31, 2022",ADDITION,EASEMYTRIP,,SYMBOL,400,-1,-1,399,NORMAL
PEVT_01163,"March
31, 2022",ADDITION,DEVYANI,,SYMBOL,399,-1,-1,398,NORMAL
PEVT_01162,"March
31, 2022",ADDITION,CLEAN,,SYMBOL,398,-1,0,398,ALREADY_ABSENT
PEVT_01161,"March
31, 2022",ADDITION,CHEMPLASTS,,SYMBOL,398,-1,0,398,ALREADY_ABSENT
PEVT_01160,"March
31, 2022",ADDITION,MAPMYINDIA,,SYMBOL,398,-1,-1,397,NORMAL
PEVT_01159,"March
31, 2022",ADDITION,BCG,,SYMBOL,397,-1,-1,396,NORMAL
PEVT_01158,"March
31, 2022",ADDITION,BORORENEW,,SYMBOL,396,-1,0,396,ALREADY_ABSENT
PEVT_01157,"March
31, 2022",ADDITION,APTUS,,SYMBOL,396,-1,-1,395,NORMAL
PEVT_01156,"March
31, 2022",ADDITION,ALLCARGO,,SYMBOL,395,-1,0,395,ALREADY_ABSENT
PEVT_01155,"March
31, 2022",ADDITION,ABSLAMC,,SYMBOL,395,-1,-1,394,NORMAL
PEVT_01154,"March
31, 2022",DELETION,VALIANTORG,,SYMBOL,394,1,1,395,NORMAL
PEVT_01153,"March
31, 2022",DELETION,UJJIVANSFB,,SYMBOL,395,1,1,396,NORMAL
PEVT_01152,"March
31, 2022",DELETION,UJJIVAN,,SYMBOL,396,1,0,396,ALREADY_PRESENT
PEVT_01151,"March
31, 2022",DELETION,TASTYBITE,,SYMBOL,396,1,1,397,NORMAL
PEVT_01150,"March
31, 2022",DELETION,STARCEMENT,,SYMBOL,397,1,1,398,NORMAL
PEVT_01149,"March
31, 2022",DELETION,SPANDANA,,SYMBOL,398,1,1,399,NORMAL
PEVT_01148,"March
31, 2022",DELETION,SHARDACROP,,SYMBOL,399,1,1,400,NORMAL
PEVT_01147,"March
31, 2022",DELETION,SCHNEIDER,,SYMBOL,400,1,1,401,NORMAL
PEVT_01146,"March
31, 2022",DELETION,NILKAMAL,,SYMBOL,401,1,1,402,NORMAL
PEVT_01145,"March
31, 2022",DELETION,NFL,,SYMBOL,402,1,1,403,NORMAL
PEVT_01144,"March
31, 2022",DELETION,MIDHANI,,SYMBOL,403,1,1,404,NORMAL
PEVT_01143,"March
31, 2022",DELETION,MINDACORP,,SYMBOL,404,1,1,405,NORMAL
PEVT_01142,"March
31, 2022",DELETION,LEMONTREE,,SYMBOL,405,1,0,405,ALREADY_PRESENT
PEVT_01141,"March
31, 2022",DELETION,LAOPALA,,SYMBOL,405,1,1,406,NORMAL
PEVT_01140,"March
31, 2022",DELETION,KSB,,SYMBOL,406,1,1,407,NORMAL
PEVT_01139,"March
31, 2022",DELETION,KSCL,,SYMBOL,407,1,1,408,NORMAL
PEVT_01138,"March
31, 2022",DELETION,JCHAC,,SYMBOL,408,1,1,409,NORMAL
PEVT_01137,"March
31, 2022",DELETION,JKTYRE,,SYMBOL,409,1,1,410,NORMAL
PEVT_01136,"March
31, 2022",DELETION,JINDALSAW,,SYMBOL,410,1,1,411,NORMAL
PEVT_01135,"March
31, 2022",DELETION,IOLCP,,SYMBOL,411,1,1,412,NORMAL
PEVT_01134,"March
31, 2022",DELETION,INGERRAND,,SYMBOL,412,1,1,413,NORMAL
PEVT_01133,"March
31, 2022",DELETION,HEIDELBERG,,SYMBOL,413,1,1,414,NORMAL
PEVT_01132,"March
31, 2022",DELETION,GREAVESCOT,,SYMBOL,414,1,1,415,NORMAL
PEVT_01131,"March
31, 2022",DELETION,GILLETTE,,SYMBOL,415,1,1,416,NORMAL
PEVT_01130,"March
31, 2022",DELETION,FRETAIL,,SYMBOL,416,1,1,417,NORMAL
PEVT_01129,"March
31, 2022",DELETION,DHANUKA,,SYMBOL,417,1,1,418,NORMAL
PEVT_01128,"March
31, 2022",DELETION,DCBBANK,,SYMBOL,418,1,1,419,NORMAL
PEVT_01127,"March
31, 2022",DELETION,CGCL,,SYMBOL,419,1,0,419,ALREADY_PRESENT
PEVT_01126,"March
31, 2022",DELETION,BHARATRAS,,SYMBOL,419,1,1,420,NORMAL
PEVT_01125,"March
31, 2022",DELETION,BAJAJCON,,SYMBOL,420,1,1,421,NORMAL
PEVT_01124,"March
31, 2022",DELETION,ASHOKA,,SYMBOL,421,1,1,422,NORMAL
PEVT_01123,"March
31, 2022",DELETION,ALEMBICLTD,,SYMBOL,422,1,1,423,NORMAL
PEVT_00257,"December 31, 2021",DELETION,TATACONSUM,,SYMBOL,423,1,0,423,ALREADY_PRESENT
PEVT_00256,"December 31, 2021",DELETION,PFIZER,,SYMBOL,423,1,1,424,NORMAL
PEVT_00255,"December 31, 2021",ADDITION,TATACHEM,,SYMBOL,424,-1,0,424,ALREADY_ABSENT
PEVT_00254,"December 31, 2021",ADDITION,NATIONALUM,,SYMBOL,424,-1,0,424,ALREADY_ABSENT
PEVT_00253,"December 31, 2021",ADDITION,IBREALEST,,SYMBOL,424,-1,-1,423,NORMAL
PEVT_00252,"December 31, 2021",ADDITION,HINDCOPPER,,SYMBOL,423,-1,0,423,ALREADY_ABSENT
PEVT_00251,"December 31, 2021",DELETION,NCC,,SYMBOL,423,1,0,423,ALREADY_PRESENT
PEVT_00250,"December 31, 2021",DELETION,ESCORTS,,SYMBOL,423,1,0,423,ALREADY_PRESENT
PEVT_00249,"December 31, 2021",DELETION,BPCL,,SYMBOL,423,1,1,424,NORMAL
PEVT_00248,"December 31, 2021",ADDITION,RADICO,,SYMBOL,424,-1,0,424,ALREADY_ABSENT
PEVT_00247,"December 31, 2021",ADDITION,LINDEINDIA,,SYMBOL,424,-1,-1,423,NORMAL
PEVT_00246,"December 31, 2021",ADDITION,KEI,,SYMBOL,423,-1,-1,422,NORMAL
PEVT_00245,"December 31, 2021",ADDITION,IRCTC,,SYMBOL,422,-1,-1,421,NORMAL
PEVT_00244,"December 31, 2021",ADDITION,HAPPSTMNDS,,SYMBOL,421,-1,-1,420,NORMAL
PEVT_00243,"December 31, 2021",ADDITION,CAMS,,SYMBOL,420,-1,-1,419,NORMAL
PEVT_00242,"December 31, 2021",ADDITION,BSE,,SYMBOL,419,-1,-1,418,NORMAL
PEVT_00241,"December 31, 2021",ADDITION,ANGELONE,,SYMBOL,418,-1,-1,417,NORMAL
PEVT_00240,"December 31, 2021",DELETION,NAVINFLUOR,,SYMBOL,417,1,0,417,ALREADY_PRESENT
PEVT_00239,"December 31, 2021",DELETION,JUBLFOOD,,SYMBOL,417,1,0,417,ALREADY_PRESENT
PEVT_00238,"December 31, 2021",DELETION,INTELLECT,,SYMBOL,417,1,0,417,ALREADY_PRESENT
PEVT_00237,"December 31, 2021",DELETION,INDIAMART,,SYMBOL,417,1,0,417,ALREADY_PRESENT
PEVT_00236,"December 31, 2021",DELETION,DIVISLAB,,SYMBOL,417,1,0,417,ALREADY_PRESENT
PEVT_00235,"December 31, 2021",DELETION,BALRAMCHIN,,SYMBOL,417,1,0,417,ALREADY_PRESENT
PEVT_00234,"December 31, 2021",DELETION,ADANIGREEN,,SYMBOL,417,1,0,417,ALREADY_PRESENT
PEVT_00233,"December 31, 2021",ADDITION,VEDL,,SYMBOL,417,-1,-1,416,NORMAL
PEVT_00232,"December 31, 2021",ADDITION,UNIONBANK,,SYMBOL,416,-1,-1,415,NORMAL
PEVT_00231,"December 31, 2021",ADDITION,REDINGTON,,SYMBOL,415,-1,-1,414,NORMAL
PEVT_00230,"December 31, 2021",ADDITION,POWERGRID,,SYMBOL,414,-1,-1,413,NORMAL
PEVT_00229,"December 31, 2021",ADDITION,POLYPLEX,,SYMBOL,413,-1,-1,412,NORMAL
PEVT_00228,"December 31, 2021",ADDITION,PETRONET,,SYMBOL,412,-1,-1,411,NORMAL
PEVT_00227,"December 31, 2021",ADDITION,JMFINANCIL,,SYMBOL,411,-1,-1,410,NORMAL
PEVT_00226,"December 31, 2021",ADDITION,ITC,,SYMBOL,410,-1,-1,409,NORMAL
PEVT_00225,"December 31, 2021",ADDITION,INDUSTOWER,,SYMBOL,409,-1,0,409,ALREADY_ABSENT
PEVT_00224,"December 31, 2021",ADDITION,IRFC,,SYMBOL,409,-1,-1,408,NORMAL
PEVT_00223,"December 31, 2021",ADDITION,INDIANB,,SYMBOL,408,-1,-1,407,NORMAL
PEVT_00222,"December 31, 2021",ADDITION,HINDZINC,,SYMBOL,407,-1,0,407,ALREADY_ABSENT
PEVT_00221,"December 31, 2021",ADDITION,EQUITAS,,SYMBOL,407,-1,-1,406,NORMAL
PEVT_00220,"December 31, 2021",ADDITION,EDELWEISS,,SYMBOL,406,-1,0,406,ALREADY_ABSENT
PEVT_00219,"December 31, 2021",DELETION,WELCORP,,SYMBOL,406,1,0,406,ALREADY_PRESENT
PEVT_00218,"December 31, 2021",DELETION,TATAPOWER,,SYMBOL,406,1,1,407,NORMAL
PEVT_00217,"December 31, 2021",DELETION,TATAMOTORS,,SYMBOL,407,1,0,407,ALREADY_PRESENT
PEVT_00216,"December 31, 2021",DELETION,TATACHEM,,SYMBOL,407,1,1,408,NORMAL
PEVT_00215,"December 31, 2021",DELETION,SCI,,SYMBOL,408,1,1,409,NORMAL
PEVT_00214,"December 31, 2021",DELETION,IDFC,,SYMBOL,409,1,0,409,ALREADY_PRESENT
PEVT_00213,"December 31, 2021",DELETION,HEG,,SYMBOL,409,1,0,409,ALREADY_PRESENT
PEVT_00212,"December 31, 2021",DELETION,GRAPHITE,,SYMBOL,409,1,0,409,ALREADY_PRESENT
PEVT_00211,"December 31, 2021",DELETION,FRETAIL,,SYMBOL,409,1,0,409,ALREADY_PRESENT
PEVT_00210,"December 31, 2021",DELETION,FSL,,SYMBOL,409,1,1,410,NORMAL
PEVT_00209,"December 31, 2021",DELETION,ENGINERSIN,,SYMBOL,410,1,0,410,ALREADY_PRESENT
PEVT_00208,"December 31, 2021",DELETION,DCBBANK,,SYMBOL,410,1,0,410,ALREADY_PRESENT
PEVT_00207,"December 31, 2021",DELETION,BSE,,SYMBOL,410,1,1,411,NORMAL
PEVT_00206,"December 31, 2021",DELETION,BHEL,,SYMBOL,411,1,0,411,ALREADY_PRESENT
PEVT_00484,"June 30, 2021",DELETION,GLAND,,SYMBOL,411,1,0,411,ALREADY_PRESENT
PEVT_00483,"June 30, 2021",DELETION,MOTHERSUMI,,SYMBOL,411,1,1,412,NORMAL
PEVT_00780,"April 29, 2021",DELETION,INFIBEAM,,SYMBOL,412,1,1,413,NORMAL
PEVT_00779,"April 29, 2021",DELETION,BURGERKING,,SYMBOL,413,1,1,414,NORMAL
PEVT_00778,"April 29, 2021",DELETION,TATASTLBSL,,SYMBOL,414,1,1,415,NORMAL
PEVT_00777,"April 29, 2021",DELETION,GHCL,,SYMBOL,415,1,1,416,NORMAL
PEVT_00343,"January 1, 2021",DELETION,PAGEIND,,SYMBOL,416,1,0,416,ALREADY_PRESENT
PEVT_00342,"January 1, 2021",DELETION,KOTAKBANK,,SYMBOL,416,1,0,416,ALREADY_PRESENT
PEVT_00341,"January 1, 2021",DELETION,VEDL,,SYMBOL,416,1,1,417,NORMAL
PEVT_00340,"January 1, 2021",DELETION,GRASIM,,SYMBOL,417,1,0,417,ALREADY_PRESENT
PEVT_00339,"January 1, 2021",DELETION,HINDPETRO,,SYMBOL,417,1,0,417,ALREADY_PRESENT
PEVT_00338,"January 1, 2021",DELETION,EQUITAS,,SYMBOL,417,1,1,418,NORMAL
PEVT_00337,"January 1, 2021",ADDITION,GMMPFAUDLR,,SYMBOL,418,-1,-1,417,NORMAL
PEVT_00336,"January 1, 2021",ADDITION,BSOFT,,SYMBOL,417,-1,-1,416,NORMAL
PEVT_00335,"January 1, 2021",ADDITION,AMBER,,SYMBOL,416,-1,0,416,ALREADY_ABSENT
PEVT_00334,"January 1, 2021",ADDITION,ADANIGAS,,SYMBOL,416,-1,0,416,ALREADY_ABSENT
PEVT_00333,"January 1, 2021",DELETION,WHIRLPOOL,,SYMBOL,416,1,0,416,ALREADY_PRESENT
PEVT_00332,"January 1, 2021",DELETION,MANAPPURAM,,SYMBOL,416,1,1,417,NORMAL
PEVT_00331,"January 1, 2021",DELETION,IGL,,SYMBOL,417,1,0,417,ALREADY_PRESENT
PEVT_00330,"January 1, 2021",DELETION,BHARTIARTL,,SYMBOL,417,1,0,417,ALREADY_PRESENT
PEVT_00329,"January 1, 2021",ADDITION,WELCORP,,SYMBOL,417,-1,-1,416,NORMAL
PEVT_00328,"January 1, 2021",ADDITION,TATAMOTORS,,SYMBOL,416,-1,-1,415,NORMAL
PEVT_00327,"January 1, 2021",ADDITION,TATACHEM,,SYMBOL,415,-1,-1,414,NORMAL
PEVT_00326,"January 1, 2021",ADDITION,PNB,,SYMBOL,414,-1,0,414,ALREADY_ABSENT
PEVT_00325,"January 1, 2021",ADDITION,LICHSGFIN,,SYMBOL,414,-1,-1,413,NORMAL
PEVT_00324,"January 1, 2021",ADDITION,GESHIP,,SYMBOL,413,-1,-1,412,NORMAL
PEVT_00323,"January 1, 2021",ADDITION,GAIL,,SYMBOL,412,-1,-1,411,NORMAL
PEVT_00322,"January 1, 2021",ADDITION,FRETAIL,,SYMBOL,411,-1,-1,410,NORMAL
PEVT_00321,"January 1, 2021",ADDITION,FEDERALBNK,,SYMBOL,410,-1,-1,409,NORMAL
PEVT_00320,"January 1, 2021",ADDITION,BANKINDIA,,SYMBOL,409,-1,-1,408,NORMAL
PEVT_00319,"January 1, 2021",ADDITION,BANKBARODA,,SYMBOL,408,-1,-1,407,NORMAL
PEVT_00318,"January 1, 2021",DELETION,SJVN,,SYMBOL,407,1,0,407,ALREADY_PRESENT
PEVT_00317,"January 1, 2021",DELETION,RAJESHEXPO,,SYMBOL,407,1,0,407,ALREADY_PRESENT
PEVT_00316,"January 1, 2021",DELETION,NLCINDIA,,SYMBOL,407,1,0,407,ALREADY_PRESENT
PEVT_00315,"January 1, 2021",DELETION,IBREALEST,,SYMBOL,407,1,1,408,NORMAL
PEVT_00314,"January 1, 2021",DELETION,IIFL,,SYMBOL,408,1,0,408,ALREADY_PRESENT
PEVT_00313,"January 1, 2021",DELETION,HINDZINC,,SYMBOL,408,1,1,409,NORMAL
PEVT_00312,"January 1, 2021",DELETION,GHCL,,SYMBOL,409,1,0,409,ALREADY_PRESENT
PEVT_00311,"January 1, 2021",DELETION,EDELWEISS,,SYMBOL,409,1,1,410,NORMAL
PEVT_00310,"January 1, 2021",DELETION,DCMSHRIRAM,,SYMBOL,410,1,0,410,ALREADY_PRESENT
PEVT_00309,"January 1, 2021",DELETION,CARERATING,,SYMBOL,410,1,1,411,NORMAL
PEVT_00308,"January 1, 2021",DELETION,ASHOKLEY,,SYMBOL,411,1,0,411,ALREADY_PRESENT
PEVT_00672,"November 25, 2020",DELETION,MAHINDCIE,,SYMBOL,411,1,1,412,NORMAL
PEVT_00671,"November 25, 2020",DELETION,INFIBEAM,,SYMBOL,412,1,0,412,ALREADY_PRESENT
PEVT_01227,"November 02, 2020",DELETION,NETWORK18,,SYMBOL,412,1,0,412,ALREADY_PRESENT
PEVT_01226,"November 02, 2020",DELETION,ALLCARGO,,SYMBOL,412,1,1,413,NORMAL
PEVT_00159,"September 14, 2020",DELETION,JTEKTINDIA,,SYMBOL,413,1,1,414,NORMAL
PEVT_00158,"September 14, 2020",DELETION,ASAHIINDIA,,SYMBOL,414,1,0,414,ALREADY_PRESENT
PEVT_00040,"July 31, 2020",DELETION,SBICARD,,SYMBOL,414,1,0,414,ALREADY_PRESENT
PEVT_00039,"July 31, 2020",DELETION,VEDL,,SYMBOL,414,1,0,414,ALREADY_PRESENT
PEVT_00999,"March 27, 2020",DELETION,FLUOROCHEM,,SYMBOL,414,1,0,414,ALREADY_PRESENT
PEVT_00998,"March 27, 2020",DELETION,GAYAPROJ,,SYMBOL,414,1,1,415,NORMAL
PEVT_00425,"March 27, 2020",DELETION,SHILPAMED,,SYMBOL,415,1,0,415,ALREADY_PRESENT
PEVT_00424,"March 27, 2020",DELETION,GAYAPROJ,,SYMBOL,415,1,0,415,ALREADY_PRESENT
PEVT_00259,"January 16, 2020",DELETION,TATASTLBSL,,SYMBOL,415,1,0,415,ALREADY_PRESENT
PEVT_00258,"January 16, 2020",DELETION,SUVEN,,SYMBOL,415,1,1,416,NORMAL
PEVT_00690,"December 27, 2019",DELETION,TASTYBITE,,SYMBOL,416,1,0,416,ALREADY_PRESENT
PEVT_00689,"December 27, 2019",DELETION,KENNAMET,,SYMBOL,416,1,1,417,NORMAL
PEVT_00688,"December 27, 2019",DELETION,HATHWAY,,SYMBOL,417,1,0,417,ALREADY_PRESENT
PEVT_00687,"December 27, 2019",DELETION,DEN,,SYMBOL,417,1,1,418,NORMAL
PEVT_00678,"December 26, 2019",ADDITION,RESPONIND,,SYMBOL,418,-1,0,418,ALREADY_ABSENT
PEVT_00677,"December 26, 2019",ADDITION,MIDHANI,,SYMBOL,418,-1,-1,417,NORMAL
PEVT_00676,"December 26, 2019",ADDITION,AFFLE,,SYMBOL,417,-1,0,417,ALREADY_ABSENT
PEVT_00675,"December 26, 2019",DELETION,COX&KINGS,,SYMBOL,417,1,1,418,NORMAL
PEVT_00674,"December 26, 2019",DELETION,COFFEEDAY,,SYMBOL,418,1,1,419,NORMAL
PEVT_00673,"December 26, 2019",DELETION,CGPOWER,,SYMBOL,419,1,0,419,ALREADY_PRESENT
PEVT_00648,"September 27, 2019",DELETION,IIFL,,SYMBOL,419,1,0,419,ALREADY_PRESENT
PEVT_00647,"September 27, 2019",DELETION,THOMASCOOK,,SYMBOL,419,1,1,420,NORMAL
PEVT_01305,"September 28, 2018",DELETION,SHILPAMED,,SYMBOL,420,1,0,420,ALREADY_PRESENT
PEVT_01304,"September 28, 2018",DELETION,KPIT,,SYMBOL,420,1,1,421,NORMAL
PEVT_00054,"April 02, 2018",DELETION,ERIS,,SYMBOL,421,1,0,421,ALREADY_PRESENT
PEVT_00053,"April 02, 2018",DELETION,VIDEOIND,,SYMBOL,421,1,1,422,NORMAL
PEVT_01303,"September 29, 2017",DELETION,MFSL,,SYMBOL,422,1,0,422,ALREADY_PRESENT
PEVT_01302,"September 29, 2017",DELETION,RELCAPITAL,,SYMBOL,422,1,1,423,NORMAL
PEVT_01233,"May 26, 2017",ADDITION,VBL,,SYMBOL,423,-1,0,423,ALREADY_ABSENT
PEVT_01232,"May 26, 2017",ADDITION,PNBHOUSING,,SYMBOL,423,-1,-1,422,NORMAL
PEVT_01231,"May 26, 2017",ADDITION,LAURUSLABS,,SYMBOL,422,-1,-1,421,NORMAL
PEVT_01230,"May 26, 2017",DELETION,TUBEINVEST,,SYMBOL,421,1,1,422,NORMAL
PEVT_01229,"May 26, 2017",DELETION,GRASIM,,SYMBOL,422,1,0,422,ALREADY_PRESENT
PEVT_01228,"May 26, 2017",DELETION,ABIRLANUVO,,SYMBOL,422,1,1,423,NORMAL
PEVT_00095,"March 31, 2017",ADDITION,MGL,,SYMBOL,423,-1,0,423,ALREADY_ABSENT
PEVT_00094,"March 31, 2017",ADDITION,MAXINDIA,,SYMBOL,423,-1,0,423,ALREADY_ABSENT
PEVT_00093,"March 31, 2017",ADDITION,FRETAIL,,SYMBOL,423,-1,0,423,ALREADY_ABSENT
PEVT_00092,"March 31, 2017",DELETION,SBT,,SYMBOL,423,1,1,424,NORMAL
PEVT_00091,"March 31, 2017",DELETION,MYSOREBANK,,SYMBOL,424,1,1,425,NORMAL
PEVT_00090,"March 31, 2017",DELETION,SBBJ,,SYMBOL,425,1,1,426,NORMAL
PEVT_00935,,ADDITION,VEDL,,SYMBOL,426,-1,-1,425,NORMAL
PEVT_00934,,ADDITION,VALIANTORG,,SYMBOL,425,-1,-1,424,NORMAL
PEVT_00933,,ADDITION,UTIAMC,,SYMBOL,424,-1,-1,423,NORMAL
PEVT_00932,,ADDITION,TRITURBINE,,SYMBOL,423,-1,-1,422,NORMAL
PEVT_00931,,ADDITION,TANLA,,SYMBOL,422,-1,-1,421,NORMAL
PEVT_00930,,ADDITION,SUNCLAYLTD,,SYMBOL,421,-1,0,421,ALREADY_ABSENT
PEVT_00929,,ADDITION,SPANDANA,,SYMBOL,421,-1,-1,420,NORMAL
PEVT_00928,,ADDITION,SHARDACROP,,SYMBOL,420,-1,-1,419,NORMAL
PEVT_00927,,ADDITION,ROUTE,,SYMBOL,419,-1,-1,418,NORMAL
PEVT_00926,,ADDITION,ROSSARI,,SYMBOL,418,-1,-1,417,NORMAL
PEVT_00925,,ADDITION,RESPONIND,,SYMBOL,417,-1,0,417,ALREADY_ABSENT
PEVT_00924,,ADDITION,PRINCEPIPE,,SYMBOL,417,-1,-1,416,NORMAL
PEVT_00923,,ADDITION,MAZDOCK,,SYMBOL,416,-1,-1,415,NORMAL
PEVT_00922,,ADDITION,MAXHEALTH,,SYMBOL,415,-1,0,415,ALREADY_ABSENT
PEVT_00921,,ADDITION,KPITTECH,,SYMBOL,415,-1,-1,414,NORMAL
PEVT_00920,,ADDITION,KPRMILL,,SYMBOL,414,-1,-1,413,NORMAL
PEVT_00919,,ADDITION,INTELLECT,,SYMBOL,413,-1,-1,412,NORMAL
PEVT_00918,,ADDITION,ICIL,,SYMBOL,412,-1,-1,411,NORMAL
PEVT_00917,,ADDITION,HEMIPROP,,SYMBOL,411,-1,-1,410,NORMAL
PEVT_00916,,ADDITION,HAPPSTMNDS,,SYMBOL,410,-1,0,410,ALREADY_ABSENT
PEVT_00915,,ADDITION,CAMS,,SYMBOL,410,-1,0,410,ALREADY_ABSENT
PEVT_00914,,ADDITION,BALAMINES,,SYMBOL,410,-1,0,410,ALREADY_ABSENT
PEVT_00913,,ADDITION,ASAHIINDIA,,SYMBOL,410,-1,-1,409,NORMAL
PEVT_00912,,ADDITION,ANGELBRKG,,SYMBOL,409,-1,0,409,ALREADY_ABSENT
PEVT_00911,,DELETION,VRLLOG,,SYMBOL,409,1,1,410,NORMAL
PEVT_00910,,DELETION,TVTODAY,,SYMBOL,410,1,1,411,NORMAL
PEVT_00909,,DELETION,SWARAJENG,,SYMBOL,411,1,1,412,NORMAL
PEVT_00908,,DELETION,SOUTHBANK,,SYMBOL,412,1,1,413,NORMAL
PEVT_00907,,DELETION,PTC,,SYMBOL,413,1,1,414,NORMAL
PEVT_00906,,DELETION,PSPPROJECT,,SYMBOL,414,1,1,415,NORMAL
PEVT_00905,,DELETION,PRAJIND,,SYMBOL,415,1,1,416,NORMAL
PEVT_00904,,DELETION,ORIENTCEM,,SYMBOL,416,1,1,417,NORMAL
PEVT_00903,,DELETION,OMAXE,,SYMBOL,417,1,1,418,NORMAL
PEVT_00902,,DELETION,NAVNETEDUL,,SYMBOL,418,1,1,419,NORMAL
PEVT_00901,,DELETION,KOLTEPATIL,,SYMBOL,419,1,1,420,NORMAL
PEVT_00900,,DELETION,KTKBANK,,SYMBOL,420,1,1,421,NORMAL
PEVT_00899,,DELETION,J&KBANK,,SYMBOL,421,1,1,422,NORMAL
PEVT_00898,,DELETION,JAICORPLTD,,SYMBOL,422,1,1,423,NORMAL
PEVT_00897,,DELETION,JAGRAN,,SYMBOL,423,1,1,424,NORMAL
PEVT_00896,,DELETION,ICRA,,SYMBOL,424,1,1,425,NORMAL
PEVT_00895,,DELETION,HERITGFOOD,,SYMBOL,425,1,1,426,NORMAL
PEVT_00894,,DELETION,HATHWAY,,SYMBOL,426,1,0,426,ALREADY_PRESENT
PEVT_00893,,DELETION,GMDCLTD,,SYMBOL,426,1,1,427,NORMAL
PEVT_00892,,DELETION,ESABINDIA,,SYMBOL,427,1,1,428,NORMAL
PEVT_00891,,DELETION,DBCORP,,SYMBOL,428,1,1,429,NORMAL
PEVT_00890,,DELETION,CHENNPETRO,,SYMBOL,429,1,1,430,NORMAL
PEVT_00889,,DELETION,CARERATING,,SYMBOL,430,1,0,430,ALREADY_PRESENT
PEVT_00888,,DELETION,BOMDYEING,,SYMBOL,430,1,1,431,NORMAL
PEVT_00887,,DELETION,RAINBOW,,SYMBOL,431,1,0,431,ALREADY_PRESENT
PEVT_00886,,DELETION,SAREGAMA,,SYMBOL,431,1,1,432,NORMAL
PEVT_00883,,DELETION,SONACOMS,,SYMBOL,432,1,0,432,ALREADY_PRESENT
PEVT_00882,,DELETION,GMRINFRA,,SYMBOL,432,1,0,432,ALREADY_PRESENT
PEVT_00712,,ADDITION,PPLPHARMA,,SYMBOL,432,-1,-1,431,NORMAL
PEVT_00711,,ADDITION,SWSOLAR,,SYMBOL,431,-1,-1,430,NORMAL
PEVT_00710,,ADDITION,SAIL,,SYMBOL,430,-1,-1,429,NORMAL
PEVT_00709,,ADDITION,SCI,,SYMBOL,429,-1,-1,428,NORMAL
PEVT_00708,,ADDITION,RAJESHEXPO,,SYMBOL,428,-1,-1,427,NORMAL
PEVT_00707,,ADDITION,POLYMED,,SYMBOL,427,-1,0,427,ALREADY_ABSENT
PEVT_00706,,ADDITION,OLECTRA,,SYMBOL,427,-1,0,427,ALREADY_ABSENT
PEVT_00705,,ADDITION,OIL,,SYMBOL,427,-1,0,427,ALREADY_ABSENT
PEVT_00704,,ADDITION,NATCOPHARM,,SYMBOL,427,-1,0,427,ALREADY_ABSENT
PEVT_00703,,ADDITION,JINDALSTEL,,SYMBOL,427,-1,-1,426,NORMAL
PEVT_00702,,ADDITION,JSL,,SYMBOL,426,-1,0,426,ALREADY_ABSENT
PEVT_00701,,ADDITION,IGL,,SYMBOL,426,-1,-1,425,NORMAL
PEVT_00700,,ADDITION,HINDCOPPER,,SYMBOL,425,-1,0,425,ALREADY_ABSENT
PEVT_00699,,ADDITION,FLUOROCHEM,,SYMBOL,425,-1,-1,424,NORMAL
PEVT_00698,,ADDITION,FINCABLES,,SYMBOL,424,-1,0,424,ALREADY_ABSENT
PEVT_00697,,ADDITION,ENGINERSIN,,SYMBOL,424,-1,-1,423,NORMAL
PEVT_00696,,ADDITION,ECLERX,,SYMBOL,423,-1,-1,422,NORMAL
PEVT_00695,,DELETION,VARROC,,SYMBOL,422,1,0,422,ALREADY_PRESENT
PEVT_00694,,DELETION,CAPLIPOINT,,SYMBOL,422,1,0,422,ALREADY_PRESENT
PEVT_00693,,DELETION,AFFLE,,SYMBOL,422,1,1,423,NORMAL
PEVT_00686,,DELETION,NSLNISP,,SYMBOL,423,1,1,424,NORMAL
PEVT_00685,,DELETION,ERIS,,SYMBOL,424,1,0,424,ALREADY_PRESENT
PEVT_00684,,DELETION,EDELWEISS,,SYMBOL,424,1,0,424,ALREADY_PRESENT
PEVT_00683,,DELETION,BAJAJELEC,,SYMBOL,424,1,1,425,NORMAL
PEVT_00560,,DELETION,SHOPERSTOP,,SYMBOL,425,1,0,425,ALREADY_PRESENT
PEVT_00559,,DELETION,EQUITAS,,SYMBOL,425,1,0,425,ALREADY_PRESENT
PEVT_00522,,ADDITION,USHAMART,,SYMBOL,425,-1,0,425,ALREADY_ABSENT
PEVT_00521,,ADDITION,SYRMA,,SYMBOL,425,-1,0,425,ALREADY_ABSENT
PEVT_00520,,ADDITION,SAFARI,,SYMBOL,425,-1,0,425,ALREADY_ABSENT
PEVT_00519,,ADDITION,PGHL,,SYMBOL,425,-1,-1,424,NORMAL
PEVT_00518,,ADDITION,KIRLFER,,SYMBOL,424,-1,0,424,ALREADY_ABSENT
PEVT_00517,,ADDITION,JINDALSAW,,SYMBOL,424,-1,-1,423,NORMAL
PEVT_00516,,ADDITION,IRCON,,SYMBOL,423,-1,-1,422,NORMAL
PEVT_00515,,ADDITION,HEG,,SYMBOL,422,-1,-1,421,NORMAL
PEVT_00514,,ADDITION,GPIL,,SYMBOL,421,-1,0,421,ALREADY_ABSENT
PEVT_00513,,ADDITION,GLS,,SYMBOL,421,-1,0,421,ALREADY_ABSENT
PEVT_00512,,ADDITION,GILLETTE,,SYMBOL,421,-1,-1,420,NORMAL
PEVT_00511,,ADDITION,CHAMBLFERT,,SYMBOL,420,-1,-1,419,NORMAL
PEVT_00510,,ADDITION,ALLCARGO,,SYMBOL,419,-1,-1,418,NORMAL
PEVT_00509,,DELETION,TCI,,SYMBOL,418,1,1,419,NORMAL
PEVT_00508,,DELETION,TCIEXP,,SYMBOL,419,1,0,419,ALREADY_PRESENT
PEVT_00507,,DELETION,NOCIL,,SYMBOL,419,1,0,419,ALREADY_PRESENT
PEVT_00506,,DELETION,KENNAMET,,SYMBOL,419,1,0,419,ALREADY_PRESENT
PEVT_00505,,DELETION,NAUKRI,,SYMBOL,419,1,1,420,NORMAL
PEVT_00504,,DELETION,IFBIND,,SYMBOL,420,1,0,420,ALREADY_PRESENT
PEVT_00503,,DELETION,HAL,,SYMBOL,420,1,0,420,ALREADY_PRESENT
PEVT_00502,,DELETION,HGS,,SYMBOL,420,1,0,420,ALREADY_PRESENT
PEVT_00501,,DELETION,GREENPANEL,,SYMBOL,420,1,1,421,NORMAL
PEVT_00500,,DELETION,FINPIPE,,SYMBOL,421,1,1,422,NORMAL
PEVT_00499,,DELETION,BORORENEW,,SYMBOL,422,1,1,423,NORMAL
PEVT_00498,,DELETION,BPCL,,SYMBOL,423,1,0,423,ALREADY_PRESENT
PEVT_00497,,DELETION,BASF,,SYMBOL,423,1,0,423,ALREADY_PRESENT
PEVT_00279,,ADDITION,SCHNEIDER,,SYMBOL,423,-1,-1,422,NORMAL
PEVT_00278,,ADDITION,JSWDULUX,,SYMBOL,422,-1,-1,421,NORMAL
PEVT_00277,,ADDITION,INFY,,SYMBOL,421,-1,-1,420,NORMAL
PEVT_00273,,ADDITION,SANOFI,,SYMBOL,420,-1,-1,419,NORMAL
PEVT_00272,,ADDITION,PEL,,SYMBOL,419,-1,-1,418,NORMAL
PEVT_00271,,ADDITION,NMDC,,SYMBOL,418,-1,-1,417,NORMAL
PEVT_00270,,ADDITION,JMFINANCIL,,SYMBOL,417,-1,0,417,ALREADY_ABSENT
PEVT_00269,,ADDITION,GSPL,,SYMBOL,417,-1,-1,416,NORMAL
PEVT_00268,,ADDITION,BCG,,SYMBOL,416,-1,0,416,ALREADY_ABSENT
PEVT_00267,,DELETION,VTL,,SYMBOL,416,1,0,416,ALREADY_PRESENT
PEVT_00266,,DELETION,TV18BRDCST,,SYMBOL,416,1,0,416,ALREADY_PRESENT
PEVT_00265,,DELETION,SHRIRAMFIN,,SYMBOL,416,1,0,416,ALREADY_PRESENT
PEVT_00264,,DELETION,POLYPLEX,,SYMBOL,416,1,1,417,NORMAL
PEVT_00263,,DELETION,MGL,,SYMBOL,417,1,1,418,NORMAL
PEVT_00262,,DELETION,EIDPARRY,,SYMBOL,418,1,0,418,ALREADY_PRESENT
PEVT_00205,,DELETION,SBICARD,,SYMBOL,418,1,0,418,ALREADY_PRESENT
PEVT_00204,,DELETION,AXISBANK,,SYMBOL,418,1,0,418,ALREADY_PRESENT
PEVT_00203,,DELETION,BOSCHLTD,,SYMBOL,418,1,0,418,ALREADY_PRESENT
PEVT_00202,,DELETION,BATAINDIA,,SYMBOL,418,1,1,419,NORMAL
PEVT_00201,,DELETION,PFC,,SYMBOL,419,1,0,419,ALREADY_PRESENT
PEVT_00200,,DELETION,IBULHSGFIN,,SYMBOL,419,1,1,420,NORMAL
PEVT_00199,,DELETION,GNFC,,SYMBOL,420,1,0,420,ALREADY_PRESENT
PEVT_00198,,DELETION,AWL,,SYMBOL,420,1,1,421,NORMAL
PEVT_00197,,ADDITION,ZOMATO,,SYMBOL,421,-1,0,421,ALREADY_ABSENT
PEVT_00196,,ADDITION,TRENT,,SYMBOL,421,-1,0,421,ALREADY_ABSENT
PEVT_00195,,ADDITION,RVNL,,SYMBOL,421,-1,0,421,ALREADY_ABSENT
PEVT_00194,,ADDITION,PRESTIGE,,SYMBOL,421,-1,-1,420,NORMAL
PEVT_00193,,ADDITION,POLICYBZR,,SYMBOL,420,-1,0,420,ALREADY_ABSENT
PEVT_00192,,ADDITION,PAYTM,,SYMBOL,420,-1,0,420,ALREADY_ABSENT
PEVT_00191,,ADDITION,MCX,,SYMBOL,420,-1,-1,419,NORMAL
PEVT_00190,,ADDITION,KEI,,SYMBOL,419,-1,0,419,ALREADY_ABSENT
PEVT_00189,,ADDITION,BSE,,SYMBOL,419,-1,-1,418,NORMAL
PEVT_00188,,ADDITION,BSOFT,,SYMBOL,418,-1,0,418,ALREADY_ABSENT
PEVT_00187,,ADDITION,AUROPHARMA,,SYMBOL,418,-1,0,418,ALREADY_ABSENT
PEVT_00186,,ADDITION,APARINDS,,SYMBOL,418,-1,0,418,ALREADY_ABSENT
PEVT_00185,,ADDITION,ANGELONE,,SYMBOL,418,-1,0,418,ALREADY_ABSENT
PEVT_00184,,DELETION,TIINDIA,,SYMBOL,418,1,1,419,NORMAL
PEVT_00183,,DELETION,SONATSOFTW,,SYMBOL,419,1,0,419,ALREADY_PRESENT
PEVT_00182,,DELETION,RAYMOND,,SYMBOL,419,1,1,420,NORMAL
PEVT_00181,,DELETION,PNBHOUSING,,SYMBOL,420,1,1,421,NORMAL
PEVT_00180,,DELETION,MRF,,SYMBOL,421,1,0,421,ALREADY_PRESENT
PEVT_00179,,DELETION,JINDALSTEL,,SYMBOL,421,1,1,422,NORMAL
PEVT_00178,,DELETION,FINCABLES,,SYMBOL,422,1,1,423,NORMAL
PEVT_00177,,DELETION,FEDERALBNK,,SYMBOL,423,1,1,424,NORMAL
PEVT_00176,,DELETION,EQUITASBNK,,SYMBOL,424,1,0,424,ALREADY_PRESENT
PEVT_00175,,DELETION,BRITANNIA,,SYMBOL,424,1,0,424,ALREADY_PRESENT
PEVT_00174,,DELETION,BANKINDIA,,SYMBOL,424,1,1,425,NORMAL
PEVT_00173,,DELETION,BANKBARODA,,SYMBOL,425,1,1,426,NORMAL
PEVT_00172,,DELETION,ABCAPITAL,,SYMBOL,426,1,0,426,ALREADY_PRESENT
PEVT_00171,,ADDITION,UPL,,SYMBOL,426,-1,-1,425,NORMAL
PEVT_00170,,ADDITION,SBIN,,SYMBOL,425,-1,-1,424,NORMAL
PEVT_00169,,ADDITION,IDFC,,SYMBOL,424,-1,-1,423,NORMAL
PEVT_00168,,ADDITION,HUDCO,,SYMBOL,423,-1,0,423,ALREADY_ABSENT
PEVT_00167,,ADDITION,EIDPARRY,,SYMBOL,423,-1,-1,422,NORMAL
PEVT_00166,,ADDITION,DEEPAKFERT,,SYMBOL,422,-1,0,422,ALREADY_ABSENT
PEVT_00165,,DELETION,SANOFI,,SYMBOL,422,1,1,423,NORMAL
PEVT_00164,,DELETION,RAIN,,SYMBOL,423,1,0,423,ALREADY_PRESENT
PEVT_00163,,DELETION,JMFINANCIL,,SYMBOL,423,1,1,424,NORMAL
PEVT_00162,,DELETION,HINDZINC,,SYMBOL,424,1,0,424,ALREADY_PRESENT
PEVT_00161,,DELETION,EXIDEIND,,SYMBOL,424,1,1,425,NORMAL
PEVT_00160,,DELETION,AUROPHARMA,,SYMBOL,425,1,1,426,NORMAL
PEVT_00089,,ADDITION,UCOBANK,,SYMBOL,426,-1,-1,425,NORMAL
PEVT_00088,,ADDITION,LEMONTREE,,SYMBOL,425,-1,-1,424,NORMAL
PEVT_00087,,ADDITION,BEML,,SYMBOL,424,-1,-1,423,NORMAL
PEVT_00086,,DELETION,SCI,,SYMBOL,423,1,1,424,NORMAL
PEVT_00085,,DELETION,NIITLTD,,SYMBOL,424,1,1,425,NORMAL
PEVT_00084,,DELETION,ALLCARGO,,SYMBOL,425,1,1,426,NORMAL
PEVT_00069,,ADDITION,NMDC,,SYMBOL,426,-1,0,426,ALREADY_ABSENT
PEVT_00068,,ADDITION,KSB,,SYMBOL,426,-1,-1,425,NORMAL
PEVT_00067,,ADDITION,KFINTECH,,SYMBOL,425,-1,0,425,ALREADY_ABSENT
PEVT_00066,,ADDITION,KENNAMET,,SYMBOL,425,-1,-1,424,NORMAL
PEVT_00065,,ADDITION,INGERRAND,,SYMBOL,424,-1,-1,423,NORMAL
PEVT_00064,,ADDITION,MEDANTA,,SYMBOL,423,-1,0,423,ALREADY_ABSENT
PEVT_00063,,ADDITION,BIKAJI,,SYMBOL,423,-1,0,423,ALREADY_ABSENT
PEVT_00062,,ADDITION,APARINDS,,SYMBOL,423,-1,0,423,ALREADY_ABSENT
PEVT_00061,,DELETION,THYROCARE,,SYMBOL,423,1,0,423,ALREADY_PRESENT
PEVT_00060,,DELETION,TATACOFFEE,,SYMBOL,423,1,0,423,ALREADY_PRESENT
PEVT_00059,,DELETION,SFL,,SYMBOL,423,1,0,423,ALREADY_PRESENT
PEVT_00058,,DELETION,PGHL,,SYMBOL,423,1,1,424,NORMAL
PEVT_00057,,DELETION,INDOCO,,SYMBOL,424,1,0,424,ALREADY_PRESENT
PEVT_00056,,DELETION,BHARATRAS,,SYMBOL,424,1,0,424,ALREADY_PRESENT
PEVT_00055,,DELETION,ASTRAZEN,,SYMBOL,424,1,0,424,ALREADY_PRESENT
PEVT_00002,,DELETION,BDL,,SYMBOL,424,1,1,425,NORMAL
PEVT_00001,,DELETION,TECHNO,,SYMBOL,425,1,1,426,NORMAL
